2026-09-01T01:52:34.593Z [INFO] OAuth OK (TTL 86399 s)
2026-09-01T01:52:34.919Z [INFO] POLL: 5 paid orders (since=start)
2026-09-01T01:52:34.920Z [INFO] === ORDER #1005 (7844887691605) test=true items=1
2026-09-01T01:52:35.085Z [INFO] ITEM SATURN-PLOT-006771: class=S grant=100 wallet=0xD197fEA004F3c6Fd3B7657b2eD32D8eCFA9EE880 (TEST) region=Helene
2026-09-01T01:52:35.085Z [INFO] DRY-RUN SATURN-PLOT-006771: mint(0xD197fEA004F3c6Fd3B7657b2eD32D8eCFA9EE880) → grant 100 COSMO → PDF → email kalosorama@gmail.com (zero transakcji)
2026-09-01T01:52:35.086Z [INFO] === ORDER #1005 DONE (processed[])
2026-09-01T01:52:35.086Z [INFO] === ORDER #1004 (7844800856405) test=true items=2
2026-09-01T01:52:35.270Z [INFO] ITEM MARS-PLOT-001849: class=S grant=100 wallet=0xD197fEA004F3c6Fd3B7657b2eD32D8eCFA9EE880 (TEST) region=Arabia
2026-09-01T01:52:35.270Z [INFO] DRY-RUN MARS-PLOT-001849: mint(0xD197fEA004F3c6Fd3B7657b2eD32D8eCFA9EE880) → grant 100 COSMO → PDF → email kalosorama@gmail.com (zero transakcji)
2026-09-01T01:52:35.467Z [INFO] ITEM URANUS-PLOT-003696: class=S grant=100 wallet=0xD197fEA004F3c6Fd3B7657b2eD32D8eCFA9EE880 (TEST) region=Ophelia
2026-09-01T01:52:35.468Z [INFO] DRY-RUN URANUS-PLOT-003696: mint(0xD197fEA004F3c6Fd3B7657b2eD32D8eCFA9EE880) → grant 100 COSMO → PDF → email kalosorama@gmail.com (zero transakcji)
2026-09-01T01:52:35.468Z [INFO] === ORDER #1004 DONE (processed[])
2026-09-01T01:52:35.469Z [INFO] === ORDER #1003 (7830447620437) test=false items=1
2026-09-01T01:52:35.624Z [INFO] ITEM MARS-PLOT-000001: class=S grant=100 wallet=0xD197fEA004F3c6Fd3B7657b2eD32D8eCFA9EE880 (TEST) region=Acidalia
2026-09-01T01:52:35.624Z [INFO] DRY-RUN MARS-PLOT-000001: mint(0xD197fEA004F3c6Fd3B7657b2eD32D8eCFA9EE880) → grant 100 COSMO → PDF → email kalosorama@gmail.com (zero transakcji)
2026-09-01T01:52:35.625Z [INFO] === ORDER #1003 DONE (processed[])
2026-09-01T01:52:35.625Z [INFO] === ORDER #1002 (7522423144789) test=true items=1
2026-09-01T01:52:35.699Z [ERROR] ORDER #1002: Nie umiem ustalić klasy dla SKU TEST-001 (order 7522423144789) — pozostaje w kolejce (MT-12)
2026-09-01T01:52:35.699Z [INFO] === ORDER #1001 (7520723304789) test=true items=1
2026-09-01T01:52:35.771Z [ERROR] ORDER #1001: Nie umiem ustalić klasy dla SKU TEST-001 (order 7520723304789) — pozostaje w kolejce (MT-12)
2026-09-01T02:11:32.219Z [INFO] Gas treasury: 0.1978 ETH
2026-09-01T02:11:32.220Z [INFO] 🚀 Cosmic Lands Orchestrator v1 start (mode=test, mail=kalosorama@gmail.com, dry_run=false)
2026-09-01T02:11:32.530Z [INFO] OAuth OK (TTL 86399 s)
2026-09-01T02:11:32.965Z [INFO] POLL: 18 paid orders (since=start)
2026-09-01T02:11:32.965Z [INFO] === ORDER #1018 (7845027873109) test=false items=1
2026-09-01T02:11:33.151Z [INFO] ITEM PLUTO-PLOT-007386: class=S grant=100 wallet=0xD197fEA004F3c6Fd3B7657b2eD32D8eCFA9EE880 (DIRECT_WALLET) region=Veles
2026-09-01T02:11:33.654Z [INFO] RUN mint PLUTO-PLOT-007386 → 0xD197fEA004F3c6Fd3B7657b2eD32D8eCFA9EE880: node scripts/mint-test.mjs 
2026-09-01T02:11:39.472Z [INFO]   | [mint] base-sepolia deed=0xeB503fEC1a553d6d8E85cC4d9E4c7B04ceb664C4 plot=PLUTO-PLOT-007386 -> 0xD197fEA004F3c6Fd3B7657b2eD32D8eCFA9EE880
2026-09-01T02:11:39.473Z [INFO]   | ✅ minted tokenId, tx=0x6a3c959101fc09adb127999a81df4c1cb9437c14887116385e90d4f453d3a828
2026-09-01T02:11:39.473Z [INFO]   |    Explorer: https://sepolia.basescan.org/tx/0x6a3c959101fc09adb127999a81df4c1cb9437c14887116385e90d4f453d3a828
2026-09-01T02:11:39.473Z [INFO]   |    ownerOf(2123) = 0xD197fEA004F3c6Fd3B7657b2eD32D8eCFA9EE880
2026-09-01T02:11:39.473Z [INFO]   |    tokenURI = ipfs://2123
2026-09-01T02:11:39.474Z [INFO] MINT OK PLUTO-PLOT-007386 → 0xD197fEA004F3c6Fd3B7657b2eD32D8eCFA9EE880 tx=0x6a3c959101fc09adb127999a81df4c1cb9437c14887116385e90d4f453d3a828
2026-09-01T02:11:39.475Z [INFO] RUN grant 100 → 0xD197fEA004F3c6Fd3B7657b2eD32D8eCFA9EE880: node scripts/grant-cosmo.mjs --to 0xD197fEA004F3c6Fd3B7657b2eD32D8eCFA9EE880 --amount 100
2026-09-01T02:11:40.956Z [INFO]   | GRANT_OK tx=0x5b966473b9fd448d9682ea00ef1d895165a3f2dc42b685b2bf69afbe8bf375a5 amount=100 to=0xD197fEA004F3c6Fd3B7657b2eD32D8eCFA9EE880 block=46230207
2026-09-01T02:11:40.956Z [INFO] GRANT OK 100 COSMO → 0xD197fEA004F3c6Fd3B7657b2eD32D8eCFA9EE880 tx=0x5b966473b9fd448d9682ea00ef1d895165a3f2dc42b685b2bf69afbe8bf375a5
2026-09-01T02:11:40.957Z [INFO] RUN pdf PLUTO-PLOT-007386: node scripts/generate-certificate-v3.mjs --planet pluto --plot PLUTO-PLOT-007386 --owner Kalosorama --class S --region Veles --coords — --area 0.5 ha --price 50 EUR --cosmo 100 --cert CL-TEST-7845027873109 --token-id 0 --tx 0x6a3c959101fc09adb127999a81df4c1cb9437c14887116385e90d4f453d3a828 --out /opt/data/workspace/cosmiclands-nft/test-output/PLUTO-PLOT-007386-7845027873109.pdf
2026-09-01T02:11:41.482Z [INFO]   | ✅ PLUTO-PLOT-007386-7845027873109.pdf (PLUTO premium, QR → https://map.cosmiclands.space/?plot=PLUTO-PLOT-007386)
2026-09-01T02:11:41.483Z [INFO] PDF OK /opt/data/workspace/cosmiclands-nft/test-output/PLUTO-PLOT-007386-7845027873109.pdf
2026-09-01T02:11:41.484Z [INFO] RUN email PLUTO-PLOT-007386 → kalosorama@gmail.com: node scripts/send-email.mjs --to kalosorama@gmail.com --plot PLUTO-PLOT-007386 --pdf /opt/data/workspace/cosmiclands-nft/test-output/PLUTO-PLOT-007386-7845027873109.pdf
2026-09-01T02:11:45.267Z [ERROR] [RETRY 1/3] email: Command failed: /usr/local/bin/node /opt/data/workspace/cosmiclands-nft/scripts/send-email.mjs --to kalosorama@gmail.com --plot PLUTO-PLOT-007386 --pdf /opt/data/workspace/cosmiclands-nft/test-output/PLUTO-PLOT-007386-7845027873109.pdf
/opt/data/workspace/cosmiclands-nft/node_modules/nodemailer/lib/smtp-connection/index.js:938
            err = new Error(message);
                  ^

Error: Invalid login: 535 5.7.8 Error: authentication failed: (reason unavailable)
    at SMTPConnection._formatError (/opt/data/workspace/cosmiclands-nft/node_modules/nodemailer/lib/smtp-connection/index.js:938:19)
    at SMTPConnection._actionAUTHComplete (/opt/data/workspace/cosmiclands-nft/node_modules/nodemailer/lib/smtp-connection/index.js:1784:34)
    at SMTPConnection.<anonymous> (/opt/data/workspace/cosmiclands-nft/node_modules/nodemailer/lib/smtp-connection/index.js:669:26)
    at SMTPConnection._processResponse (/opt/data/workspace/cosmiclands-nft/node_modules/nodemailer/lib/smtp-connection/index.js:1150:20)
    at SMTPConnection._onData (/opt/data/workspace/cosmiclands-nft/node_modules/nodemailer/lib/smtp-connection/index.js:898:14)
    at SMTPConnection._onSocketData (/opt/data/workspace/cosmiclands-nft/node_modules/nodemailer/lib/smtp-connection/index.js:224:44)
    at TLSSocket.emit (node:events:509:20)
    at addChunk (node:internal/streams/readable:568:12)
    at readableAddChunkPushByteMode (node:internal/streams/readable:519:3)
    at Readable.push (node:internal/streams/readable:399:5) {
  code: 'EAUTH',
  response: '535 5.7.8 Error: authentication failed: (reason unavailable)',
  responseCode: 535,
  command: 'AUTH PLAIN'
}

Node.js v26.5.1

2026-09-01T02:11:50.268Z [INFO] RUN email PLUTO-PLOT-007386 → kalosorama@gmail.com: node scripts/send-email.mjs --to kalosorama@gmail.com --plot PLUTO-PLOT-007386 --pdf /opt/data/workspace/cosmiclands-nft/test-output/PLUTO-PLOT-007386-7845027873109.pdf
2026-09-01T02:11:54.143Z [ERROR] [RETRY 2/3] email: Command failed: /usr/local/bin/node /opt/data/workspace/cosmiclands-nft/scripts/send-email.mjs --to kalosorama@gmail.com --plot PLUTO-PLOT-007386 --pdf /opt/data/workspace/cosmiclands-nft/test-output/PLUTO-PLOT-007386-7845027873109.pdf
/opt/data/workspace/cosmiclands-nft/node_modules/nodemailer/lib/smtp-connection/index.js:938
            err = new Error(message);
                  ^

Error: Invalid login: 535 5.7.8 Error: authentication failed: (reason unavailable)
    at SMTPConnection._formatError (/opt/data/workspace/cosmiclands-nft/node_modules/nodemailer/lib/smtp-connection/index.js:938:19)
    at SMTPConnection._actionAUTHComplete (/opt/data/workspace/cosmiclands-nft/node_modules/nodemailer/lib/smtp-connection/index.js:1784:34)
    at SMTPConnection.<anonymous> (/opt/data/workspace/cosmiclands-nft/node_modules/nodemailer/lib/smtp-connection/index.js:669:26)
    at SMTPConnection._processResponse (/opt/data/workspace/cosmiclands-nft/node_modules/nodemailer/lib/smtp-connection/index.js:1150:20)
    at SMTPConnection._onData (/opt/data/workspace/cosmiclands-nft/node_modules/nodemailer/lib/smtp-connection/index.js:898:14)
    at SMTPConnection._onSocketData (/opt/data/workspace/cosmiclands-nft/node_modules/nodemailer/lib/smtp-connection/index.js:224:44)
    at TLSSocket.emit (node:events:509:20)
    at addChunk (node:internal/streams/readable:568:12)
    at readableAddChunkPushByteMode (node:internal/streams/readable:519:3)
    at Readable.push (node:internal/streams/readable:399:5) {
  code: 'EAUTH',
  response: '535 5.7.8 Error: authentication failed: (reason unavailable)',
  responseCode: 535,
  command: 'AUTH PLAIN'
}

Node.js v26.5.1

2026-09-01T02:12:04.144Z [INFO] RUN email PLUTO-PLOT-007386 → kalosorama@gmail.com: node scripts/send-email.mjs --to kalosorama@gmail.com --plot PLUTO-PLOT-007386 --pdf /opt/data/workspace/cosmiclands-nft/test-output/PLUTO-PLOT-007386-7845027873109.pdf
2026-09-01T02:12:07.698Z [ERROR] [RETRY 3/3] email: Command failed: /usr/local/bin/node /opt/data/workspace/cosmiclands-nft/scripts/send-email.mjs --to kalosorama@gmail.com --plot PLUTO-PLOT-007386 --pdf /opt/data/workspace/cosmiclands-nft/test-output/PLUTO-PLOT-007386-7845027873109.pdf
/opt/data/workspace/cosmiclands-nft/node_modules/nodemailer/lib/smtp-connection/index.js:938
            err = new Error(message);
                  ^

Error: Invalid login: 535 5.7.8 Error: authentication failed: (reason unavailable)
    at SMTPConnection._formatError (/opt/data/workspace/cosmiclands-nft/node_modules/nodemailer/lib/smtp-connection/index.js:938:19)
    at SMTPConnection._actionAUTHComplete (/opt/data/workspace/cosmiclands-nft/node_modules/nodemailer/lib/smtp-connection/index.js:1784:34)
    at SMTPConnection.<anonymous> (/opt/data/workspace/cosmiclands-nft/node_modules/nodemailer/lib/smtp-connection/index.js:669:26)
    at SMTPConnection._processResponse (/opt/data/workspace/cosmiclands-nft/node_modules/nodemailer/lib/smtp-connection/index.js:1150:20)
    at SMTPConnection._onData (/opt/data/workspace/cosmiclands-nft/node_modules/nodemailer/lib/smtp-connection/index.js:898:14)
    at SMTPConnection._onSocketData (/opt/data/workspace/cosmiclands-nft/node_modules/nodemailer/lib/smtp-connection/index.js:224:44)
    at TLSSocket.emit (node:events:509:20)
    at addChunk (node:internal/streams/readable:568:12)
    at readableAddChunkPushByteMode (node:internal/streams/readable:519:3)
    at Readable.push (node:internal/streams/readable:399:5) {
  code: 'EAUTH',
  response: '535 5.7.8 Error: authentication failed: (reason unavailable)',
  responseCode: 535,
  command: 'AUTH PLAIN'
}

Node.js v26.5.1

2026-09-01T02:12:07.698Z [ERROR] ORDER #1018: Command failed: /usr/local/bin/node /opt/data/workspace/cosmiclands-nft/scripts/send-email.mjs --to kalosorama@gmail.com --plot PLUTO-PLOT-007386 --pdf /opt/data/workspace/cosmiclands-nft/test-output/PLUTO-PLOT-007386-7845027873109.pdf
/opt/data/workspace/cosmiclands-nft/node_modules/nodemailer/lib/smtp-connection/index.js:938
            err = new Error(message);
                  ^

Error: Invalid login: 535 5.7.8 Error: authentication failed: (reason unavailable)
    at SMTPConnection._formatError (/opt/data/workspace/cosmiclands-nft/node_modules/nodemailer/lib/smtp-connection/index.js:938:19)
    at SMTPConnection._actionAUTHComplete (/opt/data/workspace/cosmiclands-nft/node_modules/nodemailer/lib/smtp-connection/index.js:1784:34)
    at SMTPConnection.<anonymous> (/opt/data/workspace/cosmiclands-nft/node_modules/nodemailer/lib/smtp-connection/index.js:669:26)
    at SMTPConnection._processResponse (/opt/data/workspace/cosmiclands-nft/node_modules/nodemailer/lib/smtp-connection/index.js:1150:20)
    at SMTPConnection._onData (/opt/data/workspace/cosmiclands-nft/node_modules/nodemailer/lib/smtp-connection/index.js:898:14)
    at SMTPConnection._onSocketData (/opt/data/workspace/cosmiclands-nft/node_modules/nodemailer/lib/smtp-connection/index.js:224:44)
    at TLSSocket.emit (node:events:509:20)
    at addChunk (node:internal/streams/readable:568:12)
    at readableAddChunkPushByteMode (node:internal/streams/readable:519:3)
    at Readable.push (node:internal/streams/readable:399:5) {
  code: 'EAUTH',
  response: '535 5.7.8 Error: authentication failed: (reason unavailable)',
  responseCode: 535,
  command: 'AUTH PLAIN'
}

Node.js v26.5.1
 — pozostaje w kolejce (MT-12)
2026-09-01T02:12:07.699Z [INFO] === ORDER #1017 (7845027774805) test=false items=1
2026-09-01T02:12:07.892Z [INFO] ITEM PLUTO-PLOT-007325: class=XL grant=2700 wallet=0xD197fEA004F3c6Fd3B7657b2eD32D8eCFA9EE880 (DIRECT_WALLET) region=Meng-Po
2026-09-01T02:12:08.168Z [INFO] RUN mint PLUTO-PLOT-007325 → 0xD197fEA004F3c6Fd3B7657b2eD32D8eCFA9EE880: node scripts/mint-test.mjs 
2026-09-01T02:12:09.801Z [INFO]   | [mint] base-sepolia deed=0xeB503fEC1a553d6d8E85cC4d9E4c7B04ceb664C4 plot=PLUTO-PLOT-007325 -> 0xD197fEA004F3c6Fd3B7657b2eD32D8eCFA9EE880
2026-09-01T02:12:09.802Z [INFO]   | ✅ minted tokenId, tx=0x497b2dd8b3b26e1e1d154c98e9903c516f4fa5771b9f0847798c81466d33f1ec
2026-09-01T02:12:09.802Z [INFO]   |    Explorer: https://sepolia.basescan.org/tx/0x497b2dd8b3b26e1e1d154c98e9903c516f4fa5771b9f0847798c81466d33f1ec
2026-09-01T02:12:09.802Z [INFO]   |    ownerOf(2123) = 0xD197fEA004F3c6Fd3B7657b2eD32D8eCFA9EE880
2026-09-01T02:12:09.802Z [INFO]   |    tokenURI = ipfs://2123
2026-09-01T02:12:09.802Z [INFO] MINT OK PLUTO-PLOT-007325 → 0xD197fEA004F3c6Fd3B7657b2eD32D8eCFA9EE880 tx=0x497b2dd8b3b26e1e1d154c98e9903c516f4fa5771b9f0847798c81466d33f1ec
2026-09-01T02:12:09.803Z [INFO] RUN grant 2700 → 0xD197fEA004F3c6Fd3B7657b2eD32D8eCFA9EE880: node scripts/grant-cosmo.mjs --to 0xD197fEA004F3c6Fd3B7657b2eD32D8eCFA9EE880 --amount 2700
2026-09-01T02:12:15.422Z [INFO]   | GRANT_OK tx=0x8e7964e726e964dddb235990588d6efa964ee00328225e235b0600996fd69e2b amount=2700 to=0xD197fEA004F3c6Fd3B7657b2eD32D8eCFA9EE880 block=46230222
2026-09-01T02:12:15.423Z [INFO] GRANT OK 2700 COSMO → 0xD197fEA004F3c6Fd3B7657b2eD32D8eCFA9EE880 tx=0x8e7964e726e964dddb235990588d6efa964ee00328225e235b0600996fd69e2b
2026-09-01T02:12:15.423Z [INFO] RUN pdf PLUTO-PLOT-007325: node scripts/generate-certificate-v3.mjs --planet pluto --plot PLUTO-PLOT-007325 --owner Kalosorama --class XL --region Meng-Po --coords — --area 13.5 ha --price 999 EUR --cosmo 2700 --cert CL-TEST-7845027774805 --token-id 0 --tx 0x497b2dd8b3b26e1e1d154c98e9903c516f4fa5771b9f0847798c81466d33f1ec --out /opt/data/workspace/cosmiclands-nft/test-output/PLUTO-PLOT-007325-7845027774805.pdf
2026-09-01T02:12:15.779Z [INFO]   | ✅ PLUTO-PLOT-007325-7845027774805.pdf (PLUTO premium, QR → https://map.cosmiclands.space/?plot=PLUTO-PLOT-007325)
2026-09-01T02:12:15.779Z [INFO] PDF OK /opt/data/workspace/cosmiclands-nft/test-output/PLUTO-PLOT-007325-7845027774805.pdf
2026-09-01T02:12:15.780Z [INFO] RUN email PLUTO-PLOT-007325 → kalosorama@gmail.com: node scripts/send-email.mjs --to kalosorama@gmail.com --plot PLUTO-PLOT-007325 --pdf /opt/data/workspace/cosmiclands-nft/test-output/PLUTO-PLOT-007325-7845027774805.pdf
2026-09-01T02:12:19.759Z [ERROR] [RETRY 1/3] email: Command failed: /usr/local/bin/node /opt/data/workspace/cosmiclands-nft/scripts/send-email.mjs --to kalosorama@gmail.com --plot PLUTO-PLOT-007325 --pdf /opt/data/workspace/cosmiclands-nft/test-output/PLUTO-PLOT-007325-7845027774805.pdf
/opt/data/workspace/cosmiclands-nft/node_modules/nodemailer/lib/smtp-connection/index.js:938
            err = new Error(message);
                  ^

Error: Invalid login: 535 5.7.8 Error: authentication failed: (reason unavailable)
    at SMTPConnection._formatError (/opt/data/workspace/cosmiclands-nft/node_modules/nodemailer/lib/smtp-connection/index.js:938:19)
    at SMTPConnection._actionAUTHComplete (/opt/data/workspace/cosmiclands-nft/node_modules/nodemailer/lib/smtp-connection/index.js:1784:34)
    at SMTPConnection.<anonymous> (/opt/data/workspace/cosmiclands-nft/node_modules/nodemailer/lib/smtp-connection/index.js:669:26)
    at SMTPConnection._processResponse (/opt/data/workspace/cosmiclands-nft/node_modules/nodemailer/lib/smtp-connection/index.js:1150:20)
    at SMTPConnection._onData (/opt/data/workspace/cosmiclands-nft/node_modules/nodemailer/lib/smtp-connection/index.js:898:14)
    at SMTPConnection._onSocketData (/opt/data/workspace/cosmiclands-nft/node_modules/nodemailer/lib/smtp-connection/index.js:224:44)
    at TLSSocket.emit (node:events:509:20)
    at addChunk (node:internal/streams/readable:568:12)
    at readableAddChunkPushByteMode (node:internal/streams/readable:519:3)
    at Readable.push (node:internal/streams/readable:399:5) {
  code: 'EAUTH',
  response: '535 5.7.8 Error: authentication failed: (reason unavailable)',
  responseCode: 535,
  command: 'AUTH PLAIN'
}

Node.js v26.5.1

2026-09-01T02:12:24.760Z [INFO] RUN email PLUTO-PLOT-007325 → kalosorama@gmail.com: node scripts/send-email.mjs --to kalosorama@gmail.com --plot PLUTO-PLOT-007325 --pdf /opt/data/workspace/cosmiclands-nft/test-output/PLUTO-PLOT-007325-7845027774805.pdf
2026-09-01T02:12:28.131Z [ERROR] [RETRY 2/3] email: Command failed: /usr/local/bin/node /opt/data/workspace/cosmiclands-nft/scripts/send-email.mjs --to kalosorama@gmail.com --plot PLUTO-PLOT-007325 --pdf /opt/data/workspace/cosmiclands-nft/test-output/PLUTO-PLOT-007325-7845027774805.pdf
/opt/data/workspace/cosmiclands-nft/node_modules/nodemailer/lib/smtp-connection/index.js:938
            err = new Error(message);
                  ^

Error: Invalid login: 535 5.7.8 Error: authentication failed: (reason unavailable)
    at SMTPConnection._formatError (/opt/data/workspace/cosmiclands-nft/node_modules/nodemailer/lib/smtp-connection/index.js:938:19)
    at SMTPConnection._actionAUTHComplete (/opt/data/workspace/cosmiclands-nft/node_modules/nodemailer/lib/smtp-connection/index.js:1784:34)
    at SMTPConnection.<anonymous> (/opt/data/workspace/cosmiclands-nft/node_modules/nodemailer/lib/smtp-connection/index.js:669:26)
    at SMTPConnection._processResponse (/opt/data/workspace/cosmiclands-nft/node_modules/nodemailer/lib/smtp-connection/index.js:1150:20)
    at SMTPConnection._onData (/opt/data/workspace/cosmiclands-nft/node_modules/nodemailer/lib/smtp-connection/index.js:898:14)
    at SMTPConnection._onSocketData (/opt/data/workspace/cosmiclands-nft/node_modules/nodemailer/lib/smtp-connection/index.js:224:44)
    at TLSSocket.emit (node:events:509:20)
    at addChunk (node:internal/streams/readable:568:12)
    at readableAddChunkPushByteMode (node:internal/streams/readable:519:3)
    at Readable.push (node:internal/streams/readable:399:5) {
  code: 'EAUTH',
  response: '535 5.7.8 Error: authentication failed: (reason unavailable)',
  responseCode: 535,
  command: 'AUTH PLAIN'
}

Node.js v26.5.1

2026-09-01T02:12:38.132Z [INFO] RUN email PLUTO-PLOT-007325 → kalosorama@gmail.com: node scripts/send-email.mjs --to kalosorama@gmail.com --plot PLUTO-PLOT-007325 --pdf /opt/data/workspace/cosmiclands-nft/test-output/PLUTO-PLOT-007325-7845027774805.pdf
2026-09-01T02:12:42.061Z [ERROR] [RETRY 3/3] email: Command failed: /usr/local/bin/node /opt/data/workspace/cosmiclands-nft/scripts/send-email.mjs --to kalosorama@gmail.com --plot PLUTO-PLOT-007325 --pdf /opt/data/workspace/cosmiclands-nft/test-output/PLUTO-PLOT-007325-7845027774805.pdf
/opt/data/workspace/cosmiclands-nft/node_modules/nodemailer/lib/smtp-connection/index.js:938
            err = new Error(message);
                  ^

Error: Invalid login: 535 5.7.8 Error: authentication failed: (reason unavailable)
    at SMTPConnection._formatError (/opt/data/workspace/cosmiclands-nft/node_modules/nodemailer/lib/smtp-connection/index.js:938:19)
    at SMTPConnection._actionAUTHComplete (/opt/data/workspace/cosmiclands-nft/node_modules/nodemailer/lib/smtp-connection/index.js:1784:34)
    at SMTPConnection.<anonymous> (/opt/data/workspace/cosmiclands-nft/node_modules/nodemailer/lib/smtp-connection/index.js:669:26)
    at SMTPConnection._processResponse (/opt/data/workspace/cosmiclands-nft/node_modules/nodemailer/lib/smtp-connection/index.js:1150:20)
    at SMTPConnection._onData (/opt/data/workspace/cosmiclands-nft/node_modules/nodemailer/lib/smtp-connection/index.js:898:14)
    at SMTPConnection._onSocketData (/opt/data/workspace/cosmiclands-nft/node_modules/nodemailer/lib/smtp-connection/index.js:224:44)
    at TLSSocket.emit (node:events:509:20)
    at addChunk (node:internal/streams/readable:568:12)
    at readableAddChunkPushByteMode (node:internal/streams/readable:519:3)
    at Readable.push (node:internal/streams/readable:399:5) {
  code: 'EAUTH',
  response: '535 5.7.8 Error: authentication failed: (reason unavailable)',
  responseCode: 535,
  command: 'AUTH PLAIN'
}

Node.js v26.5.1

2026-09-01T02:12:42.062Z [ERROR] ORDER #1017: Command failed: /usr/local/bin/node /opt/data/workspace/cosmiclands-nft/scripts/send-email.mjs --to kalosorama@gmail.com --plot PLUTO-PLOT-007325 --pdf /opt/data/workspace/cosmiclands-nft/test-output/PLUTO-PLOT-007325-7845027774805.pdf
/opt/data/workspace/cosmiclands-nft/node_modules/nodemailer/lib/smtp-connection/index.js:938
            err = new Error(message);
                  ^

Error: Invalid login: 535 5.7.8 Error: authentication failed: (reason unavailable)
    at SMTPConnection._formatError (/opt/data/workspace/cosmiclands-nft/node_modules/nodemailer/lib/smtp-connection/index.js:938:19)
    at SMTPConnection._actionAUTHComplete (/opt/data/workspace/cosmiclands-nft/node_modules/nodemailer/lib/smtp-connection/index.js:1784:34)
    at SMTPConnection.<anonymous> (/opt/data/workspace/cosmiclands-nft/node_modules/nodemailer/lib/smtp-connection/index.js:669:26)
    at SMTPConnection._processResponse (/opt/data/workspace/cosmiclands-nft/node_modules/nodemailer/lib/smtp-connection/index.js:1150:20)
    at SMTPConnection._onData (/opt/data/workspace/cosmiclands-nft/node_modules/nodemailer/lib/smtp-connection/index.js:898:14)
    at SMTPConnection._onSocketData (/opt/data/workspace/cosmiclands-nft/node_modules/nodemailer/lib/smtp-connection/index.js:224:44)
    at TLSSocket.emit (node:events:509:20)
    at addChunk (node:internal/streams/readable:568:12)
    at readableAddChunkPushByteMode (node:internal/streams/readable:519:3)
    at Readable.push (node:internal/streams/readable:399:5) {
  code: 'EAUTH',
  response: '535 5.7.8 Error: authentication failed: (reason unavailable)',
  responseCode: 535,
  command: 'AUTH PLAIN'
}

Node.js v26.5.1
 — pozostaje w kolejce (MT-12)
2026-09-01T02:12:42.062Z [INFO] === ORDER #1016 (7845027742037) test=false items=1
2026-09-01T02:12:42.247Z [INFO] ITEM PLUTO-PLOT-006587: class=L grant=900 wallet=0xD197fEA004F3c6Fd3B7657b2eD32D8eCFA9EE880 (DIRECT_WALLET) region=Sleipnir
2026-09-01T02:12:42.476Z [INFO] RUN mint PLUTO-PLOT-006587 → 0xD197fEA004F3c6Fd3B7657b2eD32D8eCFA9EE880: node scripts/mint-test.mjs 
2026-09-01T02:12:48.185Z [INFO]   | [mint] base-sepolia deed=0xeB503fEC1a553d6d8E85cC4d9E4c7B04ceb664C4 plot=PLUTO-PLOT-006587 -> 0xD197fEA004F3c6Fd3B7657b2eD32D8eCFA9EE880
2026-09-01T02:12:48.185Z [INFO]   | ✅ minted tokenId, tx=0x0df893c50cbabb45354b719795b7923ac56f36f28e82e918e688b84da01380da
2026-09-01T02:12:48.185Z [INFO]   |    Explorer: https://sepolia.basescan.org/tx/0x0df893c50cbabb45354b719795b7923ac56f36f28e82e918e688b84da01380da
2026-09-01T02:12:48.185Z [INFO]   |    ownerOf(2125) = 0xD197fEA004F3c6Fd3B7657b2eD32D8eCFA9EE880
2026-09-01T02:12:48.185Z [INFO]   |    tokenURI = ipfs://2125
2026-09-01T02:12:48.186Z [INFO] MINT OK PLUTO-PLOT-006587 → 0xD197fEA004F3c6Fd3B7657b2eD32D8eCFA9EE880 tx=0x0df893c50cbabb45354b719795b7923ac56f36f28e82e918e688b84da01380da
2026-09-01T02:12:48.186Z [INFO] RUN grant 900 → 0xD197fEA004F3c6Fd3B7657b2eD32D8eCFA9EE880: node scripts/grant-cosmo.mjs --to 0xD197fEA004F3c6Fd3B7657b2eD32D8eCFA9EE880 --amount 900
2026-09-01T02:12:53.768Z [INFO]   | GRANT_OK tx=0xcdf66f2252654d379bfae5f47f4ff7f1e223a6ca5401a85d0bd3baa1933e7d66 amount=900 to=0xD197fEA004F3c6Fd3B7657b2eD32D8eCFA9EE880 block=46230241
2026-09-01T02:12:53.768Z [INFO] GRANT OK 900 COSMO → 0xD197fEA004F3c6Fd3B7657b2eD32D8eCFA9EE880 tx=0xcdf66f2252654d379bfae5f47f4ff7f1e223a6ca5401a85d0bd3baa1933e7d66
2026-09-01T02:12:53.769Z [INFO] RUN pdf PLUTO-PLOT-006587: node scripts/generate-certificate-v3.mjs --planet pluto --plot PLUTO-PLOT-006587 --owner Kalosorama --class L --region Sleipnir --coords — --area 4.5 ha --price 369 EUR --cosmo 900 --cert CL-TEST-7845027742037 --token-id 0 --tx 0x0df893c50cbabb45354b719795b7923ac56f36f28e82e918e688b84da01380da --out /opt/data/workspace/cosmiclands-nft/test-output/PLUTO-PLOT-006587-7845027742037.pdf
2026-09-01T02:12:54.125Z [INFO]   | ✅ PLUTO-PLOT-006587-7845027742037.pdf (PLUTO premium, QR → https://map.cosmiclands.space/?plot=PLUTO-PLOT-006587)
2026-09-01T02:12:54.125Z [INFO] PDF OK /opt/data/workspace/cosmiclands-nft/test-output/PLUTO-PLOT-006587-7845027742037.pdf
2026-09-01T02:12:54.126Z [INFO] RUN email PLUTO-PLOT-006587 → kalosorama@gmail.com: node scripts/send-email.mjs --to kalosorama@gmail.com --plot PLUTO-PLOT-006587 --pdf /opt/data/workspace/cosmiclands-nft/test-output/PLUTO-PLOT-006587-7845027742037.pdf
2026-09-01T02:12:57.574Z [ERROR] [RETRY 1/3] email: Command failed: /usr/local/bin/node /opt/data/workspace/cosmiclands-nft/scripts/send-email.mjs --to kalosorama@gmail.com --plot PLUTO-PLOT-006587 --pdf /opt/data/workspace/cosmiclands-nft/test-output/PLUTO-PLOT-006587-7845027742037.pdf
/opt/data/workspace/cosmiclands-nft/node_modules/nodemailer/lib/smtp-connection/index.js:938
            err = new Error(message);
                  ^

Error: Invalid login: 535 5.7.8 Error: authentication failed: (reason unavailable)
    at SMTPConnection._formatError (/opt/data/workspace/cosmiclands-nft/node_modules/nodemailer/lib/smtp-connection/index.js:938:19)
    at SMTPConnection._actionAUTHComplete (/opt/data/workspace/cosmiclands-nft/node_modules/nodemailer/lib/smtp-connection/index.js:1784:34)
    at SMTPConnection.<anonymous> (/opt/data/workspace/cosmiclands-nft/node_modules/nodemailer/lib/smtp-connection/index.js:669:26)
    at SMTPConnection._processResponse (/opt/data/workspace/cosmiclands-nft/node_modules/nodemailer/lib/smtp-connection/index.js:1150:20)
    at SMTPConnection._onData (/opt/data/workspace/cosmiclands-nft/node_modules/nodemailer/lib/smtp-connection/index.js:898:14)
    at SMTPConnection._onSocketData (/opt/data/workspace/cosmiclands-nft/node_modules/nodemailer/lib/smtp-connection/index.js:224:44)
    at TLSSocket.emit (node:events:509:20)
    at addChunk (node:internal/streams/readable:568:12)
    at readableAddChunkPushByteMode (node:internal/streams/readable:519:3)
    at Readable.push (node:internal/streams/readable:399:5) {
  code: 'EAUTH',
  response: '535 5.7.8 Error: authentication failed: (reason unavailable)',
  responseCode: 535,
  command: 'AUTH PLAIN'
}

Node.js v26.5.1

2026-09-01T02:13:02.575Z [INFO] RUN email PLUTO-PLOT-006587 → kalosorama@gmail.com: node scripts/send-email.mjs --to kalosorama@gmail.com --plot PLUTO-PLOT-006587 --pdf /opt/data/workspace/cosmiclands-nft/test-output/PLUTO-PLOT-006587-7845027742037.pdf
2026-09-01T02:13:06.106Z [ERROR] [RETRY 2/3] email: Command failed: /usr/local/bin/node /opt/data/workspace/cosmiclands-nft/scripts/send-email.mjs --to kalosorama@gmail.com --plot PLUTO-PLOT-006587 --pdf /opt/data/workspace/cosmiclands-nft/test-output/PLUTO-PLOT-006587-7845027742037.pdf
/opt/data/workspace/cosmiclands-nft/node_modules/nodemailer/lib/smtp-connection/index.js:938
            err = new Error(message);
                  ^

Error: Invalid login: 535 5.7.8 Error: authentication failed: (reason unavailable)
    at SMTPConnection._formatError (/opt/data/workspace/cosmiclands-nft/node_modules/nodemailer/lib/smtp-connection/index.js:938:19)
    at SMTPConnection._actionAUTHComplete (/opt/data/workspace/cosmiclands-nft/node_modules/nodemailer/lib/smtp-connection/index.js:1784:34)
    at SMTPConnection.<anonymous> (/opt/data/workspace/cosmiclands-nft/node_modules/nodemailer/lib/smtp-connection/index.js:669:26)
    at SMTPConnection._processResponse (/opt/data/workspace/cosmiclands-nft/node_modules/nodemailer/lib/smtp-connection/index.js:1150:20)
    at SMTPConnection._onData (/opt/data/workspace/cosmiclands-nft/node_modules/nodemailer/lib/smtp-connection/index.js:898:14)
    at SMTPConnection._onSocketData (/opt/data/workspace/cosmiclands-nft/node_modules/nodemailer/lib/smtp-connection/index.js:224:44)
    at TLSSocket.emit (node:events:509:20)
    at addChunk (node:internal/streams/readable:568:12)
    at readableAddChunkPushByteMode (node:internal/streams/readable:519:3)
    at Readable.push (node:internal/streams/readable:399:5) {
  code: 'EAUTH',
  response: '535 5.7.8 Error: authentication failed: (reason unavailable)',
  responseCode: 535,
  command: 'AUTH PLAIN'
}

Node.js v26.5.1

2026-09-01T02:13:16.107Z [INFO] RUN email PLUTO-PLOT-006587 → kalosorama@gmail.com: node scripts/send-email.mjs --to kalosorama@gmail.com --plot PLUTO-PLOT-006587 --pdf /opt/data/workspace/cosmiclands-nft/test-output/PLUTO-PLOT-006587-7845027742037.pdf
2026-09-01T02:13:20.334Z [ERROR] [RETRY 3/3] email: Command failed: /usr/local/bin/node /opt/data/workspace/cosmiclands-nft/scripts/send-email.mjs --to kalosorama@gmail.com --plot PLUTO-PLOT-006587 --pdf /opt/data/workspace/cosmiclands-nft/test-output/PLUTO-PLOT-006587-7845027742037.pdf
/opt/data/workspace/cosmiclands-nft/node_modules/nodemailer/lib/smtp-connection/index.js:938
            err = new Error(message);
                  ^

Error: Invalid login: 535 5.7.8 Error: authentication failed: (reason unavailable)
    at SMTPConnection._formatError (/opt/data/workspace/cosmiclands-nft/node_modules/nodemailer/lib/smtp-connection/index.js:938:19)
    at SMTPConnection._actionAUTHComplete (/opt/data/workspace/cosmiclands-nft/node_modules/nodemailer/lib/smtp-connection/index.js:1784:34)
    at SMTPConnection.<anonymous> (/opt/data/workspace/cosmiclands-nft/node_modules/nodemailer/lib/smtp-connection/index.js:669:26)
    at SMTPConnection._processResponse (/opt/data/workspace/cosmiclands-nft/node_modules/nodemailer/lib/smtp-connection/index.js:1150:20)
    at SMTPConnection._onData (/opt/data/workspace/cosmiclands-nft/node_modules/nodemailer/lib/smtp-connection/index.js:898:14)
    at SMTPConnection._onSocketData (/opt/data/workspace/cosmiclands-nft/node_modules/nodemailer/lib/smtp-connection/index.js:224:44)
    at TLSSocket.emit (node:events:509:20)
    at addChunk (node:internal/streams/readable:568:12)
    at readableAddChunkPushByteMode (node:internal/streams/readable:519:3)
    at Readable.push (node:internal/streams/readable:399:5) {
  code: 'EAUTH',
  response: '535 5.7.8 Error: authentication failed: (reason unavailable)',
  responseCode: 535,
  command: 'AUTH PLAIN'
}

Node.js v26.5.1

2026-09-01T02:13:20.335Z [ERROR] ORDER #1016: Command failed: /usr/local/bin/node /opt/data/workspace/cosmiclands-nft/scripts/send-email.mjs --to kalosorama@gmail.com --plot PLUTO-PLOT-006587 --pdf /opt/data/workspace/cosmiclands-nft/test-output/PLUTO-PLOT-006587-7845027742037.pdf
/opt/data/workspace/cosmiclands-nft/node_modules/nodemailer/lib/smtp-connection/index.js:938
            err = new Error(message);
                  ^

Error: Invalid login: 535 5.7.8 Error: authentication failed: (reason unavailable)
    at SMTPConnection._formatError (/opt/data/workspace/cosmiclands-nft/node_modules/nodemailer/lib/smtp-connection/index.js:938:19)
    at SMTPConnection._actionAUTHComplete (/opt/data/workspace/cosmiclands-nft/node_modules/nodemailer/lib/smtp-connection/index.js:1784:34)
    at SMTPConnection.<anonymous> (/opt/data/workspace/cosmiclands-nft/node_modules/nodemailer/lib/smtp-connection/index.js:669:26)
    at SMTPConnection._processResponse (/opt/data/workspace/cosmiclands-nft/node_modules/nodemailer/lib/smtp-connection/index.js:1150:20)
    at SMTPConnection._onData (/opt/data/workspace/cosmiclands-nft/node_modules/nodemailer/lib/smtp-connection/index.js:898:14)
    at SMTPConnection._onSocketData (/opt/data/workspace/cosmiclands-nft/node_modules/nodemailer/lib/smtp-connection/index.js:224:44)
    at TLSSocket.emit (node:events:509:20)
    at addChunk (node:internal/streams/readable:568:12)
    at readableAddChunkPushByteMode (node:internal/streams/readable:519:3)
    at Readable.push (node:internal/streams/readable:399:5) {
  code: 'EAUTH',
  response: '535 5.7.8 Error: authentication failed: (reason unavailable)',
  responseCode: 535,
  command: 'AUTH PLAIN'
}

Node.js v26.5.1
 — pozostaje w kolejce (MT-12)
2026-09-01T02:13:20.335Z [INFO] === ORDER #1015 (7845027709269) test=false items=1
2026-09-01T02:13:20.510Z [INFO] ITEM PLUTO-PLOT-005787: class=M grant=300 wallet=0xD197fEA004F3c6Fd3B7657b2eD32D8eCFA9EE880 (DIRECT_WALLET) region=Norgay
2026-09-01T02:13:20.742Z [INFO] RUN mint PLUTO-PLOT-005787 → 0xD197fEA004F3c6Fd3B7657b2eD32D8eCFA9EE880: node scripts/mint-test.mjs 
2026-09-01T02:13:26.377Z [INFO]   | [mint] base-sepolia deed=0xeB503fEC1a553d6d8E85cC4d9E4c7B04ceb664C4 plot=PLUTO-PLOT-005787 -> 0xD197fEA004F3c6Fd3B7657b2eD32D8eCFA9EE880
2026-09-01T02:13:26.377Z [INFO]   | ✅ minted tokenId, tx=0x50daf3ef25ed2fba667c7a9f8ba5b12c8f07b204575db83d62cafe3b3bc121e9
2026-09-01T02:13:26.377Z [INFO]   |    Explorer: https://sepolia.basescan.org/tx/0x50daf3ef25ed2fba667c7a9f8ba5b12c8f07b204575db83d62cafe3b3bc121e9
2026-09-01T02:13:26.377Z [INFO]   |    ownerOf(2126) = 0xD197fEA004F3c6Fd3B7657b2eD32D8eCFA9EE880
2026-09-01T02:13:26.377Z [INFO]   |    tokenURI = ipfs://2126
2026-09-01T02:13:26.377Z [INFO] MINT OK PLUTO-PLOT-005787 → 0xD197fEA004F3c6Fd3B7657b2eD32D8eCFA9EE880 tx=0x50daf3ef25ed2fba667c7a9f8ba5b12c8f07b204575db83d62cafe3b3bc121e9
2026-09-01T02:13:26.378Z [INFO] RUN grant 300 → 0xD197fEA004F3c6Fd3B7657b2eD32D8eCFA9EE880: node scripts/grant-cosmo.mjs --to 0xD197fEA004F3c6Fd3B7657b2eD32D8eCFA9EE880 --amount 300
2026-09-01T02:13:27.762Z [INFO]   | GRANT_OK tx=0x36e6471c9fc21c39e1566be978df731b970b4f0ebe50c9135d08f438f279e2e6 amount=300 to=0xD197fEA004F3c6Fd3B7657b2eD32D8eCFA9EE880 block=46230260
2026-09-01T02:13:27.762Z [INFO] GRANT OK 300 COSMO → 0xD197fEA004F3c6Fd3B7657b2eD32D8eCFA9EE880 tx=0x36e6471c9fc21c39e1566be978df731b970b4f0ebe50c9135d08f438f279e2e6
2026-09-01T02:13:27.762Z [INFO] RUN pdf PLUTO-PLOT-005787: node scripts/generate-certificate-v3.mjs --planet pluto --plot PLUTO-PLOT-005787 --owner Kalosorama --class M --region Norgay --coords — --area 1.5 ha --price 129 EUR --cosmo 300 --cert CL-TEST-7845027709269 --token-id 0 --tx 0x50daf3ef25ed2fba667c7a9f8ba5b12c8f07b204575db83d62cafe3b3bc121e9 --out /opt/data/workspace/cosmiclands-nft/test-output/PLUTO-PLOT-005787-7845027709269.pdf
2026-09-01T02:13:28.210Z [INFO]   | ✅ PLUTO-PLOT-005787-7845027709269.pdf (PLUTO premium, QR → https://map.cosmiclands.space/?plot=PLUTO-PLOT-005787)
2026-09-01T02:13:28.210Z [INFO] PDF OK /opt/data/workspace/cosmiclands-nft/test-output/PLUTO-PLOT-005787-7845027709269.pdf
2026-09-01T02:13:28.210Z [INFO] RUN email PLUTO-PLOT-005787 → kalosorama@gmail.com: node scripts/send-email.mjs --to kalosorama@gmail.com --plot PLUTO-PLOT-005787 --pdf /opt/data/workspace/cosmiclands-nft/test-output/PLUTO-PLOT-005787-7845027709269.pdf
2026-09-01T02:13:32.410Z [ERROR] [RETRY 1/3] email: Command failed: /usr/local/bin/node /opt/data/workspace/cosmiclands-nft/scripts/send-email.mjs --to kalosorama@gmail.com --plot PLUTO-PLOT-005787 --pdf /opt/data/workspace/cosmiclands-nft/test-output/PLUTO-PLOT-005787-7845027709269.pdf
/opt/data/workspace/cosmiclands-nft/node_modules/nodemailer/lib/smtp-connection/index.js:938
            err = new Error(message);
                  ^

Error: Invalid login: 535 5.7.8 Error: authentication failed: (reason unavailable)
    at SMTPConnection._formatError (/opt/data/workspace/cosmiclands-nft/node_modules/nodemailer/lib/smtp-connection/index.js:938:19)
    at SMTPConnection._actionAUTHComplete (/opt/data/workspace/cosmiclands-nft/node_modules/nodemailer/lib/smtp-connection/index.js:1784:34)
    at SMTPConnection.<anonymous> (/opt/data/workspace/cosmiclands-nft/node_modules/nodemailer/lib/smtp-connection/index.js:669:26)
    at SMTPConnection._processResponse (/opt/data/workspace/cosmiclands-nft/node_modules/nodemailer/lib/smtp-connection/index.js:1150:20)
    at SMTPConnection._onData (/opt/data/workspace/cosmiclands-nft/node_modules/nodemailer/lib/smtp-connection/index.js:898:14)
    at SMTPConnection._onSocketData (/opt/data/workspace/cosmiclands-nft/node_modules/nodemailer/lib/smtp-connection/index.js:224:44)
    at TLSSocket.emit (node:events:509:20)
    at addChunk (node:internal/streams/readable:568:12)
    at readableAddChunkPushByteMode (node:internal/streams/readable:519:3)
    at Readable.push (node:internal/streams/readable:399:5) {
  code: 'EAUTH',
  response: '535 5.7.8 Error: authentication failed: (reason unavailable)',
  responseCode: 535,
  command: 'AUTH PLAIN'
}

Node.js v26.5.1

2026-09-01T02:13:37.411Z [INFO] RUN email PLUTO-PLOT-005787 → kalosorama@gmail.com: node scripts/send-email.mjs --to kalosorama@gmail.com --plot PLUTO-PLOT-005787 --pdf /opt/data/workspace/cosmiclands-nft/test-output/PLUTO-PLOT-005787-7845027709269.pdf
2026-09-01T02:13:41.039Z [ERROR] [RETRY 2/3] email: Command failed: /usr/local/bin/node /opt/data/workspace/cosmiclands-nft/scripts/send-email.mjs --to kalosorama@gmail.com --plot PLUTO-PLOT-005787 --pdf /opt/data/workspace/cosmiclands-nft/test-output/PLUTO-PLOT-005787-7845027709269.pdf
/opt/data/workspace/cosmiclands-nft/node_modules/nodemailer/lib/smtp-connection/index.js:938
            err = new Error(message);
                  ^

Error: Invalid login: 535 5.7.8 Error: authentication failed: (reason unavailable)
    at SMTPConnection._formatError (/opt/data/workspace/cosmiclands-nft/node_modules/nodemailer/lib/smtp-connection/index.js:938:19)
    at SMTPConnection._actionAUTHComplete (/opt/data/workspace/cosmiclands-nft/node_modules/nodemailer/lib/smtp-connection/index.js:1784:34)
    at SMTPConnection.<anonymous> (/opt/data/workspace/cosmiclands-nft/node_modules/nodemailer/lib/smtp-connection/index.js:669:26)
    at SMTPConnection._processResponse (/opt/data/workspace/cosmiclands-nft/node_modules/nodemailer/lib/smtp-connection/index.js:1150:20)
    at SMTPConnection._onData (/opt/data/workspace/cosmiclands-nft/node_modules/nodemailer/lib/smtp-connection/index.js:898:14)
    at SMTPConnection._onSocketData (/opt/data/workspace/cosmiclands-nft/node_modules/nodemailer/lib/smtp-connection/index.js:224:44)
    at TLSSocket.emit (node:events:509:20)
    at addChunk (node:internal/streams/readable:568:12)
    at readableAddChunkPushByteMode (node:internal/streams/readable:519:3)
    at Readable.push (node:internal/streams/readable:399:5) {
  code: 'EAUTH',
  response: '535 5.7.8 Error: authentication failed: (reason unavailable)',
  responseCode: 535,
  command: 'AUTH PLAIN'
}

Node.js v26.5.1

2026-09-01T02:13:51.040Z [INFO] RUN email PLUTO-PLOT-005787 → kalosorama@gmail.com: node scripts/send-email.mjs --to kalosorama@gmail.com --plot PLUTO-PLOT-005787 --pdf /opt/data/workspace/cosmiclands-nft/test-output/PLUTO-PLOT-005787-7845027709269.pdf
2026-09-01T02:13:54.666Z [ERROR] [RETRY 3/3] email: Command failed: /usr/local/bin/node /opt/data/workspace/cosmiclands-nft/scripts/send-email.mjs --to kalosorama@gmail.com --plot PLUTO-PLOT-005787 --pdf /opt/data/workspace/cosmiclands-nft/test-output/PLUTO-PLOT-005787-7845027709269.pdf
/opt/data/workspace/cosmiclands-nft/node_modules/nodemailer/lib/smtp-connection/index.js:938
            err = new Error(message);
                  ^

Error: Invalid login: 535 5.7.8 Error: authentication failed: (reason unavailable)
    at SMTPConnection._formatError (/opt/data/workspace/cosmiclands-nft/node_modules/nodemailer/lib/smtp-connection/index.js:938:19)
    at SMTPConnection._actionAUTHComplete (/opt/data/workspace/cosmiclands-nft/node_modules/nodemailer/lib/smtp-connection/index.js:1784:34)
    at SMTPConnection.<anonymous> (/opt/data/workspace/cosmiclands-nft/node_modules/nodemailer/lib/smtp-connection/index.js:669:26)
    at SMTPConnection._processResponse (/opt/data/workspace/cosmiclands-nft/node_modules/nodemailer/lib/smtp-connection/index.js:1150:20)
    at SMTPConnection._onData (/opt/data/workspace/cosmiclands-nft/node_modules/nodemailer/lib/smtp-connection/index.js:898:14)
    at SMTPConnection._onSocketData (/opt/data/workspace/cosmiclands-nft/node_modules/nodemailer/lib/smtp-connection/index.js:224:44)
    at TLSSocket.emit (node:events:509:20)
    at addChunk (node:internal/streams/readable:568:12)
    at readableAddChunkPushByteMode (node:internal/streams/readable:519:3)
    at Readable.push (node:internal/streams/readable:399:5) {
  code: 'EAUTH',
  response: '535 5.7.8 Error: authentication failed: (reason unavailable)',
  responseCode: 535,
  command: 'AUTH PLAIN'
}

Node.js v26.5.1

2026-09-01T02:13:54.666Z [ERROR] ORDER #1015: Command failed: /usr/local/bin/node /opt/data/workspace/cosmiclands-nft/scripts/send-email.mjs --to kalosorama@gmail.com --plot PLUTO-PLOT-005787 --pdf /opt/data/workspace/cosmiclands-nft/test-output/PLUTO-PLOT-005787-7845027709269.pdf
/opt/data/workspace/cosmiclands-nft/node_modules/nodemailer/lib/smtp-connection/index.js:938
            err = new Error(message);
                  ^

Error: Invalid login: 535 5.7.8 Error: authentication failed: (reason unavailable)
    at SMTPConnection._formatError (/opt/data/workspace/cosmiclands-nft/node_modules/nodemailer/lib/smtp-connection/index.js:938:19)
    at SMTPConnection._actionAUTHComplete (/opt/data/workspace/cosmiclands-nft/node_modules/nodemailer/lib/smtp-connection/index.js:1784:34)
    at SMTPConnection.<anonymous> (/opt/data/workspace/cosmiclands-nft/node_modules/nodemailer/lib/smtp-connection/index.js:669:26)
    at SMTPConnection._processResponse (/opt/data/workspace/cosmiclands-nft/node_modules/nodemailer/lib/smtp-connection/index.js:1150:20)
    at SMTPConnection._onData (/opt/data/workspace/cosmiclands-nft/node_modules/nodemailer/lib/smtp-connection/index.js:898:14)
    at SMTPConnection._onSocketData (/opt/data/workspace/cosmiclands-nft/node_modules/nodemailer/lib/smtp-connection/index.js:224:44)
    at TLSSocket.emit (node:events:509:20)
    at addChunk (node:internal/streams/readable:568:12)
    at readableAddChunkPushByteMode (node:internal/streams/readable:519:3)
    at Readable.push (node:internal/streams/readable:399:5) {
  code: 'EAUTH',
  response: '535 5.7.8 Error: authentication failed: (reason unavailable)',
  responseCode: 535,
  command: 'AUTH PLAIN'
}

Node.js v26.5.1
 — pozostaje w kolejce (MT-12)
2026-09-01T02:13:54.666Z [INFO] === ORDER #1014 (7845027676501) test=false items=1
2026-09-01T02:13:54.855Z [INFO] ITEM PLUTO-PLOT-004926: class=S grant=100 wallet=0xD197fEA004F3c6Fd3B7657b2eD32D8eCFA9EE880 (DIRECT_WALLET) region=Hillary
2026-09-01T02:13:55.061Z [INFO] RUN mint PLUTO-PLOT-004926 → 0xD197fEA004F3c6Fd3B7657b2eD32D8eCFA9EE880: node scripts/mint-test.mjs 
2026-09-01T02:13:56.467Z [INFO]   | [mint] base-sepolia deed=0xeB503fEC1a553d6d8E85cC4d9E4c7B04ceb664C4 plot=PLUTO-PLOT-004926 -> 0xD197fEA004F3c6Fd3B7657b2eD32D8eCFA9EE880
2026-09-01T02:13:56.468Z [INFO]   | ✅ minted tokenId, tx=0xb2c9d5073dfe9193ecd09850f368855588c8a651ab8592670c4eb9e407ce43e6
2026-09-01T02:13:56.468Z [INFO]   |    Explorer: https://sepolia.basescan.org/tx/0xb2c9d5073dfe9193ecd09850f368855588c8a651ab8592670c4eb9e407ce43e6
2026-09-01T02:13:56.468Z [INFO]   |    ownerOf(2126) = 0xD197fEA004F3c6Fd3B7657b2eD32D8eCFA9EE880
2026-09-01T02:13:56.468Z [INFO]   |    tokenURI = ipfs://2126
2026-09-01T02:13:56.468Z [INFO] MINT OK PLUTO-PLOT-004926 → 0xD197fEA004F3c6Fd3B7657b2eD32D8eCFA9EE880 tx=0xb2c9d5073dfe9193ecd09850f368855588c8a651ab8592670c4eb9e407ce43e6
2026-09-01T02:13:56.471Z [INFO] RUN grant 100 → 0xD197fEA004F3c6Fd3B7657b2eD32D8eCFA9EE880: node scripts/grant-cosmo.mjs --to 0xD197fEA004F3c6Fd3B7657b2eD32D8eCFA9EE880 --amount 100
2026-09-01T02:13:57.818Z [INFO]   | GRANT_OK tx=0xbf87fb21739feed270b5084965e9db1a093f3edcad2fa9e1085f8a0d3b084481 amount=100 to=0xD197fEA004F3c6Fd3B7657b2eD32D8eCFA9EE880 block=46230275
2026-09-01T02:13:57.819Z [INFO] GRANT OK 100 COSMO → 0xD197fEA004F3c6Fd3B7657b2eD32D8eCFA9EE880 tx=0xbf87fb21739feed270b5084965e9db1a093f3edcad2fa9e1085f8a0d3b084481
2026-09-01T02:13:57.819Z [INFO] RUN pdf PLUTO-PLOT-004926: node scripts/generate-certificate-v3.mjs --planet pluto --plot PLUTO-PLOT-004926 --owner Kalosorama --class S --region Hillary --coords — --area 0.5 ha --price 50 EUR --cosmo 100 --cert CL-TEST-7845027676501 --token-id 0 --tx 0xb2c9d5073dfe9193ecd09850f368855588c8a651ab8592670c4eb9e407ce43e6 --out /opt/data/workspace/cosmiclands-nft/test-output/PLUTO-PLOT-004926-7845027676501.pdf
2026-09-01T02:13:58.131Z [INFO]   | ✅ PLUTO-PLOT-004926-7845027676501.pdf (PLUTO premium, QR → https://map.cosmiclands.space/?plot=PLUTO-PLOT-004926)
2026-09-01T02:13:58.131Z [INFO] PDF OK /opt/data/workspace/cosmiclands-nft/test-output/PLUTO-PLOT-004926-7845027676501.pdf
2026-09-01T02:13:58.131Z [INFO] RUN email PLUTO-PLOT-004926 → kalosorama@gmail.com: node scripts/send-email.mjs --to kalosorama@gmail.com --plot PLUTO-PLOT-004926 --pdf /opt/data/workspace/cosmiclands-nft/test-output/PLUTO-PLOT-004926-7845027676501.pdf
2026-09-01T02:14:02.040Z [ERROR] [RETRY 1/3] email: Command failed: /usr/local/bin/node /opt/data/workspace/cosmiclands-nft/scripts/send-email.mjs --to kalosorama@gmail.com --plot PLUTO-PLOT-004926 --pdf /opt/data/workspace/cosmiclands-nft/test-output/PLUTO-PLOT-004926-7845027676501.pdf
/opt/data/workspace/cosmiclands-nft/node_modules/nodemailer/lib/smtp-connection/index.js:938
            err = new Error(message);
                  ^

Error: Invalid login: 535 5.7.8 Error: authentication failed: (reason unavailable)
    at SMTPConnection._formatError (/opt/data/workspace/cosmiclands-nft/node_modules/nodemailer/lib/smtp-connection/index.js:938:19)
    at SMTPConnection._actionAUTHComplete (/opt/data/workspace/cosmiclands-nft/node_modules/nodemailer/lib/smtp-connection/index.js:1784:34)
    at SMTPConnection.<anonymous> (/opt/data/workspace/cosmiclands-nft/node_modules/nodemailer/lib/smtp-connection/index.js:669:26)
    at SMTPConnection._processResponse (/opt/data/workspace/cosmiclands-nft/node_modules/nodemailer/lib/smtp-connection/index.js:1150:20)
    at SMTPConnection._onData (/opt/data/workspace/cosmiclands-nft/node_modules/nodemailer/lib/smtp-connection/index.js:898:14)
    at SMTPConnection._onSocketData (/opt/data/workspace/cosmiclands-nft/node_modules/nodemailer/lib/smtp-connection/index.js:224:44)
    at TLSSocket.emit (node:events:509:20)
    at addChunk (node:internal/streams/readable:568:12)
    at readableAddChunkPushByteMode (node:internal/streams/readable:519:3)
    at Readable.push (node:internal/streams/readable:399:5) {
  code: 'EAUTH',
  response: '535 5.7.8 Error: authentication failed: (reason unavailable)',
  responseCode: 535,
  command: 'AUTH PLAIN'
}

Node.js v26.5.1

2026-09-01T02:14:07.042Z [INFO] RUN email PLUTO-PLOT-004926 → kalosorama@gmail.com: node scripts/send-email.mjs --to kalosorama@gmail.com --plot PLUTO-PLOT-004926 --pdf /opt/data/workspace/cosmiclands-nft/test-output/PLUTO-PLOT-004926-7845027676501.pdf
2026-09-01T02:14:10.717Z [ERROR] [RETRY 2/3] email: Command failed: /usr/local/bin/node /opt/data/workspace/cosmiclands-nft/scripts/send-email.mjs --to kalosorama@gmail.com --plot PLUTO-PLOT-004926 --pdf /opt/data/workspace/cosmiclands-nft/test-output/PLUTO-PLOT-004926-7845027676501.pdf
/opt/data/workspace/cosmiclands-nft/node_modules/nodemailer/lib/smtp-connection/index.js:938
            err = new Error(message);
                  ^

Error: Invalid login: 535 5.7.8 Error: authentication failed: (reason unavailable)
    at SMTPConnection._formatError (/opt/data/workspace/cosmiclands-nft/node_modules/nodemailer/lib/smtp-connection/index.js:938:19)
    at SMTPConnection._actionAUTHComplete (/opt/data/workspace/cosmiclands-nft/node_modules/nodemailer/lib/smtp-connection/index.js:1784:34)
    at SMTPConnection.<anonymous> (/opt/data/workspace/cosmiclands-nft/node_modules/nodemailer/lib/smtp-connection/index.js:669:26)
    at SMTPConnection._processResponse (/opt/data/workspace/cosmiclands-nft/node_modules/nodemailer/lib/smtp-connection/index.js:1150:20)
    at SMTPConnection._onData (/opt/data/workspace/cosmiclands-nft/node_modules/nodemailer/lib/smtp-connection/index.js:898:14)
    at SMTPConnection._onSocketData (/opt/data/workspace/cosmiclands-nft/node_modules/nodemailer/lib/smtp-connection/index.js:224:44)
    at TLSSocket.emit (node:events:509:20)
    at addChunk (node:internal/streams/readable:568:12)
    at readableAddChunkPushByteMode (node:internal/streams/readable:519:3)
    at Readable.push (node:internal/streams/readable:399:5) {
  code: 'EAUTH',
  response: '535 5.7.8 Error: authentication failed: (reason unavailable)',
  responseCode: 535,
  command: 'AUTH PLAIN'
}

Node.js v26.5.1

2026-09-01T02:14:20.718Z [INFO] RUN email PLUTO-PLOT-004926 → kalosorama@gmail.com: node scripts/send-email.mjs --to kalosorama@gmail.com --plot PLUTO-PLOT-004926 --pdf /opt/data/workspace/cosmiclands-nft/test-output/PLUTO-PLOT-004926-7845027676501.pdf
2026-09-01T02:14:24.607Z [ERROR] [RETRY 3/3] email: Command failed: /usr/local/bin/node /opt/data/workspace/cosmiclands-nft/scripts/send-email.mjs --to kalosorama@gmail.com --plot PLUTO-PLOT-004926 --pdf /opt/data/workspace/cosmiclands-nft/test-output/PLUTO-PLOT-004926-7845027676501.pdf
/opt/data/workspace/cosmiclands-nft/node_modules/nodemailer/lib/smtp-connection/index.js:938
            err = new Error(message);
                  ^

Error: Invalid login: 535 5.7.8 Error: authentication failed: (reason unavailable)
    at SMTPConnection._formatError (/opt/data/workspace/cosmiclands-nft/node_modules/nodemailer/lib/smtp-connection/index.js:938:19)
    at SMTPConnection._actionAUTHComplete (/opt/data/workspace/cosmiclands-nft/node_modules/nodemailer/lib/smtp-connection/index.js:1784:34)
    at SMTPConnection.<anonymous> (/opt/data/workspace/cosmiclands-nft/node_modules/nodemailer/lib/smtp-connection/index.js:669:26)
    at SMTPConnection._processResponse (/opt/data/workspace/cosmiclands-nft/node_modules/nodemailer/lib/smtp-connection/index.js:1150:20)
    at SMTPConnection._onData (/opt/data/workspace/cosmiclands-nft/node_modules/nodemailer/lib/smtp-connection/index.js:898:14)
    at SMTPConnection._onSocketData (/opt/data/workspace/cosmiclands-nft/node_modules/nodemailer/lib/smtp-connection/index.js:224:44)
    at TLSSocket.emit (node:events:509:20)
    at addChunk (node:internal/streams/readable:568:12)
    at readableAddChunkPushByteMode (node:internal/streams/readable:519:3)
    at Readable.push (node:internal/streams/readable:399:5) {
  code: 'EAUTH',
  response: '535 5.7.8 Error: authentication failed: (reason unavailable)',
  responseCode: 535,
  command: 'AUTH PLAIN'
}

Node.js v26.5.1

2026-09-01T02:14:24.607Z [ERROR] ORDER #1014: Command failed: /usr/local/bin/node /opt/data/workspace/cosmiclands-nft/scripts/send-email.mjs --to kalosorama@gmail.com --plot PLUTO-PLOT-004926 --pdf /opt/data/workspace/cosmiclands-nft/test-output/PLUTO-PLOT-004926-7845027676501.pdf
/opt/data/workspace/cosmiclands-nft/node_modules/nodemailer/lib/smtp-connection/index.js:938
            err = new Error(message);
                  ^

Error: Invalid login: 535 5.7.8 Error: authentication failed: (reason unavailable)
    at SMTPConnection._formatError (/opt/data/workspace/cosmiclands-nft/node_modules/nodemailer/lib/smtp-connection/index.js:938:19)
    at SMTPConnection._actionAUTHComplete (/opt/data/workspace/cosmiclands-nft/node_modules/nodemailer/lib/smtp-connection/index.js:1784:34)
    at SMTPConnection.<anonymous> (/opt/data/workspace/cosmiclands-nft/node_modules/nodemailer/lib/smtp-connection/index.js:669:26)
    at SMTPConnection._processResponse (/opt/data/workspace/cosmiclands-nft/node_modules/nodemailer/lib/smtp-connection/index.js:1150:20)
    at SMTPConnection._onData (/opt/data/workspace/cosmiclands-nft/node_modules/nodemailer/lib/smtp-connection/index.js:898:14)
    at SMTPConnection._onSocketData (/opt/data/workspace/cosmiclands-nft/node_modules/nodemailer/lib/smtp-connection/index.js:224:44)
    at TLSSocket.emit (node:events:509:20)
    at addChunk (node:internal/streams/readable:568:12)
    at readableAddChunkPushByteMode (node:internal/streams/readable:519:3)
    at Readable.push (node:internal/streams/readable:399:5) {
  code: 'EAUTH',
  response: '535 5.7.8 Error: authentication failed: (reason unavailable)',
  responseCode: 535,
  command: 'AUTH PLAIN'
}

Node.js v26.5.1
 — pozostaje w kolejce (MT-12)
2026-09-01T02:14:24.607Z [INFO] === ORDER #1013 (7845027643733) test=false items=1
2026-09-01T02:14:24.785Z [INFO] ITEM PLUTO-PLOT-004865: class=XL grant=2700 wallet=0xD197fEA004F3c6Fd3B7657b2eD32D8eCFA9EE880 (DIRECT_WALLET) region=Tenzing
2026-09-01T02:14:25.037Z [INFO] RUN mint PLUTO-PLOT-004865 → 0xD197fEA004F3c6Fd3B7657b2eD32D8eCFA9EE880: node scripts/mint-test.mjs 
2026-09-01T02:14:26.494Z [INFO]   | [mint] base-sepolia deed=0xeB503fEC1a553d6d8E85cC4d9E4c7B04ceb664C4 plot=PLUTO-PLOT-004865 -> 0xD197fEA004F3c6Fd3B7657b2eD32D8eCFA9EE880
2026-09-01T02:14:26.494Z [INFO]   | ✅ minted tokenId, tx=0xda538cce8434bfe07fe74ed10d6045b9a64bc098b507ef9465bb53e9cc4975fe
2026-09-01T02:14:26.495Z [INFO]   |    Explorer: https://sepolia.basescan.org/tx/0xda538cce8434bfe07fe74ed10d6045b9a64bc098b507ef9465bb53e9cc4975fe
2026-09-01T02:14:26.495Z [INFO]   |    ownerOf(2127) = 0xD197fEA004F3c6Fd3B7657b2eD32D8eCFA9EE880
2026-09-01T02:14:26.495Z [INFO]   |    tokenURI = ipfs://2127
2026-09-01T02:14:26.495Z [INFO] MINT OK PLUTO-PLOT-004865 → 0xD197fEA004F3c6Fd3B7657b2eD32D8eCFA9EE880 tx=0xda538cce8434bfe07fe74ed10d6045b9a64bc098b507ef9465bb53e9cc4975fe
2026-09-01T02:14:26.495Z [INFO] RUN grant 2700 → 0xD197fEA004F3c6Fd3B7657b2eD32D8eCFA9EE880: node scripts/grant-cosmo.mjs --to 0xD197fEA004F3c6Fd3B7657b2eD32D8eCFA9EE880 --amount 2700
2026-09-01T02:14:32.085Z [INFO]   | GRANT_OK tx=0x0c485085ca71b3524e59130833a9327ec7f6fece77c321ebcf61d1d37b5d2c20 amount=2700 to=0xD197fEA004F3c6Fd3B7657b2eD32D8eCFA9EE880 block=46230291
2026-09-01T02:14:32.085Z [INFO] GRANT OK 2700 COSMO → 0xD197fEA004F3c6Fd3B7657b2eD32D8eCFA9EE880 tx=0x0c485085ca71b3524e59130833a9327ec7f6fece77c321ebcf61d1d37b5d2c20
2026-09-01T02:14:32.085Z [INFO] RUN pdf PLUTO-PLOT-004865: node scripts/generate-certificate-v3.mjs --planet pluto --plot PLUTO-PLOT-004865 --owner Kalosorama --class XL --region Tenzing --coords — --area 13.5 ha --price 999 EUR --cosmo 2700 --cert CL-TEST-7845027643733 --token-id 0 --tx 0xda538cce8434bfe07fe74ed10d6045b9a64bc098b507ef9465bb53e9cc4975fe --out /opt/data/workspace/cosmiclands-nft/test-output/PLUTO-PLOT-004865-7845027643733.pdf
2026-09-01T02:14:32.481Z [INFO]   | ✅ PLUTO-PLOT-004865-7845027643733.pdf (PLUTO premium, QR → https://map.cosmiclands.space/?plot=PLUTO-PLOT-004865)
2026-09-01T02:14:32.482Z [INFO] PDF OK /opt/data/workspace/cosmiclands-nft/test-output/PLUTO-PLOT-004865-7845027643733.pdf
2026-09-01T02:14:32.482Z [INFO] RUN email PLUTO-PLOT-004865 → kalosorama@gmail.com: node scripts/send-email.mjs --to kalosorama@gmail.com --plot PLUTO-PLOT-004865 --pdf /opt/data/workspace/cosmiclands-nft/test-output/PLUTO-PLOT-004865-7845027643733.pdf
2026-09-01T02:14:35.825Z [ERROR] [RETRY 1/3] email: Command failed: /usr/local/bin/node /opt/data/workspace/cosmiclands-nft/scripts/send-email.mjs --to kalosorama@gmail.com --plot PLUTO-PLOT-004865 --pdf /opt/data/workspace/cosmiclands-nft/test-output/PLUTO-PLOT-004865-7845027643733.pdf
/opt/data/workspace/cosmiclands-nft/node_modules/nodemailer/lib/smtp-connection/index.js:938
            err = new Error(message);
                  ^

Error: Invalid login: 535 5.7.8 Error: authentication failed: (reason unavailable)
    at SMTPConnection._formatError (/opt/data/workspace/cosmiclands-nft/node_modules/nodemailer/lib/smtp-connection/index.js:938:19)
    at SMTPConnection._actionAUTHComplete (/opt/data/workspace/cosmiclands-nft/node_modules/nodemailer/lib/smtp-connection/index.js:1784:34)
    at SMTPConnection.<anonymous> (/opt/data/workspace/cosmiclands-nft/node_modules/nodemailer/lib/smtp-connection/index.js:669:26)
    at SMTPConnection._processResponse (/opt/data/workspace/cosmiclands-nft/node_modules/nodemailer/lib/smtp-connection/index.js:1150:20)
    at SMTPConnection._onData (/opt/data/workspace/cosmiclands-nft/node_modules/nodemailer/lib/smtp-connection/index.js:898:14)
    at SMTPConnection._onSocketData (/opt/data/workspace/cosmiclands-nft/node_modules/nodemailer/lib/smtp-connection/index.js:224:44)
    at TLSSocket.emit (node:events:509:20)
    at addChunk (node:internal/streams/readable:568:12)
    at readableAddChunkPushByteMode (node:internal/streams/readable:519:3)
    at Readable.push (node:internal/streams/readable:399:5) {
  code: 'EAUTH',
  response: '535 5.7.8 Error: authentication failed: (reason unavailable)',
  responseCode: 535,
  command: 'AUTH PLAIN'
}

Node.js v26.5.1

2026-09-01T02:14:40.826Z [INFO] RUN email PLUTO-PLOT-004865 → kalosorama@gmail.com: node scripts/send-email.mjs --to kalosorama@gmail.com --plot PLUTO-PLOT-004865 --pdf /opt/data/workspace/cosmiclands-nft/test-output/PLUTO-PLOT-004865-7845027643733.pdf
2026-09-01T02:14:44.335Z [ERROR] [RETRY 2/3] email: Command failed: /usr/local/bin/node /opt/data/workspace/cosmiclands-nft/scripts/send-email.mjs --to kalosorama@gmail.com --plot PLUTO-PLOT-004865 --pdf /opt/data/workspace/cosmiclands-nft/test-output/PLUTO-PLOT-004865-7845027643733.pdf
/opt/data/workspace/cosmiclands-nft/node_modules/nodemailer/lib/smtp-connection/index.js:938
            err = new Error(message);
                  ^

Error: Invalid login: 535 5.7.8 Error: authentication failed: (reason unavailable)
    at SMTPConnection._formatError (/opt/data/workspace/cosmiclands-nft/node_modules/nodemailer/lib/smtp-connection/index.js:938:19)
    at SMTPConnection._actionAUTHComplete (/opt/data/workspace/cosmiclands-nft/node_modules/nodemailer/lib/smtp-connection/index.js:1784:34)
    at SMTPConnection.<anonymous> (/opt/data/workspace/cosmiclands-nft/node_modules/nodemailer/lib/smtp-connection/index.js:669:26)
    at SMTPConnection._processResponse (/opt/data/workspace/cosmiclands-nft/node_modules/nodemailer/lib/smtp-connection/index.js:1150:20)
    at SMTPConnection._onData (/opt/data/workspace/cosmiclands-nft/node_modules/nodemailer/lib/smtp-connection/index.js:898:14)
    at SMTPConnection._onSocketData (/opt/data/workspace/cosmiclands-nft/node_modules/nodemailer/lib/smtp-connection/index.js:224:44)
    at TLSSocket.emit (node:events:509:20)
    at addChunk (node:internal/streams/readable:568:12)
    at readableAddChunkPushByteMode (node:internal/streams/readable:519:3)
    at Readable.push (node:internal/streams/readable:399:5) {
  code: 'EAUTH',
  response: '535 5.7.8 Error: authentication failed: (reason unavailable)',
  responseCode: 535,
  command: 'AUTH PLAIN'
}

Node.js v26.5.1

2026-09-01T02:14:54.336Z [INFO] RUN email PLUTO-PLOT-004865 → kalosorama@gmail.com: node scripts/send-email.mjs --to kalosorama@gmail.com --plot PLUTO-PLOT-004865 --pdf /opt/data/workspace/cosmiclands-nft/test-output/PLUTO-PLOT-004865-7845027643733.pdf
2026-09-01T02:14:57.809Z [ERROR] [RETRY 3/3] email: Command failed: /usr/local/bin/node /opt/data/workspace/cosmiclands-nft/scripts/send-email.mjs --to kalosorama@gmail.com --plot PLUTO-PLOT-004865 --pdf /opt/data/workspace/cosmiclands-nft/test-output/PLUTO-PLOT-004865-7845027643733.pdf
/opt/data/workspace/cosmiclands-nft/node_modules/nodemailer/lib/smtp-connection/index.js:938
            err = new Error(message);
                  ^

Error: Invalid login: 535 5.7.8 Error: authentication failed: (reason unavailable)
    at SMTPConnection._formatError (/opt/data/workspace/cosmiclands-nft/node_modules/nodemailer/lib/smtp-connection/index.js:938:19)
    at SMTPConnection._actionAUTHComplete (/opt/data/workspace/cosmiclands-nft/node_modules/nodemailer/lib/smtp-connection/index.js:1784:34)
    at SMTPConnection.<anonymous> (/opt/data/workspace/cosmiclands-nft/node_modules/nodemailer/lib/smtp-connection/index.js:669:26)
    at SMTPConnection._processResponse (/opt/data/workspace/cosmiclands-nft/node_modules/nodemailer/lib/smtp-connection/index.js:1150:20)
    at SMTPConnection._onData (/opt/data/workspace/cosmiclands-nft/node_modules/nodemailer/lib/smtp-connection/index.js:898:14)
    at SMTPConnection._onSocketData (/opt/data/workspace/cosmiclands-nft/node_modules/nodemailer/lib/smtp-connection/index.js:224:44)
    at TLSSocket.emit (node:events:509:20)
    at addChunk (node:internal/streams/readable:568:12)
    at readableAddChunkPushByteMode (node:internal/streams/readable:519:3)
    at Readable.push (node:internal/streams/readable:399:5) {
  code: 'EAUTH',
  response: '535 5.7.8 Error: authentication failed: (reason unavailable)',
  responseCode: 535,
  command: 'AUTH PLAIN'
}

Node.js v26.5.1

2026-09-01T02:14:57.810Z [ERROR] ORDER #1013: Command failed: /usr/local/bin/node /opt/data/workspace/cosmiclands-nft/scripts/send-email.mjs --to kalosorama@gmail.com --plot PLUTO-PLOT-004865 --pdf /opt/data/workspace/cosmiclands-nft/test-output/PLUTO-PLOT-004865-7845027643733.pdf
/opt/data/workspace/cosmiclands-nft/node_modules/nodemailer/lib/smtp-connection/index.js:938
            err = new Error(message);
                  ^

Error: Invalid login: 535 5.7.8 Error: authentication failed: (reason unavailable)
    at SMTPConnection._formatError (/opt/data/workspace/cosmiclands-nft/node_modules/nodemailer/lib/smtp-connection/index.js:938:19)
    at SMTPConnection._actionAUTHComplete (/opt/data/workspace/cosmiclands-nft/node_modules/nodemailer/lib/smtp-connection/index.js:1784:34)
    at SMTPConnection.<anonymous> (/opt/data/workspace/cosmiclands-nft/node_modules/nodemailer/lib/smtp-connection/index.js:669:26)
    at SMTPConnection._processResponse (/opt/data/workspace/cosmiclands-nft/node_modules/nodemailer/lib/smtp-connection/index.js:1150:20)
    at SMTPConnection._onData (/opt/data/workspace/cosmiclands-nft/node_modules/nodemailer/lib/smtp-connection/index.js:898:14)
    at SMTPConnection._onSocketData (/opt/data/workspace/cosmiclands-nft/node_modules/nodemailer/lib/smtp-connection/index.js:224:44)
    at TLSSocket.emit (node:events:509:20)
    at addChunk (node:internal/streams/readable:568:12)
    at readableAddChunkPushByteMode (node:internal/streams/readable:519:3)
    at Readable.push (node:internal/streams/readable:399:5) {
  code: 'EAUTH',
  response: '535 5.7.8 Error: authentication failed: (reason unavailable)',
  responseCode: 535,
  command: 'AUTH PLAIN'
}

Node.js v26.5.1
 — pozostaje w kolejce (MT-12)
2026-09-01T02:14:57.810Z [INFO] === ORDER #1012 (7845027610965) test=false items=1
2026-09-01T02:14:57.997Z [INFO] ITEM PLUTO-PLOT-004127: class=L grant=900 wallet=0xD197fEA004F3c6Fd3B7657b2eD32D8eCFA9EE880 (DIRECT_WALLET) region=Viking
2026-09-01T02:14:58.253Z [INFO] RUN mint PLUTO-PLOT-004127 → 0xD197fEA004F3c6Fd3B7657b2eD32D8eCFA9EE880: node scripts/mint-test.mjs 
2026-09-01T02:15:04.210Z [INFO]   | [mint] base-sepolia deed=0xeB503fEC1a553d6d8E85cC4d9E4c7B04ceb664C4 plot=PLUTO-PLOT-004127 -> 0xD197fEA004F3c6Fd3B7657b2eD32D8eCFA9EE880
2026-09-01T02:15:04.211Z [INFO]   | ✅ minted tokenId, tx=0xb762af2c13e7ad532859583b0285f5d8e1cf505fcac6b50e5bf40177df9c2c0b
2026-09-01T02:15:04.211Z [INFO]   |    Explorer: https://sepolia.basescan.org/tx/0xb762af2c13e7ad532859583b0285f5d8e1cf505fcac6b50e5bf40177df9c2c0b
2026-09-01T02:15:04.211Z [INFO]   |    ownerOf(2129) = 0xD197fEA004F3c6Fd3B7657b2eD32D8eCFA9EE880
2026-09-01T02:15:04.211Z [INFO]   |    tokenURI = ipfs://2129
2026-09-01T02:15:04.211Z [INFO] MINT OK PLUTO-PLOT-004127 → 0xD197fEA004F3c6Fd3B7657b2eD32D8eCFA9EE880 tx=0xb762af2c13e7ad532859583b0285f5d8e1cf505fcac6b50e5bf40177df9c2c0b
2026-09-01T02:15:04.212Z [INFO] RUN grant 900 → 0xD197fEA004F3c6Fd3B7657b2eD32D8eCFA9EE880: node scripts/grant-cosmo.mjs --to 0xD197fEA004F3c6Fd3B7657b2eD32D8eCFA9EE880 --amount 900
2026-09-01T02:15:05.833Z [INFO]   | GRANT_OK tx=0xa0ce4d84a2ae1c5b55e8c081cf376df49b8fc0a64da70a886f91ee01613ac3d6 amount=900 to=0xD197fEA004F3c6Fd3B7657b2eD32D8eCFA9EE880 block=46230309
2026-09-01T02:15:05.835Z [INFO] GRANT OK 900 COSMO → 0xD197fEA004F3c6Fd3B7657b2eD32D8eCFA9EE880 tx=0xa0ce4d84a2ae1c5b55e8c081cf376df49b8fc0a64da70a886f91ee01613ac3d6
2026-09-01T02:15:05.835Z [INFO] RUN pdf PLUTO-PLOT-004127: node scripts/generate-certificate-v3.mjs --planet pluto --plot PLUTO-PLOT-004127 --owner Kalosorama --class L --region Viking --coords — --area 4.5 ha --price 369 EUR --cosmo 900 --cert CL-TEST-7845027610965 --token-id 0 --tx 0xb762af2c13e7ad532859583b0285f5d8e1cf505fcac6b50e5bf40177df9c2c0b --out /opt/data/workspace/cosmiclands-nft/test-output/PLUTO-PLOT-004127-7845027610965.pdf
2026-09-01T02:15:06.459Z [INFO]   | ✅ PLUTO-PLOT-004127-7845027610965.pdf (PLUTO premium, QR → https://map.cosmiclands.space/?plot=PLUTO-PLOT-004127)
2026-09-01T02:15:06.460Z [INFO] PDF OK /opt/data/workspace/cosmiclands-nft/test-output/PLUTO-PLOT-004127-7845027610965.pdf
2026-09-01T02:15:06.461Z [INFO] RUN email PLUTO-PLOT-004127 → kalosorama@gmail.com: node scripts/send-email.mjs --to kalosorama@gmail.com --plot PLUTO-PLOT-004127 --pdf /opt/data/workspace/cosmiclands-nft/test-output/PLUTO-PLOT-004127-7845027610965.pdf
2026-09-01T02:15:10.176Z [ERROR] [RETRY 1/3] email: Command failed: /usr/local/bin/node /opt/data/workspace/cosmiclands-nft/scripts/send-email.mjs --to kalosorama@gmail.com --plot PLUTO-PLOT-004127 --pdf /opt/data/workspace/cosmiclands-nft/test-output/PLUTO-PLOT-004127-7845027610965.pdf
/opt/data/workspace/cosmiclands-nft/node_modules/nodemailer/lib/smtp-connection/index.js:938
            err = new Error(message);
                  ^

Error: Invalid login: 535 5.7.8 Error: authentication failed: (reason unavailable)
    at SMTPConnection._formatError (/opt/data/workspace/cosmiclands-nft/node_modules/nodemailer/lib/smtp-connection/index.js:938:19)
    at SMTPConnection._actionAUTHComplete (/opt/data/workspace/cosmiclands-nft/node_modules/nodemailer/lib/smtp-connection/index.js:1784:34)
    at SMTPConnection.<anonymous> (/opt/data/workspace/cosmiclands-nft/node_modules/nodemailer/lib/smtp-connection/index.js:669:26)
    at SMTPConnection._processResponse (/opt/data/workspace/cosmiclands-nft/node_modules/nodemailer/lib/smtp-connection/index.js:1150:20)
    at SMTPConnection._onData (/opt/data/workspace/cosmiclands-nft/node_modules/nodemailer/lib/smtp-connection/index.js:898:14)
    at SMTPConnection._onSocketData (/opt/data/workspace/cosmiclands-nft/node_modules/nodemailer/lib/smtp-connection/index.js:224:44)
    at TLSSocket.emit (node:events:509:20)
    at addChunk (node:internal/streams/readable:568:12)
    at readableAddChunkPushByteMode (node:internal/streams/readable:519:3)
    at Readable.push (node:internal/streams/readable:399:5) {
  code: 'EAUTH',
  response: '535 5.7.8 Error: authentication failed: (reason unavailable)',
  responseCode: 535,
  command: 'AUTH PLAIN'
}

Node.js v26.5.1

2026-09-01T02:15:15.177Z [INFO] RUN email PLUTO-PLOT-004127 → kalosorama@gmail.com: node scripts/send-email.mjs --to kalosorama@gmail.com --plot PLUTO-PLOT-004127 --pdf /opt/data/workspace/cosmiclands-nft/test-output/PLUTO-PLOT-004127-7845027610965.pdf
2026-09-01T02:15:18.669Z [ERROR] [RETRY 2/3] email: Command failed: /usr/local/bin/node /opt/data/workspace/cosmiclands-nft/scripts/send-email.mjs --to kalosorama@gmail.com --plot PLUTO-PLOT-004127 --pdf /opt/data/workspace/cosmiclands-nft/test-output/PLUTO-PLOT-004127-7845027610965.pdf
/opt/data/workspace/cosmiclands-nft/node_modules/nodemailer/lib/smtp-connection/index.js:938
            err = new Error(message);
                  ^

Error: Invalid login: 535 5.7.8 Error: authentication failed: (reason unavailable)
    at SMTPConnection._formatError (/opt/data/workspace/cosmiclands-nft/node_modules/nodemailer/lib/smtp-connection/index.js:938:19)
    at SMTPConnection._actionAUTHComplete (/opt/data/workspace/cosmiclands-nft/node_modules/nodemailer/lib/smtp-connection/index.js:1784:34)
    at SMTPConnection.<anonymous> (/opt/data/workspace/cosmiclands-nft/node_modules/nodemailer/lib/smtp-connection/index.js:669:26)
    at SMTPConnection._processResponse (/opt/data/workspace/cosmiclands-nft/node_modules/nodemailer/lib/smtp-connection/index.js:1150:20)
    at SMTPConnection._onData (/opt/data/workspace/cosmiclands-nft/node_modules/nodemailer/lib/smtp-connection/index.js:898:14)
    at SMTPConnection._onSocketData (/opt/data/workspace/cosmiclands-nft/node_modules/nodemailer/lib/smtp-connection/index.js:224:44)
    at TLSSocket.emit (node:events:509:20)
    at addChunk (node:internal/streams/readable:568:12)
    at readableAddChunkPushByteMode (node:internal/streams/readable:519:3)
    at Readable.push (node:internal/streams/readable:399:5) {
  code: 'EAUTH',
  response: '535 5.7.8 Error: authentication failed: (reason unavailable)',
  responseCode: 535,
  command: 'AUTH PLAIN'
}

Node.js v26.5.1

2026-09-01T02:15:28.671Z [INFO] RUN email PLUTO-PLOT-004127 → kalosorama@gmail.com: node scripts/send-email.mjs --to kalosorama@gmail.com --plot PLUTO-PLOT-004127 --pdf /opt/data/workspace/cosmiclands-nft/test-output/PLUTO-PLOT-004127-7845027610965.pdf
2026-09-01T02:15:32.934Z [ERROR] [RETRY 3/3] email: Command failed: /usr/local/bin/node /opt/data/workspace/cosmiclands-nft/scripts/send-email.mjs --to kalosorama@gmail.com --plot PLUTO-PLOT-004127 --pdf /opt/data/workspace/cosmiclands-nft/test-output/PLUTO-PLOT-004127-7845027610965.pdf
/opt/data/workspace/cosmiclands-nft/node_modules/nodemailer/lib/smtp-connection/index.js:938
            err = new Error(message);
                  ^

Error: Invalid login: 535 5.7.8 Error: authentication failed: (reason unavailable)
    at SMTPConnection._formatError (/opt/data/workspace/cosmiclands-nft/node_modules/nodemailer/lib/smtp-connection/index.js:938:19)
    at SMTPConnection._actionAUTHComplete (/opt/data/workspace/cosmiclands-nft/node_modules/nodemailer/lib/smtp-connection/index.js:1784:34)
    at SMTPConnection.<anonymous> (/opt/data/workspace/cosmiclands-nft/node_modules/nodemailer/lib/smtp-connection/index.js:669:26)
    at SMTPConnection._processResponse (/opt/data/workspace/cosmiclands-nft/node_modules/nodemailer/lib/smtp-connection/index.js:1150:20)
    at SMTPConnection._onData (/opt/data/workspace/cosmiclands-nft/node_modules/nodemailer/lib/smtp-connection/index.js:898:14)
    at SMTPConnection._onSocketData (/opt/data/workspace/cosmiclands-nft/node_modules/nodemailer/lib/smtp-connection/index.js:224:44)
    at TLSSocket.emit (node:events:509:20)
    at addChunk (node:internal/streams/readable:568:12)
    at readableAddChunkPushByteMode (node:internal/streams/readable:519:3)
    at Readable.push (node:internal/streams/readable:399:5) {
  code: 'EAUTH',
  response: '535 5.7.8 Error: authentication failed: (reason unavailable)',
  responseCode: 535,
  command: 'AUTH PLAIN'
}

Node.js v26.5.1

2026-09-01T02:15:32.934Z [ERROR] ORDER #1012: Command failed: /usr/local/bin/node /opt/data/workspace/cosmiclands-nft/scripts/send-email.mjs --to kalosorama@gmail.com --plot PLUTO-PLOT-004127 --pdf /opt/data/workspace/cosmiclands-nft/test-output/PLUTO-PLOT-004127-7845027610965.pdf
/opt/data/workspace/cosmiclands-nft/node_modules/nodemailer/lib/smtp-connection/index.js:938
            err = new Error(message);
                  ^

Error: Invalid login: 535 5.7.8 Error: authentication failed: (reason unavailable)
    at SMTPConnection._formatError (/opt/data/workspace/cosmiclands-nft/node_modules/nodemailer/lib/smtp-connection/index.js:938:19)
    at SMTPConnection._actionAUTHComplete (/opt/data/workspace/cosmiclands-nft/node_modules/nodemailer/lib/smtp-connection/index.js:1784:34)
    at SMTPConnection.<anonymous> (/opt/data/workspace/cosmiclands-nft/node_modules/nodemailer/lib/smtp-connection/index.js:669:26)
    at SMTPConnection._processResponse (/opt/data/workspace/cosmiclands-nft/node_modules/nodemailer/lib/smtp-connection/index.js:1150:20)
    at SMTPConnection._onData (/opt/data/workspace/cosmiclands-nft/node_modules/nodemailer/lib/smtp-connection/index.js:898:14)
    at SMTPConnection._onSocketData (/opt/data/workspace/cosmiclands-nft/node_modules/nodemailer/lib/smtp-connection/index.js:224:44)
    at TLSSocket.emit (node:events:509:20)
    at addChunk (node:internal/streams/readable:568:12)
    at readableAddChunkPushByteMode (node:internal/streams/readable:519:3)
    at Readable.push (node:internal/streams/readable:399:5) {
  code: 'EAUTH',
  response: '535 5.7.8 Error: authentication failed: (reason unavailable)',
  responseCode: 535,
  command: 'AUTH PLAIN'
}

Node.js v26.5.1
 — pozostaje w kolejce (MT-12)
2026-09-01T02:15:32.934Z [INFO] === ORDER #1011 (7845027578197) test=false items=1
2026-09-01T02:15:33.095Z [INFO] ITEM PLUTO-PLOT-003327: class=M grant=300 wallet=0xD197fEA004F3c6Fd3B7657b2eD32D8eCFA9EE880 (DIRECT_WALLET) region=Puzzling
2026-09-01T02:15:33.317Z [INFO] RUN mint PLUTO-PLOT-003327 → 0xD197fEA004F3c6Fd3B7657b2eD32D8eCFA9EE880: node scripts/mint-test.mjs 
2026-09-01T02:15:34.775Z [INFO]   | [mint] base-sepolia deed=0xeB503fEC1a553d6d8E85cC4d9E4c7B04ceb664C4 plot=PLUTO-PLOT-003327 -> 0xD197fEA004F3c6Fd3B7657b2eD32D8eCFA9EE880
2026-09-01T02:15:34.776Z [INFO]   | ✅ minted tokenId, tx=0xe4153fbbab35b6025b137c51388ca4e96c8d5a9b1e33191dd56005b1326ab716
2026-09-01T02:15:34.776Z [INFO]   |    Explorer: https://sepolia.basescan.org/tx/0xe4153fbbab35b6025b137c51388ca4e96c8d5a9b1e33191dd56005b1326ab716
2026-09-01T02:15:34.776Z [INFO]   |    ownerOf(2129) = 0xD197fEA004F3c6Fd3B7657b2eD32D8eCFA9EE880
2026-09-01T02:15:34.776Z [INFO]   |    tokenURI = ipfs://2129
2026-09-01T02:15:34.776Z [INFO] MINT OK PLUTO-PLOT-003327 → 0xD197fEA004F3c6Fd3B7657b2eD32D8eCFA9EE880 tx=0xe4153fbbab35b6025b137c51388ca4e96c8d5a9b1e33191dd56005b1326ab716
2026-09-01T02:15:34.777Z [INFO] RUN grant 300 → 0xD197fEA004F3c6Fd3B7657b2eD32D8eCFA9EE880: node scripts/grant-cosmo.mjs --to 0xD197fEA004F3c6Fd3B7657b2eD32D8eCFA9EE880 --amount 300
2026-09-01T02:15:40.380Z [INFO]   | GRANT_OK tx=0x6734cc5aa41b9ec2cf9ef3601e72b9eb4a4f224bf194a9e4f42a90ab1fba168b amount=300 to=0xD197fEA004F3c6Fd3B7657b2eD32D8eCFA9EE880 block=46230325
2026-09-01T02:15:40.381Z [INFO] GRANT OK 300 COSMO → 0xD197fEA004F3c6Fd3B7657b2eD32D8eCFA9EE880 tx=0x6734cc5aa41b9ec2cf9ef3601e72b9eb4a4f224bf194a9e4f42a90ab1fba168b
2026-09-01T02:15:40.382Z [INFO] RUN pdf PLUTO-PLOT-003327: node scripts/generate-certificate-v3.mjs --planet pluto --plot PLUTO-PLOT-003327 --owner Kalosorama --class M --region Puzzling --coords — --area 1.5 ha --price 129 EUR --cosmo 300 --cert CL-TEST-7845027578197 --token-id 0 --tx 0xe4153fbbab35b6025b137c51388ca4e96c8d5a9b1e33191dd56005b1326ab716 --out /opt/data/workspace/cosmiclands-nft/test-output/PLUTO-PLOT-003327-7845027578197.pdf
2026-09-01T02:15:40.843Z [INFO]   | ✅ PLUTO-PLOT-003327-7845027578197.pdf (PLUTO premium, QR → https://map.cosmiclands.space/?plot=PLUTO-PLOT-003327)
2026-09-01T02:15:40.843Z [INFO] PDF OK /opt/data/workspace/cosmiclands-nft/test-output/PLUTO-PLOT-003327-7845027578197.pdf
2026-09-01T02:15:40.843Z [INFO] RUN email PLUTO-PLOT-003327 → kalosorama@gmail.com: node scripts/send-email.mjs --to kalosorama@gmail.com --plot PLUTO-PLOT-003327 --pdf /opt/data/workspace/cosmiclands-nft/test-output/PLUTO-PLOT-003327-7845027578197.pdf
2026-09-01T02:15:44.709Z [ERROR] [RETRY 1/3] email: Command failed: /usr/local/bin/node /opt/data/workspace/cosmiclands-nft/scripts/send-email.mjs --to kalosorama@gmail.com --plot PLUTO-PLOT-003327 --pdf /opt/data/workspace/cosmiclands-nft/test-output/PLUTO-PLOT-003327-7845027578197.pdf
/opt/data/workspace/cosmiclands-nft/node_modules/nodemailer/lib/smtp-connection/index.js:938
            err = new Error(message);
                  ^

Error: Invalid login: 535 5.7.8 Error: authentication failed: (reason unavailable)
    at SMTPConnection._formatError (/opt/data/workspace/cosmiclands-nft/node_modules/nodemailer/lib/smtp-connection/index.js:938:19)
    at SMTPConnection._actionAUTHComplete (/opt/data/workspace/cosmiclands-nft/node_modules/nodemailer/lib/smtp-connection/index.js:1784:34)
    at SMTPConnection.<anonymous> (/opt/data/workspace/cosmiclands-nft/node_modules/nodemailer/lib/smtp-connection/index.js:669:26)
    at SMTPConnection._processResponse (/opt/data/workspace/cosmiclands-nft/node_modules/nodemailer/lib/smtp-connection/index.js:1150:20)
    at SMTPConnection._onData (/opt/data/workspace/cosmiclands-nft/node_modules/nodemailer/lib/smtp-connection/index.js:898:14)
    at SMTPConnection._onSocketData (/opt/data/workspace/cosmiclands-nft/node_modules/nodemailer/lib/smtp-connection/index.js:224:44)
    at TLSSocket.emit (node:events:509:20)
    at addChunk (node:internal/streams/readable:568:12)
    at readableAddChunkPushByteMode (node:internal/streams/readable:519:3)
    at Readable.push (node:internal/streams/readable:399:5) {
  code: 'EAUTH',
  response: '535 5.7.8 Error: authentication failed: (reason unavailable)',
  responseCode: 535,
  command: 'AUTH PLAIN'
}

Node.js v26.5.1

2026-09-01T02:15:49.712Z [INFO] RUN email PLUTO-PLOT-003327 → kalosorama@gmail.com: node scripts/send-email.mjs --to kalosorama@gmail.com --plot PLUTO-PLOT-003327 --pdf /opt/data/workspace/cosmiclands-nft/test-output/PLUTO-PLOT-003327-7845027578197.pdf
2026-09-01T02:15:53.566Z [ERROR] [RETRY 2/3] email: Command failed: /usr/local/bin/node /opt/data/workspace/cosmiclands-nft/scripts/send-email.mjs --to kalosorama@gmail.com --plot PLUTO-PLOT-003327 --pdf /opt/data/workspace/cosmiclands-nft/test-output/PLUTO-PLOT-003327-7845027578197.pdf
/opt/data/workspace/cosmiclands-nft/node_modules/nodemailer/lib/smtp-connection/index.js:938
            err = new Error(message);
                  ^

Error: Invalid login: 535 5.7.8 Error: authentication failed: (reason unavailable)
    at SMTPConnection._formatError (/opt/data/workspace/cosmiclands-nft/node_modules/nodemailer/lib/smtp-connection/index.js:938:19)
    at SMTPConnection._actionAUTHComplete (/opt/data/workspace/cosmiclands-nft/node_modules/nodemailer/lib/smtp-connection/index.js:1784:34)
    at SMTPConnection.<anonymous> (/opt/data/workspace/cosmiclands-nft/node_modules/nodemailer/lib/smtp-connection/index.js:669:26)
    at SMTPConnection._processResponse (/opt/data/workspace/cosmiclands-nft/node_modules/nodemailer/lib/smtp-connection/index.js:1150:20)
    at SMTPConnection._onData (/opt/data/workspace/cosmiclands-nft/node_modules/nodemailer/lib/smtp-connection/index.js:898:14)
    at SMTPConnection._onSocketData (/opt/data/workspace/cosmiclands-nft/node_modules/nodemailer/lib/smtp-connection/index.js:224:44)
    at TLSSocket.emit (node:events:509:20)
    at addChunk (node:internal/streams/readable:568:12)
    at readableAddChunkPushByteMode (node:internal/streams/readable:519:3)
    at Readable.push (node:internal/streams/readable:399:5) {
  code: 'EAUTH',
  response: '535 5.7.8 Error: authentication failed: (reason unavailable)',
  responseCode: 535,
  command: 'AUTH PLAIN'
}

Node.js v26.5.1

2026-09-01T02:16:03.566Z [INFO] RUN email PLUTO-PLOT-003327 → kalosorama@gmail.com: node scripts/send-email.mjs --to kalosorama@gmail.com --plot PLUTO-PLOT-003327 --pdf /opt/data/workspace/cosmiclands-nft/test-output/PLUTO-PLOT-003327-7845027578197.pdf
2026-09-01T02:16:07.769Z [ERROR] [RETRY 3/3] email: Command failed: /usr/local/bin/node /opt/data/workspace/cosmiclands-nft/scripts/send-email.mjs --to kalosorama@gmail.com --plot PLUTO-PLOT-003327 --pdf /opt/data/workspace/cosmiclands-nft/test-output/PLUTO-PLOT-003327-7845027578197.pdf
/opt/data/workspace/cosmiclands-nft/node_modules/nodemailer/lib/smtp-connection/index.js:938
            err = new Error(message);
                  ^

Error: Invalid login: 535 5.7.8 Error: authentication failed: (reason unavailable)
    at SMTPConnection._formatError (/opt/data/workspace/cosmiclands-nft/node_modules/nodemailer/lib/smtp-connection/index.js:938:19)
    at SMTPConnection._actionAUTHComplete (/opt/data/workspace/cosmiclands-nft/node_modules/nodemailer/lib/smtp-connection/index.js:1784:34)
    at SMTPConnection.<anonymous> (/opt/data/workspace/cosmiclands-nft/node_modules/nodemailer/lib/smtp-connection/index.js:669:26)
    at SMTPConnection._processResponse (/opt/data/workspace/cosmiclands-nft/node_modules/nodemailer/lib/smtp-connection/index.js:1150:20)
    at SMTPConnection._onData (/opt/data/workspace/cosmiclands-nft/node_modules/nodemailer/lib/smtp-connection/index.js:898:14)
    at SMTPConnection._onSocketData (/opt/data/workspace/cosmiclands-nft/node_modules/nodemailer/lib/smtp-connection/index.js:224:44)
    at TLSSocket.emit (node:events:509:20)
    at addChunk (node:internal/streams/readable:568:12)
    at readableAddChunkPushByteMode (node:internal/streams/readable:519:3)
    at Readable.push (node:internal/streams/readable:399:5) {
  code: 'EAUTH',
  response: '535 5.7.8 Error: authentication failed: (reason unavailable)',
  responseCode: 535,
  command: 'AUTH PLAIN'
}

Node.js v26.5.1

2026-09-01T02:16:07.769Z [ERROR] ORDER #1011: Command failed: /usr/local/bin/node /opt/data/workspace/cosmiclands-nft/scripts/send-email.mjs --to kalosorama@gmail.com --plot PLUTO-PLOT-003327 --pdf /opt/data/workspace/cosmiclands-nft/test-output/PLUTO-PLOT-003327-7845027578197.pdf
/opt/data/workspace/cosmiclands-nft/node_modules/nodemailer/lib/smtp-connection/index.js:938
            err = new Error(message);
                  ^

Error: Invalid login: 535 5.7.8 Error: authentication failed: (reason unavailable)
    at SMTPConnection._formatError (/opt/data/workspace/cosmiclands-nft/node_modules/nodemailer/lib/smtp-connection/index.js:938:19)
    at SMTPConnection._actionAUTHComplete (/opt/data/workspace/cosmiclands-nft/node_modules/nodemailer/lib/smtp-connection/index.js:1784:34)
    at SMTPConnection.<anonymous> (/opt/data/workspace/cosmiclands-nft/node_modules/nodemailer/lib/smtp-connection/index.js:669:26)
    at SMTPConnection._processResponse (/opt/data/workspace/cosmiclands-nft/node_modules/nodemailer/lib/smtp-connection/index.js:1150:20)
    at SMTPConnection._onData (/opt/data/workspace/cosmiclands-nft/node_modules/nodemailer/lib/smtp-connection/index.js:898:14)
    at SMTPConnection._onSocketData (/opt/data/workspace/cosmiclands-nft/node_modules/nodemailer/lib/smtp-connection/index.js:224:44)
    at TLSSocket.emit (node:events:509:20)
    at addChunk (node:internal/streams/readable:568:12)
    at readableAddChunkPushByteMode (node:internal/streams/readable:519:3)
    at Readable.push (node:internal/streams/readable:399:5) {
  code: 'EAUTH',
  response: '535 5.7.8 Error: authentication failed: (reason unavailable)',
  responseCode: 535,
  command: 'AUTH PLAIN'
}

Node.js v26.5.1
 — pozostaje w kolejce (MT-12)
2026-09-01T02:16:07.770Z [INFO] === ORDER #1010 (7845027545429) test=false items=1
2026-09-01T02:16:07.947Z [INFO] ITEM PLUTO-PLOT-002465: class=S grant=100 wallet=0xD197fEA004F3c6Fd3B7657b2eD32D8eCFA9EE880 (DIRECT_WALLET) region=Cthulhu
2026-09-01T02:16:08.210Z [INFO] RUN mint PLUTO-PLOT-002465 → 0xD197fEA004F3c6Fd3B7657b2eD32D8eCFA9EE880: node scripts/mint-test.mjs 
2026-09-01T02:16:10.104Z [INFO]   | [mint] base-sepolia deed=0xeB503fEC1a553d6d8E85cC4d9E4c7B04ceb664C4 plot=PLUTO-PLOT-002465 -> 0xD197fEA004F3c6Fd3B7657b2eD32D8eCFA9EE880
2026-09-01T02:16:10.105Z [INFO]   | ✅ minted tokenId, tx=0x01f82dcb973d1e6aac8b106ac6be613a8a7946b988f28631e746fc8368cd73b3
2026-09-01T02:16:10.105Z [INFO]   |    Explorer: https://sepolia.basescan.org/tx/0x01f82dcb973d1e6aac8b106ac6be613a8a7946b988f28631e746fc8368cd73b3
2026-09-01T02:16:10.105Z [INFO]   |    ownerOf(2130) = 0xD197fEA004F3c6Fd3B7657b2eD32D8eCFA9EE880
2026-09-01T02:16:10.105Z [INFO]   |    tokenURI = ipfs://2130
2026-09-01T02:16:10.105Z [INFO] MINT OK PLUTO-PLOT-002465 → 0xD197fEA004F3c6Fd3B7657b2eD32D8eCFA9EE880 tx=0x01f82dcb973d1e6aac8b106ac6be613a8a7946b988f28631e746fc8368cd73b3
2026-09-01T02:16:10.105Z [INFO] RUN grant 100 → 0xD197fEA004F3c6Fd3B7657b2eD32D8eCFA9EE880: node scripts/grant-cosmo.mjs --to 0xD197fEA004F3c6Fd3B7657b2eD32D8eCFA9EE880 --amount 100
2026-09-01T02:16:15.792Z [INFO]   | GRANT_OK tx=0x24dacc2cb7528ab7322662c636dbe66450f8eebec932264ad481e724e816f455 amount=100 to=0xD197fEA004F3c6Fd3B7657b2eD32D8eCFA9EE880 block=46230342
2026-09-01T02:16:15.793Z [INFO] GRANT OK 100 COSMO → 0xD197fEA004F3c6Fd3B7657b2eD32D8eCFA9EE880 tx=0x24dacc2cb7528ab7322662c636dbe66450f8eebec932264ad481e724e816f455
2026-09-01T02:16:15.793Z [INFO] RUN pdf PLUTO-PLOT-002465: node scripts/generate-certificate-v3.mjs --planet pluto --plot PLUTO-PLOT-002465 --owner Kalosorama --class S --region Cthulhu --coords — --area 0.5 ha --price 50 EUR --cosmo 100 --cert CL-TEST-7845027545429 --token-id 0 --tx 0x01f82dcb973d1e6aac8b106ac6be613a8a7946b988f28631e746fc8368cd73b3 --out /opt/data/workspace/cosmiclands-nft/test-output/PLUTO-PLOT-002465-7845027545429.pdf
2026-09-01T02:16:16.189Z [INFO]   | ✅ PLUTO-PLOT-002465-7845027545429.pdf (PLUTO premium, QR → https://map.cosmiclands.space/?plot=PLUTO-PLOT-002465)
2026-09-01T02:16:16.189Z [INFO] PDF OK /opt/data/workspace/cosmiclands-nft/test-output/PLUTO-PLOT-002465-7845027545429.pdf
2026-09-01T02:16:16.190Z [INFO] RUN email PLUTO-PLOT-002465 → kalosorama@gmail.com: node scripts/send-email.mjs --to kalosorama@gmail.com --plot PLUTO-PLOT-002465 --pdf /opt/data/workspace/cosmiclands-nft/test-output/PLUTO-PLOT-002465-7845027545429.pdf
2026-09-01T02:16:19.520Z [ERROR] [RETRY 1/3] email: Command failed: /usr/local/bin/node /opt/data/workspace/cosmiclands-nft/scripts/send-email.mjs --to kalosorama@gmail.com --plot PLUTO-PLOT-002465 --pdf /opt/data/workspace/cosmiclands-nft/test-output/PLUTO-PLOT-002465-7845027545429.pdf
/opt/data/workspace/cosmiclands-nft/node_modules/nodemailer/lib/smtp-connection/index.js:938
            err = new Error(message);
                  ^

Error: Invalid login: 535 5.7.8 Error: authentication failed: (reason unavailable)
    at SMTPConnection._formatError (/opt/data/workspace/cosmiclands-nft/node_modules/nodemailer/lib/smtp-connection/index.js:938:19)
    at SMTPConnection._actionAUTHComplete (/opt/data/workspace/cosmiclands-nft/node_modules/nodemailer/lib/smtp-connection/index.js:1784:34)
    at SMTPConnection.<anonymous> (/opt/data/workspace/cosmiclands-nft/node_modules/nodemailer/lib/smtp-connection/index.js:669:26)
    at SMTPConnection._processResponse (/opt/data/workspace/cosmiclands-nft/node_modules/nodemailer/lib/smtp-connection/index.js:1150:20)
    at SMTPConnection._onData (/opt/data/workspace/cosmiclands-nft/node_modules/nodemailer/lib/smtp-connection/index.js:898:14)
    at SMTPConnection._onSocketData (/opt/data/workspace/cosmiclands-nft/node_modules/nodemailer/lib/smtp-connection/index.js:224:44)
    at TLSSocket.emit (node:events:509:20)
    at addChunk (node:internal/streams/readable:568:12)
    at readableAddChunkPushByteMode (node:internal/streams/readable:519:3)
    at Readable.push (node:internal/streams/readable:399:5) {
  code: 'EAUTH',
  response: '535 5.7.8 Error: authentication failed: (reason unavailable)',
  responseCode: 535,
  command: 'AUTH PLAIN'
}

Node.js v26.5.1

2026-09-01T02:16:24.520Z [INFO] RUN email PLUTO-PLOT-002465 → kalosorama@gmail.com: node scripts/send-email.mjs --to kalosorama@gmail.com --plot PLUTO-PLOT-002465 --pdf /opt/data/workspace/cosmiclands-nft/test-output/PLUTO-PLOT-002465-7845027545429.pdf
2026-09-01T02:16:28.210Z [ERROR] [RETRY 2/3] email: Command failed: /usr/local/bin/node /opt/data/workspace/cosmiclands-nft/scripts/send-email.mjs --to kalosorama@gmail.com --plot PLUTO-PLOT-002465 --pdf /opt/data/workspace/cosmiclands-nft/test-output/PLUTO-PLOT-002465-7845027545429.pdf
/opt/data/workspace/cosmiclands-nft/node_modules/nodemailer/lib/smtp-connection/index.js:938
            err = new Error(message);
                  ^

Error: Invalid login: 535 5.7.8 Error: authentication failed: (reason unavailable)
    at SMTPConnection._formatError (/opt/data/workspace/cosmiclands-nft/node_modules/nodemailer/lib/smtp-connection/index.js:938:19)
    at SMTPConnection._actionAUTHComplete (/opt/data/workspace/cosmiclands-nft/node_modules/nodemailer/lib/smtp-connection/index.js:1784:34)
    at SMTPConnection.<anonymous> (/opt/data/workspace/cosmiclands-nft/node_modules/nodemailer/lib/smtp-connection/index.js:669:26)
    at SMTPConnection._processResponse (/opt/data/workspace/cosmiclands-nft/node_modules/nodemailer/lib/smtp-connection/index.js:1150:20)
    at SMTPConnection._onData (/opt/data/workspace/cosmiclands-nft/node_modules/nodemailer/lib/smtp-connection/index.js:898:14)
    at SMTPConnection._onSocketData (/opt/data/workspace/cosmiclands-nft/node_modules/nodemailer/lib/smtp-connection/index.js:224:44)
    at TLSSocket.emit (node:events:509:20)
    at addChunk (node:internal/streams/readable:568:12)
    at readableAddChunkPushByteMode (node:internal/streams/readable:519:3)
    at Readable.push (node:internal/streams/readable:399:5) {
  code: 'EAUTH',
  response: '535 5.7.8 Error: authentication failed: (reason unavailable)',
  responseCode: 535,
  command: 'AUTH PLAIN'
}

Node.js v26.5.1

2026-09-01T02:16:38.210Z [INFO] RUN email PLUTO-PLOT-002465 → kalosorama@gmail.com: node scripts/send-email.mjs --to kalosorama@gmail.com --plot PLUTO-PLOT-002465 --pdf /opt/data/workspace/cosmiclands-nft/test-output/PLUTO-PLOT-002465-7845027545429.pdf
2026-09-01T02:16:42.441Z [ERROR] [RETRY 3/3] email: Command failed: /usr/local/bin/node /opt/data/workspace/cosmiclands-nft/scripts/send-email.mjs --to kalosorama@gmail.com --plot PLUTO-PLOT-002465 --pdf /opt/data/workspace/cosmiclands-nft/test-output/PLUTO-PLOT-002465-7845027545429.pdf
/opt/data/workspace/cosmiclands-nft/node_modules/nodemailer/lib/smtp-connection/index.js:938
            err = new Error(message);
                  ^

Error: Invalid login: 535 5.7.8 Error: authentication failed: (reason unavailable)
    at SMTPConnection._formatError (/opt/data/workspace/cosmiclands-nft/node_modules/nodemailer/lib/smtp-connection/index.js:938:19)
    at SMTPConnection._actionAUTHComplete (/opt/data/workspace/cosmiclands-nft/node_modules/nodemailer/lib/smtp-connection/index.js:1784:34)
    at SMTPConnection.<anonymous> (/opt/data/workspace/cosmiclands-nft/node_modules/nodemailer/lib/smtp-connection/index.js:669:26)
    at SMTPConnection._processResponse (/opt/data/workspace/cosmiclands-nft/node_modules/nodemailer/lib/smtp-connection/index.js:1150:20)
    at SMTPConnection._onData (/opt/data/workspace/cosmiclands-nft/node_modules/nodemailer/lib/smtp-connection/index.js:898:14)
    at SMTPConnection._onSocketData (/opt/data/workspace/cosmiclands-nft/node_modules/nodemailer/lib/smtp-connection/index.js:224:44)
    at TLSSocket.emit (node:events:509:20)
    at addChunk (node:internal/streams/readable:568:12)
    at readableAddChunkPushByteMode (node:internal/streams/readable:519:3)
    at Readable.push (node:internal/streams/readable:399:5) {
  code: 'EAUTH',
  response: '535 5.7.8 Error: authentication failed: (reason unavailable)',
  responseCode: 535,
  command: 'AUTH PLAIN'
}

Node.js v26.5.1

2026-09-01T02:16:42.442Z [ERROR] ORDER #1010: Command failed: /usr/local/bin/node /opt/data/workspace/cosmiclands-nft/scripts/send-email.mjs --to kalosorama@gmail.com --plot PLUTO-PLOT-002465 --pdf /opt/data/workspace/cosmiclands-nft/test-output/PLUTO-PLOT-002465-7845027545429.pdf
/opt/data/workspace/cosmiclands-nft/node_modules/nodemailer/lib/smtp-connection/index.js:938
            err = new Error(message);
                  ^

Error: Invalid login: 535 5.7.8 Error: authentication failed: (reason unavailable)
    at SMTPConnection._formatError (/opt/data/workspace/cosmiclands-nft/node_modules/nodemailer/lib/smtp-connection/index.js:938:19)
    at SMTPConnection._actionAUTHComplete (/opt/data/workspace/cosmiclands-nft/node_modules/nodemailer/lib/smtp-connection/index.js:1784:34)
    at SMTPConnection.<anonymous> (/opt/data/workspace/cosmiclands-nft/node_modules/nodemailer/lib/smtp-connection/index.js:669:26)
    at SMTPConnection._processResponse (/opt/data/workspace/cosmiclands-nft/node_modules/nodemailer/lib/smtp-connection/index.js:1150:20)
    at SMTPConnection._onData (/opt/data/workspace/cosmiclands-nft/node_modules/nodemailer/lib/smtp-connection/index.js:898:14)
    at SMTPConnection._onSocketData (/opt/data/workspace/cosmiclands-nft/node_modules/nodemailer/lib/smtp-connection/index.js:224:44)
    at TLSSocket.emit (node:events:509:20)
    at addChunk (node:internal/streams/readable:568:12)
    at readableAddChunkPushByteMode (node:internal/streams/readable:519:3)
    at Readable.push (node:internal/streams/readable:399:5) {
  code: 'EAUTH',
  response: '535 5.7.8 Error: authentication failed: (reason unavailable)',
  responseCode: 535,
  command: 'AUTH PLAIN'
}

Node.js v26.5.1
 — pozostaje w kolejce (MT-12)
2026-09-01T02:16:42.442Z [INFO] === ORDER #1009 (7845027447125) test=false items=1
2026-09-01T02:16:42.589Z [INFO] ITEM PLUTO-PLOT-002403: class=XL grant=2700 wallet=0xD197fEA004F3c6Fd3B7657b2eD32D8eCFA9EE880 (DIRECT_WALLET) region=Arrakis
2026-09-01T02:16:42.816Z [INFO] RUN mint PLUTO-PLOT-002403 → 0xD197fEA004F3c6Fd3B7657b2eD32D8eCFA9EE880: node scripts/mint-test.mjs 
2026-09-01T02:16:48.598Z [INFO]   | [mint] base-sepolia deed=0xeB503fEC1a553d6d8E85cC4d9E4c7B04ceb664C4 plot=PLUTO-PLOT-002403 -> 0xD197fEA004F3c6Fd3B7657b2eD32D8eCFA9EE880
2026-09-01T02:16:48.599Z [INFO]   | ✅ minted tokenId, tx=0x503d3d510168c74f9600f693f97badcf8ccf9a06485886f1c439b4fa00e2773e
2026-09-01T02:16:48.599Z [INFO]   |    Explorer: https://sepolia.basescan.org/tx/0x503d3d510168c74f9600f693f97badcf8ccf9a06485886f1c439b4fa00e2773e
2026-09-01T02:16:48.599Z [INFO]   |    ownerOf(2132) = 0xD197fEA004F3c6Fd3B7657b2eD32D8eCFA9EE880
2026-09-01T02:16:48.599Z [INFO]   |    tokenURI = ipfs://2132
2026-09-01T02:16:48.599Z [INFO] MINT OK PLUTO-PLOT-002403 → 0xD197fEA004F3c6Fd3B7657b2eD32D8eCFA9EE880 tx=0x503d3d510168c74f9600f693f97badcf8ccf9a06485886f1c439b4fa00e2773e
2026-09-01T02:16:48.600Z [INFO] RUN grant 2700 → 0xD197fEA004F3c6Fd3B7657b2eD32D8eCFA9EE880: node scripts/grant-cosmo.mjs --to 0xD197fEA004F3c6Fd3B7657b2eD32D8eCFA9EE880 --amount 2700
2026-09-01T02:16:54.462Z [INFO]   | GRANT_OK tx=0x9d52843604feee8fa5dd658975acee111f14d99501530694dd3695946f948a38 amount=2700 to=0xD197fEA004F3c6Fd3B7657b2eD32D8eCFA9EE880 block=46230362
2026-09-01T02:16:54.462Z [INFO] GRANT OK 2700 COSMO → 0xD197fEA004F3c6Fd3B7657b2eD32D8eCFA9EE880 tx=0x9d52843604feee8fa5dd658975acee111f14d99501530694dd3695946f948a38
2026-09-01T02:16:54.462Z [INFO] RUN pdf PLUTO-PLOT-002403: node scripts/generate-certificate-v3.mjs --planet pluto --plot PLUTO-PLOT-002403 --owner Kalosorama --class XL --region Arrakis --coords — --area 13.5 ha --price 999 EUR --cosmo 2700 --cert CL-TEST-7845027447125 --token-id 0 --tx 0x503d3d510168c74f9600f693f97badcf8ccf9a06485886f1c439b4fa00e2773e --out /opt/data/workspace/cosmiclands-nft/test-output/PLUTO-PLOT-002403-7845027447125.pdf
2026-09-01T02:16:54.810Z [INFO]   | ✅ PLUTO-PLOT-002403-7845027447125.pdf (PLUTO premium, QR → https://map.cosmiclands.space/?plot=PLUTO-PLOT-002403)
2026-09-01T02:16:54.810Z [INFO] PDF OK /opt/data/workspace/cosmiclands-nft/test-output/PLUTO-PLOT-002403-7845027447125.pdf
2026-09-01T02:16:54.811Z [INFO] RUN email PLUTO-PLOT-002403 → kalosorama@gmail.com: node scripts/send-email.mjs --to kalosorama@gmail.com --plot PLUTO-PLOT-002403 --pdf /opt/data/workspace/cosmiclands-nft/test-output/PLUTO-PLOT-002403-7845027447125.pdf
2026-09-01T02:16:59.411Z [ERROR] [RETRY 1/3] email: Command failed: /usr/local/bin/node /opt/data/workspace/cosmiclands-nft/scripts/send-email.mjs --to kalosorama@gmail.com --plot PLUTO-PLOT-002403 --pdf /opt/data/workspace/cosmiclands-nft/test-output/PLUTO-PLOT-002403-7845027447125.pdf
/opt/data/workspace/cosmiclands-nft/node_modules/nodemailer/lib/smtp-connection/index.js:938
            err = new Error(message);
                  ^

Error: Invalid login: 535 5.7.8 Error: authentication failed: (reason unavailable)
    at SMTPConnection._formatError (/opt/data/workspace/cosmiclands-nft/node_modules/nodemailer/lib/smtp-connection/index.js:938:19)
    at SMTPConnection._actionAUTHComplete (/opt/data/workspace/cosmiclands-nft/node_modules/nodemailer/lib/smtp-connection/index.js:1784:34)
    at SMTPConnection.<anonymous> (/opt/data/workspace/cosmiclands-nft/node_modules/nodemailer/lib/smtp-connection/index.js:669:26)
    at SMTPConnection._processResponse (/opt/data/workspace/cosmiclands-nft/node_modules/nodemailer/lib/smtp-connection/index.js:1150:20)
    at SMTPConnection._onData (/opt/data/workspace/cosmiclands-nft/node_modules/nodemailer/lib/smtp-connection/index.js:898:14)
    at SMTPConnection._onSocketData (/opt/data/workspace/cosmiclands-nft/node_modules/nodemailer/lib/smtp-connection/index.js:224:44)
    at TLSSocket.emit (node:events:509:20)
    at addChunk (node:internal/streams/readable:568:12)
    at readableAddChunkPushByteMode (node:internal/streams/readable:519:3)
    at Readable.push (node:internal/streams/readable:399:5) {
  code: 'EAUTH',
  response: '535 5.7.8 Error: authentication failed: (reason unavailable)',
  responseCode: 535,
  command: 'AUTH PLAIN'
}

Node.js v26.5.1

2026-09-01T02:17:04.414Z [INFO] RUN email PLUTO-PLOT-002403 → kalosorama@gmail.com: node scripts/send-email.mjs --to kalosorama@gmail.com --plot PLUTO-PLOT-002403 --pdf /opt/data/workspace/cosmiclands-nft/test-output/PLUTO-PLOT-002403-7845027447125.pdf
2026-09-01T02:17:07.954Z [ERROR] [RETRY 2/3] email: Command failed: /usr/local/bin/node /opt/data/workspace/cosmiclands-nft/scripts/send-email.mjs --to kalosorama@gmail.com --plot PLUTO-PLOT-002403 --pdf /opt/data/workspace/cosmiclands-nft/test-output/PLUTO-PLOT-002403-7845027447125.pdf
/opt/data/workspace/cosmiclands-nft/node_modules/nodemailer/lib/smtp-connection/index.js:938
            err = new Error(message);
                  ^

Error: Invalid login: 535 5.7.8 Error: authentication failed: (reason unavailable)
    at SMTPConnection._formatError (/opt/data/workspace/cosmiclands-nft/node_modules/nodemailer/lib/smtp-connection/index.js:938:19)
    at SMTPConnection._actionAUTHComplete (/opt/data/workspace/cosmiclands-nft/node_modules/nodemailer/lib/smtp-connection/index.js:1784:34)
    at SMTPConnection.<anonymous> (/opt/data/workspace/cosmiclands-nft/node_modules/nodemailer/lib/smtp-connection/index.js:669:26)
    at SMTPConnection._processResponse (/opt/data/workspace/cosmiclands-nft/node_modules/nodemailer/lib/smtp-connection/index.js:1150:20)
    at SMTPConnection._onData (/opt/data/workspace/cosmiclands-nft/node_modules/nodemailer/lib/smtp-connection/index.js:898:14)
    at SMTPConnection._onSocketData (/opt/data/workspace/cosmiclands-nft/node_modules/nodemailer/lib/smtp-connection/index.js:224:44)
    at TLSSocket.emit (node:events:509:20)
    at addChunk (node:internal/streams/readable:568:12)
    at readableAddChunkPushByteMode (node:internal/streams/readable:519:3)
    at Readable.push (node:internal/streams/readable:399:5) {
  code: 'EAUTH',
  response: '535 5.7.8 Error: authentication failed: (reason unavailable)',
  responseCode: 535,
  command: 'AUTH PLAIN'
}

Node.js v26.5.1

2026-09-01T02:17:17.955Z [INFO] RUN email PLUTO-PLOT-002403 → kalosorama@gmail.com: node scripts/send-email.mjs --to kalosorama@gmail.com --plot PLUTO-PLOT-002403 --pdf /opt/data/workspace/cosmiclands-nft/test-output/PLUTO-PLOT-002403-7845027447125.pdf
2026-09-01T02:17:21.632Z [ERROR] [RETRY 3/3] email: Command failed: /usr/local/bin/node /opt/data/workspace/cosmiclands-nft/scripts/send-email.mjs --to kalosorama@gmail.com --plot PLUTO-PLOT-002403 --pdf /opt/data/workspace/cosmiclands-nft/test-output/PLUTO-PLOT-002403-7845027447125.pdf
/opt/data/workspace/cosmiclands-nft/node_modules/nodemailer/lib/smtp-connection/index.js:938
            err = new Error(message);
                  ^

Error: Invalid login: 535 5.7.8 Error: authentication failed: (reason unavailable)
    at SMTPConnection._formatError (/opt/data/workspace/cosmiclands-nft/node_modules/nodemailer/lib/smtp-connection/index.js:938:19)
    at SMTPConnection._actionAUTHComplete (/opt/data/workspace/cosmiclands-nft/node_modules/nodemailer/lib/smtp-connection/index.js:1784:34)
    at SMTPConnection.<anonymous> (/opt/data/workspace/cosmiclands-nft/node_modules/nodemailer/lib/smtp-connection/index.js:669:26)
    at SMTPConnection._processResponse (/opt/data/workspace/cosmiclands-nft/node_modules/nodemailer/lib/smtp-connection/index.js:1150:20)
    at SMTPConnection._onData (/opt/data/workspace/cosmiclands-nft/node_modules/nodemailer/lib/smtp-connection/index.js:898:14)
    at SMTPConnection._onSocketData (/opt/data/workspace/cosmiclands-nft/node_modules/nodemailer/lib/smtp-connection/index.js:224:44)
    at TLSSocket.emit (node:events:509:20)
    at addChunk (node:internal/streams/readable:568:12)
    at readableAddChunkPushByteMode (node:internal/streams/readable:519:3)
    at Readable.push (node:internal/streams/readable:399:5) {
  code: 'EAUTH',
  response: '535 5.7.8 Error: authentication failed: (reason unavailable)',
  responseCode: 535,
  command: 'AUTH PLAIN'
}

Node.js v26.5.1

2026-09-01T02:17:21.632Z [ERROR] ORDER #1009: Command failed: /usr/local/bin/node /opt/data/workspace/cosmiclands-nft/scripts/send-email.mjs --to kalosorama@gmail.com --plot PLUTO-PLOT-002403 --pdf /opt/data/workspace/cosmiclands-nft/test-output/PLUTO-PLOT-002403-7845027447125.pdf
/opt/data/workspace/cosmiclands-nft/node_modules/nodemailer/lib/smtp-connection/index.js:938
            err = new Error(message);
                  ^

Error: Invalid login: 535 5.7.8 Error: authentication failed: (reason unavailable)
    at SMTPConnection._formatError (/opt/data/workspace/cosmiclands-nft/node_modules/nodemailer/lib/smtp-connection/index.js:938:19)
    at SMTPConnection._actionAUTHComplete (/opt/data/workspace/cosmiclands-nft/node_modules/nodemailer/lib/smtp-connection/index.js:1784:34)
    at SMTPConnection.<anonymous> (/opt/data/workspace/cosmiclands-nft/node_modules/nodemailer/lib/smtp-connection/index.js:669:26)
    at SMTPConnection._processResponse (/opt/data/workspace/cosmiclands-nft/node_modules/nodemailer/lib/smtp-connection/index.js:1150:20)
    at SMTPConnection._onData (/opt/data/workspace/cosmiclands-nft/node_modules/nodemailer/lib/smtp-connection/index.js:898:14)
    at SMTPConnection._onSocketData (/opt/data/workspace/cosmiclands-nft/node_modules/nodemailer/lib/smtp-connection/index.js:224:44)
    at TLSSocket.emit (node:events:509:20)
    at addChunk (node:internal/streams/readable:568:12)
    at readableAddChunkPushByteMode (node:internal/streams/readable:519:3)
    at Readable.push (node:internal/streams/readable:399:5) {
  code: 'EAUTH',
  response: '535 5.7.8 Error: authentication failed: (reason unavailable)',
  responseCode: 535,
  command: 'AUTH PLAIN'
}

Node.js v26.5.1
 — pozostaje w kolejce (MT-12)
2026-09-01T02:17:21.632Z [INFO] === ORDER #1008 (7845027414357) test=false items=1
2026-09-01T02:17:21.802Z [INFO] ITEM PLUTO-PLOT-001664: class=L grant=900 wallet=0xD197fEA004F3c6Fd3B7657b2eD32D8eCFA9EE880 (DIRECT_WALLET) region=Lowell
2026-09-01T02:17:22.055Z [INFO] RUN mint PLUTO-PLOT-001664 → 0xD197fEA004F3c6Fd3B7657b2eD32D8eCFA9EE880: node scripts/mint-test.mjs 
2026-09-01T02:17:27.816Z [INFO]   | [mint] base-sepolia deed=0xeB503fEC1a553d6d8E85cC4d9E4c7B04ceb664C4 plot=PLUTO-PLOT-001664 -> 0xD197fEA004F3c6Fd3B7657b2eD32D8eCFA9EE880
2026-09-01T02:17:27.817Z [INFO]   | ✅ minted tokenId, tx=0xf5c5f30e05e952107f84c6d714c816ed2c909d1f88149a8fa0ea37673f1bfeea
2026-09-01T02:17:27.817Z [INFO]   |    Explorer: https://sepolia.basescan.org/tx/0xf5c5f30e05e952107f84c6d714c816ed2c909d1f88149a8fa0ea37673f1bfeea
2026-09-01T02:17:27.817Z [INFO]   |    ownerOf(2133) = 0xD197fEA004F3c6Fd3B7657b2eD32D8eCFA9EE880
2026-09-01T02:17:27.818Z [INFO]   |    tokenURI = ipfs://2133
2026-09-01T02:17:27.818Z [INFO] MINT OK PLUTO-PLOT-001664 → 0xD197fEA004F3c6Fd3B7657b2eD32D8eCFA9EE880 tx=0xf5c5f30e05e952107f84c6d714c816ed2c909d1f88149a8fa0ea37673f1bfeea
2026-09-01T02:17:27.818Z [INFO] RUN grant 900 → 0xD197fEA004F3c6Fd3B7657b2eD32D8eCFA9EE880: node scripts/grant-cosmo.mjs --to 0xD197fEA004F3c6Fd3B7657b2eD32D8eCFA9EE880 --amount 900
2026-09-01T02:17:29.253Z [INFO]   | GRANT_OK tx=0x697d06065b37c7719be1a2f1c595e1a5df4d14f345372dbadd123430a1759389 amount=900 to=0xD197fEA004F3c6Fd3B7657b2eD32D8eCFA9EE880 block=46230381
2026-09-01T02:17:29.254Z [INFO] GRANT OK 900 COSMO → 0xD197fEA004F3c6Fd3B7657b2eD32D8eCFA9EE880 tx=0x697d06065b37c7719be1a2f1c595e1a5df4d14f345372dbadd123430a1759389
2026-09-01T02:17:29.254Z [INFO] RUN pdf PLUTO-PLOT-001664: node scripts/generate-certificate-v3.mjs --planet pluto --plot PLUTO-PLOT-001664 --owner Kalosorama --class L --region Lowell --coords — --area 4.5 ha --price 369 EUR --cosmo 900 --cert CL-TEST-7845027414357 --token-id 0 --tx 0xf5c5f30e05e952107f84c6d714c816ed2c909d1f88149a8fa0ea37673f1bfeea --out /opt/data/workspace/cosmiclands-nft/test-output/PLUTO-PLOT-001664-7845027414357.pdf
2026-09-01T02:17:29.654Z [INFO]   | ✅ PLUTO-PLOT-001664-7845027414357.pdf (PLUTO premium, QR → https://map.cosmiclands.space/?plot=PLUTO-PLOT-001664)
2026-09-01T02:17:29.654Z [INFO] PDF OK /opt/data/workspace/cosmiclands-nft/test-output/PLUTO-PLOT-001664-7845027414357.pdf
2026-09-01T02:17:29.654Z [INFO] RUN email PLUTO-PLOT-001664 → kalosorama@gmail.com: node scripts/send-email.mjs --to kalosorama@gmail.com --plot PLUTO-PLOT-001664 --pdf /opt/data/workspace/cosmiclands-nft/test-output/PLUTO-PLOT-001664-7845027414357.pdf
2026-09-01T02:17:33.313Z [ERROR] [RETRY 1/3] email: Command failed: /usr/local/bin/node /opt/data/workspace/cosmiclands-nft/scripts/send-email.mjs --to kalosorama@gmail.com --plot PLUTO-PLOT-001664 --pdf /opt/data/workspace/cosmiclands-nft/test-output/PLUTO-PLOT-001664-7845027414357.pdf
/opt/data/workspace/cosmiclands-nft/node_modules/nodemailer/lib/smtp-connection/index.js:938
            err = new Error(message);
                  ^

Error: Invalid login: 535 5.7.8 Error: authentication failed: (reason unavailable)
    at SMTPConnection._formatError (/opt/data/workspace/cosmiclands-nft/node_modules/nodemailer/lib/smtp-connection/index.js:938:19)
    at SMTPConnection._actionAUTHComplete (/opt/data/workspace/cosmiclands-nft/node_modules/nodemailer/lib/smtp-connection/index.js:1784:34)
    at SMTPConnection.<anonymous> (/opt/data/workspace/cosmiclands-nft/node_modules/nodemailer/lib/smtp-connection/index.js:669:26)
    at SMTPConnection._processResponse (/opt/data/workspace/cosmiclands-nft/node_modules/nodemailer/lib/smtp-connection/index.js:1150:20)
    at SMTPConnection._onData (/opt/data/workspace/cosmiclands-nft/node_modules/nodemailer/lib/smtp-connection/index.js:898:14)
    at SMTPConnection._onSocketData (/opt/data/workspace/cosmiclands-nft/node_modules/nodemailer/lib/smtp-connection/index.js:224:44)
    at TLSSocket.emit (node:events:509:20)
    at addChunk (node:internal/streams/readable:568:12)
    at readableAddChunkPushByteMode (node:internal/streams/readable:519:3)
    at Readable.push (node:internal/streams/readable:399:5) {
  code: 'EAUTH',
  response: '535 5.7.8 Error: authentication failed: (reason unavailable)',
  responseCode: 535,
  command: 'AUTH PLAIN'
}

Node.js v26.5.1

2026-09-01T02:17:38.314Z [INFO] RUN email PLUTO-PLOT-001664 → kalosorama@gmail.com: node scripts/send-email.mjs --to kalosorama@gmail.com --plot PLUTO-PLOT-001664 --pdf /opt/data/workspace/cosmiclands-nft/test-output/PLUTO-PLOT-001664-7845027414357.pdf
2026-09-01T02:17:42.143Z [ERROR] [RETRY 2/3] email: Command failed: /usr/local/bin/node /opt/data/workspace/cosmiclands-nft/scripts/send-email.mjs --to kalosorama@gmail.com --plot PLUTO-PLOT-001664 --pdf /opt/data/workspace/cosmiclands-nft/test-output/PLUTO-PLOT-001664-7845027414357.pdf
/opt/data/workspace/cosmiclands-nft/node_modules/nodemailer/lib/smtp-connection/index.js:938
            err = new Error(message);
                  ^

Error: Invalid login: 535 5.7.8 Error: authentication failed: (reason unavailable)
    at SMTPConnection._formatError (/opt/data/workspace/cosmiclands-nft/node_modules/nodemailer/lib/smtp-connection/index.js:938:19)
    at SMTPConnection._actionAUTHComplete (/opt/data/workspace/cosmiclands-nft/node_modules/nodemailer/lib/smtp-connection/index.js:1784:34)
    at SMTPConnection.<anonymous> (/opt/data/workspace/cosmiclands-nft/node_modules/nodemailer/lib/smtp-connection/index.js:669:26)
    at SMTPConnection._processResponse (/opt/data/workspace/cosmiclands-nft/node_modules/nodemailer/lib/smtp-connection/index.js:1150:20)
    at SMTPConnection._onData (/opt/data/workspace/cosmiclands-nft/node_modules/nodemailer/lib/smtp-connection/index.js:898:14)
    at SMTPConnection._onSocketData (/opt/data/workspace/cosmiclands-nft/node_modules/nodemailer/lib/smtp-connection/index.js:224:44)
    at TLSSocket.emit (node:events:509:20)
    at addChunk (node:internal/streams/readable:568:12)
    at readableAddChunkPushByteMode (node:internal/streams/readable:519:3)
    at Readable.push (node:internal/streams/readable:399:5) {
  code: 'EAUTH',
  response: '535 5.7.8 Error: authentication failed: (reason unavailable)',
  responseCode: 535,
  command: 'AUTH PLAIN'
}

Node.js v26.5.1

2026-09-01T02:17:52.144Z [INFO] RUN email PLUTO-PLOT-001664 → kalosorama@gmail.com: node scripts/send-email.mjs --to kalosorama@gmail.com --plot PLUTO-PLOT-001664 --pdf /opt/data/workspace/cosmiclands-nft/test-output/PLUTO-PLOT-001664-7845027414357.pdf
2026-09-01T02:17:56.321Z [ERROR] [RETRY 3/3] email: Command failed: /usr/local/bin/node /opt/data/workspace/cosmiclands-nft/scripts/send-email.mjs --to kalosorama@gmail.com --plot PLUTO-PLOT-001664 --pdf /opt/data/workspace/cosmiclands-nft/test-output/PLUTO-PLOT-001664-7845027414357.pdf
/opt/data/workspace/cosmiclands-nft/node_modules/nodemailer/lib/smtp-connection/index.js:938
            err = new Error(message);
                  ^

Error: Invalid login: 535 5.7.8 Error: authentication failed: (reason unavailable)
    at SMTPConnection._formatError (/opt/data/workspace/cosmiclands-nft/node_modules/nodemailer/lib/smtp-connection/index.js:938:19)
    at SMTPConnection._actionAUTHComplete (/opt/data/workspace/cosmiclands-nft/node_modules/nodemailer/lib/smtp-connection/index.js:1784:34)
    at SMTPConnection.<anonymous> (/opt/data/workspace/cosmiclands-nft/node_modules/nodemailer/lib/smtp-connection/index.js:669:26)
    at SMTPConnection._processResponse (/opt/data/workspace/cosmiclands-nft/node_modules/nodemailer/lib/smtp-connection/index.js:1150:20)
    at SMTPConnection._onData (/opt/data/workspace/cosmiclands-nft/node_modules/nodemailer/lib/smtp-connection/index.js:898:14)
    at SMTPConnection._onSocketData (/opt/data/workspace/cosmiclands-nft/node_modules/nodemailer/lib/smtp-connection/index.js:224:44)
    at TLSSocket.emit (node:events:509:20)
    at addChunk (node:internal/streams/readable:568:12)
    at readableAddChunkPushByteMode (node:internal/streams/readable:519:3)
    at Readable.push (node:internal/streams/readable:399:5) {
  code: 'EAUTH',
  response: '535 5.7.8 Error: authentication failed: (reason unavailable)',
  responseCode: 535,
  command: 'AUTH PLAIN'
}

Node.js v26.5.1

2026-09-01T02:17:56.321Z [ERROR] ORDER #1008: Command failed: /usr/local/bin/node /opt/data/workspace/cosmiclands-nft/scripts/send-email.mjs --to kalosorama@gmail.com --plot PLUTO-PLOT-001664 --pdf /opt/data/workspace/cosmiclands-nft/test-output/PLUTO-PLOT-001664-7845027414357.pdf
/opt/data/workspace/cosmiclands-nft/node_modules/nodemailer/lib/smtp-connection/index.js:938
            err = new Error(message);
                  ^

Error: Invalid login: 535 5.7.8 Error: authentication failed: (reason unavailable)
    at SMTPConnection._formatError (/opt/data/workspace/cosmiclands-nft/node_modules/nodemailer/lib/smtp-connection/index.js:938:19)
    at SMTPConnection._actionAUTHComplete (/opt/data/workspace/cosmiclands-nft/node_modules/nodemailer/lib/smtp-connection/index.js:1784:34)
    at SMTPConnection.<anonymous> (/opt/data/workspace/cosmiclands-nft/node_modules/nodemailer/lib/smtp-connection/index.js:669:26)
    at SMTPConnection._processResponse (/opt/data/workspace/cosmiclands-nft/node_modules/nodemailer/lib/smtp-connection/index.js:1150:20)
    at SMTPConnection._onData (/opt/data/workspace/cosmiclands-nft/node_modules/nodemailer/lib/smtp-connection/index.js:898:14)
    at SMTPConnection._onSocketData (/opt/data/workspace/cosmiclands-nft/node_modules/nodemailer/lib/smtp-connection/index.js:224:44)
    at TLSSocket.emit (node:events:509:20)
    at addChunk (node:internal/streams/readable:568:12)
    at readableAddChunkPushByteMode (node:internal/streams/readable:519:3)
    at Readable.push (node:internal/streams/readable:399:5) {
  code: 'EAUTH',
  response: '535 5.7.8 Error: authentication failed: (reason unavailable)',
  responseCode: 535,
  command: 'AUTH PLAIN'
}

Node.js v26.5.1
 — pozostaje w kolejce (MT-12)
2026-09-01T02:17:56.322Z [INFO] === ORDER #1007 (7845027348821) test=false items=1
2026-09-01T02:17:56.502Z [INFO] ITEM PLUTO-PLOT-000863: class=M grant=300 wallet=0xD197fEA004F3c6Fd3B7657b2eD32D8eCFA9EE880 (DIRECT_WALLET) region=Tombaugh
2026-09-01T02:17:56.715Z [INFO] RUN mint PLUTO-PLOT-000863 → 0xD197fEA004F3c6Fd3B7657b2eD32D8eCFA9EE880: node scripts/mint-test.mjs 
2026-09-01T02:18:02.606Z [INFO]   | [mint] base-sepolia deed=0xeB503fEC1a553d6d8E85cC4d9E4c7B04ceb664C4 plot=PLUTO-PLOT-000863 -> 0xD197fEA004F3c6Fd3B7657b2eD32D8eCFA9EE880
2026-09-01T02:18:02.606Z [INFO]   | ✅ minted tokenId, tx=0xd9b6756e72db12247a5a8a1b160651ceac836365329a75f4f2564ea44781a6c0
2026-09-01T02:18:02.606Z [INFO]   |    Explorer: https://sepolia.basescan.org/tx/0xd9b6756e72db12247a5a8a1b160651ceac836365329a75f4f2564ea44781a6c0
2026-09-01T02:18:02.606Z [INFO]   |    ownerOf(2134) = 0xD197fEA004F3c6Fd3B7657b2eD32D8eCFA9EE880
2026-09-01T02:18:02.606Z [INFO]   |    tokenURI = ipfs://2134
2026-09-01T02:18:02.606Z [INFO] MINT OK PLUTO-PLOT-000863 → 0xD197fEA004F3c6Fd3B7657b2eD32D8eCFA9EE880 tx=0xd9b6756e72db12247a5a8a1b160651ceac836365329a75f4f2564ea44781a6c0
2026-09-01T02:18:02.607Z [INFO] RUN grant 300 → 0xD197fEA004F3c6Fd3B7657b2eD32D8eCFA9EE880: node scripts/grant-cosmo.mjs --to 0xD197fEA004F3c6Fd3B7657b2eD32D8eCFA9EE880 --amount 300
2026-09-01T02:18:04.309Z [INFO]   | GRANT_OK tx=0x25f0b1c98bf9603762b48bf4fe62a286bb76be23f8ee5a95cead8387d9871d32 amount=300 to=0xD197fEA004F3c6Fd3B7657b2eD32D8eCFA9EE880 block=46230399
2026-09-01T02:18:04.310Z [INFO] GRANT OK 300 COSMO → 0xD197fEA004F3c6Fd3B7657b2eD32D8eCFA9EE880 tx=0x25f0b1c98bf9603762b48bf4fe62a286bb76be23f8ee5a95cead8387d9871d32
2026-09-01T02:18:04.310Z [INFO] RUN pdf PLUTO-PLOT-000863: node scripts/generate-certificate-v3.mjs --planet pluto --plot PLUTO-PLOT-000863 --owner Kalosorama --class M --region Tombaugh --coords — --area 1.5 ha --price 129 EUR --cosmo 300 --cert CL-TEST-7845027348821 --token-id 0 --tx 0xd9b6756e72db12247a5a8a1b160651ceac836365329a75f4f2564ea44781a6c0 --out /opt/data/workspace/cosmiclands-nft/test-output/PLUTO-PLOT-000863-7845027348821.pdf
2026-09-01T02:18:04.777Z [INFO]   | ✅ PLUTO-PLOT-000863-7845027348821.pdf (PLUTO premium, QR → https://map.cosmiclands.space/?plot=PLUTO-PLOT-000863)
2026-09-01T02:18:04.779Z [INFO] PDF OK /opt/data/workspace/cosmiclands-nft/test-output/PLUTO-PLOT-000863-7845027348821.pdf
2026-09-01T02:18:04.781Z [INFO] RUN email PLUTO-PLOT-000863 → kalosorama@gmail.com: node scripts/send-email.mjs --to kalosorama@gmail.com --plot PLUTO-PLOT-000863 --pdf /opt/data/workspace/cosmiclands-nft/test-output/PLUTO-PLOT-000863-7845027348821.pdf
2026-09-01T02:18:08.277Z [ERROR] [RETRY 1/3] email: Command failed: /usr/local/bin/node /opt/data/workspace/cosmiclands-nft/scripts/send-email.mjs --to kalosorama@gmail.com --plot PLUTO-PLOT-000863 --pdf /opt/data/workspace/cosmiclands-nft/test-output/PLUTO-PLOT-000863-7845027348821.pdf
/opt/data/workspace/cosmiclands-nft/node_modules/nodemailer/lib/smtp-connection/index.js:938
            err = new Error(message);
                  ^

Error: Invalid login: 535 5.7.8 Error: authentication failed: (reason unavailable)
    at SMTPConnection._formatError (/opt/data/workspace/cosmiclands-nft/node_modules/nodemailer/lib/smtp-connection/index.js:938:19)
    at SMTPConnection._actionAUTHComplete (/opt/data/workspace/cosmiclands-nft/node_modules/nodemailer/lib/smtp-connection/index.js:1784:34)
    at SMTPConnection.<anonymous> (/opt/data/workspace/cosmiclands-nft/node_modules/nodemailer/lib/smtp-connection/index.js:669:26)
    at SMTPConnection._processResponse (/opt/data/workspace/cosmiclands-nft/node_modules/nodemailer/lib/smtp-connection/index.js:1150:20)
    at SMTPConnection._onData (/opt/data/workspace/cosmiclands-nft/node_modules/nodemailer/lib/smtp-connection/index.js:898:14)
    at SMTPConnection._onSocketData (/opt/data/workspace/cosmiclands-nft/node_modules/nodemailer/lib/smtp-connection/index.js:224:44)
    at TLSSocket.emit (node:events:509:20)
    at addChunk (node:internal/streams/readable:568:12)
    at readableAddChunkPushByteMode (node:internal/streams/readable:519:3)
    at Readable.push (node:internal/streams/readable:399:5) {
  code: 'EAUTH',
  response: '535 5.7.8 Error: authentication failed: (reason unavailable)',
  responseCode: 535,
  command: 'AUTH PLAIN'
}

Node.js v26.5.1

2026-09-01T02:18:13.278Z [INFO] RUN email PLUTO-PLOT-000863 → kalosorama@gmail.com: node scripts/send-email.mjs --to kalosorama@gmail.com --plot PLUTO-PLOT-000863 --pdf /opt/data/workspace/cosmiclands-nft/test-output/PLUTO-PLOT-000863-7845027348821.pdf
2026-09-01T02:18:17.487Z [ERROR] [RETRY 2/3] email: Command failed: /usr/local/bin/node /opt/data/workspace/cosmiclands-nft/scripts/send-email.mjs --to kalosorama@gmail.com --plot PLUTO-PLOT-000863 --pdf /opt/data/workspace/cosmiclands-nft/test-output/PLUTO-PLOT-000863-7845027348821.pdf
/opt/data/workspace/cosmiclands-nft/node_modules/nodemailer/lib/smtp-connection/index.js:938
            err = new Error(message);
                  ^

Error: Invalid login: 535 5.7.8 Error: authentication failed: (reason unavailable)
    at SMTPConnection._formatError (/opt/data/workspace/cosmiclands-nft/node_modules/nodemailer/lib/smtp-connection/index.js:938:19)
    at SMTPConnection._actionAUTHComplete (/opt/data/workspace/cosmiclands-nft/node_modules/nodemailer/lib/smtp-connection/index.js:1784:34)
    at SMTPConnection.<anonymous> (/opt/data/workspace/cosmiclands-nft/node_modules/nodemailer/lib/smtp-connection/index.js:669:26)
    at SMTPConnection._processResponse (/opt/data/workspace/cosmiclands-nft/node_modules/nodemailer/lib/smtp-connection/index.js:1150:20)
    at SMTPConnection._onData (/opt/data/workspace/cosmiclands-nft/node_modules/nodemailer/lib/smtp-connection/index.js:898:14)
    at SMTPConnection._onSocketData (/opt/data/workspace/cosmiclands-nft/node_modules/nodemailer/lib/smtp-connection/index.js:224:44)
    at TLSSocket.emit (node:events:509:20)
    at addChunk (node:internal/streams/readable:568:12)
    at readableAddChunkPushByteMode (node:internal/streams/readable:519:3)
    at Readable.push (node:internal/streams/readable:399:5) {
  code: 'EAUTH',
  response: '535 5.7.8 Error: authentication failed: (reason unavailable)',
  responseCode: 535,
  command: 'AUTH PLAIN'
}

Node.js v26.5.1

2026-09-01T02:18:27.487Z [INFO] RUN email PLUTO-PLOT-000863 → kalosorama@gmail.com: node scripts/send-email.mjs --to kalosorama@gmail.com --plot PLUTO-PLOT-000863 --pdf /opt/data/workspace/cosmiclands-nft/test-output/PLUTO-PLOT-000863-7845027348821.pdf
2026-09-01T02:18:31.468Z [ERROR] [RETRY 3/3] email: Command failed: /usr/local/bin/node /opt/data/workspace/cosmiclands-nft/scripts/send-email.mjs --to kalosorama@gmail.com --plot PLUTO-PLOT-000863 --pdf /opt/data/workspace/cosmiclands-nft/test-output/PLUTO-PLOT-000863-7845027348821.pdf
/opt/data/workspace/cosmiclands-nft/node_modules/nodemailer/lib/smtp-connection/index.js:938
            err = new Error(message);
                  ^

Error: Invalid login: 535 5.7.8 Error: authentication failed: (reason unavailable)
    at SMTPConnection._formatError (/opt/data/workspace/cosmiclands-nft/node_modules/nodemailer/lib/smtp-connection/index.js:938:19)
    at SMTPConnection._actionAUTHComplete (/opt/data/workspace/cosmiclands-nft/node_modules/nodemailer/lib/smtp-connection/index.js:1784:34)
    at SMTPConnection.<anonymous> (/opt/data/workspace/cosmiclands-nft/node_modules/nodemailer/lib/smtp-connection/index.js:669:26)
    at SMTPConnection._processResponse (/opt/data/workspace/cosmiclands-nft/node_modules/nodemailer/lib/smtp-connection/index.js:1150:20)
    at SMTPConnection._onData (/opt/data/workspace/cosmiclands-nft/node_modules/nodemailer/lib/smtp-connection/index.js:898:14)
    at SMTPConnection._onSocketData (/opt/data/workspace/cosmiclands-nft/node_modules/nodemailer/lib/smtp-connection/index.js:224:44)
    at TLSSocket.emit (node:events:509:20)
    at addChunk (node:internal/streams/readable:568:12)
    at readableAddChunkPushByteMode (node:internal/streams/readable:519:3)
    at Readable.push (node:internal/streams/readable:399:5) {
  code: 'EAUTH',
  response: '535 5.7.8 Error: authentication failed: (reason unavailable)',
  responseCode: 535,
  command: 'AUTH PLAIN'
}

Node.js v26.5.1

2026-09-01T02:18:31.468Z [ERROR] ORDER #1007: Command failed: /usr/local/bin/node /opt/data/workspace/cosmiclands-nft/scripts/send-email.mjs --to kalosorama@gmail.com --plot PLUTO-PLOT-000863 --pdf /opt/data/workspace/cosmiclands-nft/test-output/PLUTO-PLOT-000863-7845027348821.pdf
/opt/data/workspace/cosmiclands-nft/node_modules/nodemailer/lib/smtp-connection/index.js:938
            err = new Error(message);
                  ^

Error: Invalid login: 535 5.7.8 Error: authentication failed: (reason unavailable)
    at SMTPConnection._formatError (/opt/data/workspace/cosmiclands-nft/node_modules/nodemailer/lib/smtp-connection/index.js:938:19)
    at SMTPConnection._actionAUTHComplete (/opt/data/workspace/cosmiclands-nft/node_modules/nodemailer/lib/smtp-connection/index.js:1784:34)
    at SMTPConnection.<anonymous> (/opt/data/workspace/cosmiclands-nft/node_modules/nodemailer/lib/smtp-connection/index.js:669:26)
    at SMTPConnection._processResponse (/opt/data/workspace/cosmiclands-nft/node_modules/nodemailer/lib/smtp-connection/index.js:1150:20)
    at SMTPConnection._onData (/opt/data/workspace/cosmiclands-nft/node_modules/nodemailer/lib/smtp-connection/index.js:898:14)
    at SMTPConnection._onSocketData (/opt/data/workspace/cosmiclands-nft/node_modules/nodemailer/lib/smtp-connection/index.js:224:44)
    at TLSSocket.emit (node:events:509:20)
    at addChunk (node:internal/streams/readable:568:12)
    at readableAddChunkPushByteMode (node:internal/streams/readable:519:3)
    at Readable.push (node:internal/streams/readable:399:5) {
  code: 'EAUTH',
  response: '535 5.7.8 Error: authentication failed: (reason unavailable)',
  responseCode: 535,
  command: 'AUTH PLAIN'
}

Node.js v26.5.1
 — pozostaje w kolejce (MT-12)
2026-09-01T02:18:31.468Z [INFO] === ORDER #1006 (7845027316053) test=false items=1
2026-09-01T02:18:31.635Z [INFO] ITEM PLUTO-PLOT-000001: class=S grant=100 wallet=0xD197fEA004F3c6Fd3B7657b2eD32D8eCFA9EE880 (DIRECT_WALLET) region=Sputnik
2026-09-01T02:19:39.499Z [INFO] Gas treasury: 0.1978 ETH
2026-09-01T02:19:39.500Z [INFO] 🚀 Cosmic Lands Orchestrator v1 start (mode=test, mail=kalosorama@gmail.com, dry_run=false)
2026-09-01T02:19:39.818Z [INFO] OAuth OK (TTL 86399 s)
2026-09-01T02:19:39.922Z [INFO] POLL: 18 paid orders (since=start)
2026-09-01T02:19:39.924Z [INFO] === ORDER #1018 (7845027873109) test=false items=1
2026-09-01T02:19:40.080Z [INFO] ITEM PLUTO-PLOT-007386: class=S grant=100 wallet=0xD197fEA004F3c6Fd3B7657b2eD32D8eCFA9EE880 (DIRECT_WALLET) region=Veles
2026-09-01T02:19:40.081Z [INFO] RUN email PLUTO-PLOT-007386 → kalosorama@gmail.com: node scripts/send-email.mjs --to kalosorama@gmail.com --plot PLUTO-PLOT-007386 --pdf /opt/data/workspace/cosmiclands-nft/test-output/PLUTO-PLOT-007386-7845027873109.pdf
2026-09-01T02:19:43.403Z [ERROR] [RETRY 1/3] email: Command failed: /usr/local/bin/node /opt/data/workspace/cosmiclands-nft/scripts/send-email.mjs --to kalosorama@gmail.com --plot PLUTO-PLOT-007386 --pdf /opt/data/workspace/cosmiclands-nft/test-output/PLUTO-PLOT-007386-7845027873109.pdf
/opt/data/workspace/cosmiclands-nft/node_modules/nodemailer/lib/smtp-connection/index.js:938
            err = new Error(message);
                  ^

Error: Invalid login: 535 5.7.8 Error: authentication failed: (reason unavailable)
    at SMTPConnection._formatError (/opt/data/workspace/cosmiclands-nft/node_modules/nodemailer/lib/smtp-connection/index.js:938:19)
    at SMTPConnection._actionAUTHComplete (/opt/data/workspace/cosmiclands-nft/node_modules/nodemailer/lib/smtp-connection/index.js:1784:34)
    at SMTPConnection.<anonymous> (/opt/data/workspace/cosmiclands-nft/node_modules/nodemailer/lib/smtp-connection/index.js:669:26)
    at SMTPConnection._processResponse (/opt/data/workspace/cosmiclands-nft/node_modules/nodemailer/lib/smtp-connection/index.js:1150:20)
    at SMTPConnection._onData (/opt/data/workspace/cosmiclands-nft/node_modules/nodemailer/lib/smtp-connection/index.js:898:14)
    at SMTPConnection._onSocketData (/opt/data/workspace/cosmiclands-nft/node_modules/nodemailer/lib/smtp-connection/index.js:224:44)
    at TLSSocket.emit (node:events:509:20)
    at addChunk (node:internal/streams/readable:568:12)
    at readableAddChunkPushByteMode (node:internal/streams/readable:519:3)
    at Readable.push (node:internal/streams/readable:399:5) {
  code: 'EAUTH',
  response: '535 5.7.8 Error: authentication failed: (reason unavailable)',
  responseCode: 535,
  command: 'AUTH PLAIN'
}

Node.js v26.5.1

2026-09-01T02:19:48.404Z [INFO] RUN email PLUTO-PLOT-007386 → kalosorama@gmail.com: node scripts/send-email.mjs --to kalosorama@gmail.com --plot PLUTO-PLOT-007386 --pdf /opt/data/workspace/cosmiclands-nft/test-output/PLUTO-PLOT-007386-7845027873109.pdf
2026-09-01T02:19:51.901Z [ERROR] [RETRY 2/3] email: Command failed: /usr/local/bin/node /opt/data/workspace/cosmiclands-nft/scripts/send-email.mjs --to kalosorama@gmail.com --plot PLUTO-PLOT-007386 --pdf /opt/data/workspace/cosmiclands-nft/test-output/PLUTO-PLOT-007386-7845027873109.pdf
/opt/data/workspace/cosmiclands-nft/node_modules/nodemailer/lib/smtp-connection/index.js:938
            err = new Error(message);
                  ^

Error: Invalid login: 535 5.7.8 Error: authentication failed: (reason unavailable)
    at SMTPConnection._formatError (/opt/data/workspace/cosmiclands-nft/node_modules/nodemailer/lib/smtp-connection/index.js:938:19)
    at SMTPConnection._actionAUTHComplete (/opt/data/workspace/cosmiclands-nft/node_modules/nodemailer/lib/smtp-connection/index.js:1784:34)
    at SMTPConnection.<anonymous> (/opt/data/workspace/cosmiclands-nft/node_modules/nodemailer/lib/smtp-connection/index.js:669:26)
    at SMTPConnection._processResponse (/opt/data/workspace/cosmiclands-nft/node_modules/nodemailer/lib/smtp-connection/index.js:1150:20)
    at SMTPConnection._onData (/opt/data/workspace/cosmiclands-nft/node_modules/nodemailer/lib/smtp-connection/index.js:898:14)
    at SMTPConnection._onSocketData (/opt/data/workspace/cosmiclands-nft/node_modules/nodemailer/lib/smtp-connection/index.js:224:44)
    at TLSSocket.emit (node:events:509:20)
    at addChunk (node:internal/streams/readable:568:12)
    at readableAddChunkPushByteMode (node:internal/streams/readable:519:3)
    at Readable.push (node:internal/streams/readable:399:5) {
  code: 'EAUTH',
  response: '535 5.7.8 Error: authentication failed: (reason unavailable)',
  responseCode: 535,
  command: 'AUTH PLAIN'
}

Node.js v26.5.1

2026-09-01T02:20:01.903Z [INFO] RUN email PLUTO-PLOT-007386 → kalosorama@gmail.com: node scripts/send-email.mjs --to kalosorama@gmail.com --plot PLUTO-PLOT-007386 --pdf /opt/data/workspace/cosmiclands-nft/test-output/PLUTO-PLOT-007386-7845027873109.pdf
2026-09-01T02:20:05.782Z [ERROR] [RETRY 3/3] email: Command failed: /usr/local/bin/node /opt/data/workspace/cosmiclands-nft/scripts/send-email.mjs --to kalosorama@gmail.com --plot PLUTO-PLOT-007386 --pdf /opt/data/workspace/cosmiclands-nft/test-output/PLUTO-PLOT-007386-7845027873109.pdf
/opt/data/workspace/cosmiclands-nft/node_modules/nodemailer/lib/smtp-connection/index.js:938
            err = new Error(message);
                  ^

Error: Invalid login: 535 5.7.8 Error: authentication failed: (reason unavailable)
    at SMTPConnection._formatError (/opt/data/workspace/cosmiclands-nft/node_modules/nodemailer/lib/smtp-connection/index.js:938:19)
    at SMTPConnection._actionAUTHComplete (/opt/data/workspace/cosmiclands-nft/node_modules/nodemailer/lib/smtp-connection/index.js:1784:34)
    at SMTPConnection.<anonymous> (/opt/data/workspace/cosmiclands-nft/node_modules/nodemailer/lib/smtp-connection/index.js:669:26)
    at SMTPConnection._processResponse (/opt/data/workspace/cosmiclands-nft/node_modules/nodemailer/lib/smtp-connection/index.js:1150:20)
    at SMTPConnection._onData (/opt/data/workspace/cosmiclands-nft/node_modules/nodemailer/lib/smtp-connection/index.js:898:14)
    at SMTPConnection._onSocketData (/opt/data/workspace/cosmiclands-nft/node_modules/nodemailer/lib/smtp-connection/index.js:224:44)
    at TLSSocket.emit (node:events:509:20)
    at addChunk (node:internal/streams/readable:568:12)
    at readableAddChunkPushByteMode (node:internal/streams/readable:519:3)
    at Readable.push (node:internal/streams/readable:399:5) {
  code: 'EAUTH',
  response: '535 5.7.8 Error: authentication failed: (reason unavailable)',
  responseCode: 535,
  command: 'AUTH PLAIN'
}

Node.js v26.5.1

2026-09-01T02:20:05.782Z [ERROR] ORDER #1018: Command failed: /usr/local/bin/node /opt/data/workspace/cosmiclands-nft/scripts/send-email.mjs --to kalosorama@gmail.com --plot PLUTO-PLOT-007386 --pdf /opt/data/workspace/cosmiclands-nft/test-output/PLUTO-PLOT-007386-7845027873109.pdf
/opt/data/workspace/cosmiclands-nft/node_modules/nodemailer/lib/smtp-connection/index.js:938
            err = new Error(message);
                  ^

Error: Invalid login: 535 5.7.8 Error: authentication failed: (reason unavailable)
    at SMTPConnection._formatError (/opt/data/workspace/cosmiclands-nft/node_modules/nodemailer/lib/smtp-connection/index.js:938:19)
    at SMTPConnection._actionAUTHComplete (/opt/data/workspace/cosmiclands-nft/node_modules/nodemailer/lib/smtp-connection/index.js:1784:34)
    at SMTPConnection.<anonymous> (/opt/data/workspace/cosmiclands-nft/node_modules/nodemailer/lib/smtp-connection/index.js:669:26)
    at SMTPConnection._processResponse (/opt/data/workspace/cosmiclands-nft/node_modules/nodemailer/lib/smtp-connection/index.js:1150:20)
    at SMTPConnection._onData (/opt/data/workspace/cosmiclands-nft/node_modules/nodemailer/lib/smtp-connection/index.js:898:14)
    at SMTPConnection._onSocketData (/opt/data/workspace/cosmiclands-nft/node_modules/nodemailer/lib/smtp-connection/index.js:224:44)
    at TLSSocket.emit (node:events:509:20)
    at addChunk (node:internal/streams/readable:568:12)
    at readableAddChunkPushByteMode (node:internal/streams/readable:519:3)
    at Readable.push (node:internal/streams/readable:399:5) {
  code: 'EAUTH',
  response: '535 5.7.8 Error: authentication failed: (reason unavailable)',
  responseCode: 535,
  command: 'AUTH PLAIN'
}

Node.js v26.5.1
 — pozostaje w kolejce (MT-12)
2026-09-01T02:20:05.782Z [INFO] === ORDER #1017 (7845027774805) test=false items=1
2026-09-01T02:20:05.964Z [INFO] ITEM PLUTO-PLOT-007325: class=XL grant=2700 wallet=0xD197fEA004F3c6Fd3B7657b2eD32D8eCFA9EE880 (DIRECT_WALLET) region=Meng-Po
2026-09-01T02:20:05.964Z [INFO] RUN email PLUTO-PLOT-007325 → kalosorama@gmail.com: node scripts/send-email.mjs --to kalosorama@gmail.com --plot PLUTO-PLOT-007325 --pdf /opt/data/workspace/cosmiclands-nft/test-output/PLUTO-PLOT-007325-7845027774805.pdf
2026-09-01T02:20:09.574Z [ERROR] [RETRY 1/3] email: Command failed: /usr/local/bin/node /opt/data/workspace/cosmiclands-nft/scripts/send-email.mjs --to kalosorama@gmail.com --plot PLUTO-PLOT-007325 --pdf /opt/data/workspace/cosmiclands-nft/test-output/PLUTO-PLOT-007325-7845027774805.pdf
/opt/data/workspace/cosmiclands-nft/node_modules/nodemailer/lib/smtp-connection/index.js:938
            err = new Error(message);
                  ^

Error: Invalid login: 535 5.7.8 Error: authentication failed: (reason unavailable)
    at SMTPConnection._formatError (/opt/data/workspace/cosmiclands-nft/node_modules/nodemailer/lib/smtp-connection/index.js:938:19)
    at SMTPConnection._actionAUTHComplete (/opt/data/workspace/cosmiclands-nft/node_modules/nodemailer/lib/smtp-connection/index.js:1784:34)
    at SMTPConnection.<anonymous> (/opt/data/workspace/cosmiclands-nft/node_modules/nodemailer/lib/smtp-connection/index.js:669:26)
    at SMTPConnection._processResponse (/opt/data/workspace/cosmiclands-nft/node_modules/nodemailer/lib/smtp-connection/index.js:1150:20)
    at SMTPConnection._onData (/opt/data/workspace/cosmiclands-nft/node_modules/nodemailer/lib/smtp-connection/index.js:898:14)
    at SMTPConnection._onSocketData (/opt/data/workspace/cosmiclands-nft/node_modules/nodemailer/lib/smtp-connection/index.js:224:44)
    at TLSSocket.emit (node:events:509:20)
    at addChunk (node:internal/streams/readable:568:12)
    at readableAddChunkPushByteMode (node:internal/streams/readable:519:3)
    at Readable.push (node:internal/streams/readable:399:5) {
  code: 'EAUTH',
  response: '535 5.7.8 Error: authentication failed: (reason unavailable)',
  responseCode: 535,
  command: 'AUTH PLAIN'
}

Node.js v26.5.1

2026-09-01T02:20:14.575Z [INFO] RUN email PLUTO-PLOT-007325 → kalosorama@gmail.com: node scripts/send-email.mjs --to kalosorama@gmail.com --plot PLUTO-PLOT-007325 --pdf /opt/data/workspace/cosmiclands-nft/test-output/PLUTO-PLOT-007325-7845027774805.pdf
2026-09-01T02:20:18.396Z [ERROR] [RETRY 2/3] email: Command failed: /usr/local/bin/node /opt/data/workspace/cosmiclands-nft/scripts/send-email.mjs --to kalosorama@gmail.com --plot PLUTO-PLOT-007325 --pdf /opt/data/workspace/cosmiclands-nft/test-output/PLUTO-PLOT-007325-7845027774805.pdf
/opt/data/workspace/cosmiclands-nft/node_modules/nodemailer/lib/smtp-connection/index.js:938
            err = new Error(message);
                  ^

Error: Invalid login: 535 5.7.8 Error: authentication failed: (reason unavailable)
    at SMTPConnection._formatError (/opt/data/workspace/cosmiclands-nft/node_modules/nodemailer/lib/smtp-connection/index.js:938:19)
    at SMTPConnection._actionAUTHComplete (/opt/data/workspace/cosmiclands-nft/node_modules/nodemailer/lib/smtp-connection/index.js:1784:34)
    at SMTPConnection.<anonymous> (/opt/data/workspace/cosmiclands-nft/node_modules/nodemailer/lib/smtp-connection/index.js:669:26)
    at SMTPConnection._processResponse (/opt/data/workspace/cosmiclands-nft/node_modules/nodemailer/lib/smtp-connection/index.js:1150:20)
    at SMTPConnection._onData (/opt/data/workspace/cosmiclands-nft/node_modules/nodemailer/lib/smtp-connection/index.js:898:14)
    at SMTPConnection._onSocketData (/opt/data/workspace/cosmiclands-nft/node_modules/nodemailer/lib/smtp-connection/index.js:224:44)
    at TLSSocket.emit (node:events:509:20)
    at addChunk (node:internal/streams/readable:568:12)
    at readableAddChunkPushByteMode (node:internal/streams/readable:519:3)
    at Readable.push (node:internal/streams/readable:399:5) {
  code: 'EAUTH',
  response: '535 5.7.8 Error: authentication failed: (reason unavailable)',
  responseCode: 535,
  command: 'AUTH PLAIN'
}

Node.js v26.5.1

2026-09-01T02:20:28.397Z [INFO] RUN email PLUTO-PLOT-007325 → kalosorama@gmail.com: node scripts/send-email.mjs --to kalosorama@gmail.com --plot PLUTO-PLOT-007325 --pdf /opt/data/workspace/cosmiclands-nft/test-output/PLUTO-PLOT-007325-7845027774805.pdf
2026-09-01T02:20:31.900Z [ERROR] [RETRY 3/3] email: Command failed: /usr/local/bin/node /opt/data/workspace/cosmiclands-nft/scripts/send-email.mjs --to kalosorama@gmail.com --plot PLUTO-PLOT-007325 --pdf /opt/data/workspace/cosmiclands-nft/test-output/PLUTO-PLOT-007325-7845027774805.pdf
/opt/data/workspace/cosmiclands-nft/node_modules/nodemailer/lib/smtp-connection/index.js:938
            err = new Error(message);
                  ^

Error: Invalid login: 535 5.7.8 Error: authentication failed: (reason unavailable)
    at SMTPConnection._formatError (/opt/data/workspace/cosmiclands-nft/node_modules/nodemailer/lib/smtp-connection/index.js:938:19)
    at SMTPConnection._actionAUTHComplete (/opt/data/workspace/cosmiclands-nft/node_modules/nodemailer/lib/smtp-connection/index.js:1784:34)
    at SMTPConnection.<anonymous> (/opt/data/workspace/cosmiclands-nft/node_modules/nodemailer/lib/smtp-connection/index.js:669:26)
    at SMTPConnection._processResponse (/opt/data/workspace/cosmiclands-nft/node_modules/nodemailer/lib/smtp-connection/index.js:1150:20)
    at SMTPConnection._onData (/opt/data/workspace/cosmiclands-nft/node_modules/nodemailer/lib/smtp-connection/index.js:898:14)
    at SMTPConnection._onSocketData (/opt/data/workspace/cosmiclands-nft/node_modules/nodemailer/lib/smtp-connection/index.js:224:44)
    at TLSSocket.emit (node:events:509:20)
    at addChunk (node:internal/streams/readable:568:12)
    at readableAddChunkPushByteMode (node:internal/streams/readable:519:3)
    at Readable.push (node:internal/streams/readable:399:5) {
  code: 'EAUTH',
  response: '535 5.7.8 Error: authentication failed: (reason unavailable)',
  responseCode: 535,
  command: 'AUTH PLAIN'
}

Node.js v26.5.1

2026-09-01T02:20:31.901Z [ERROR] ORDER #1017: Command failed: /usr/local/bin/node /opt/data/workspace/cosmiclands-nft/scripts/send-email.mjs --to kalosorama@gmail.com --plot PLUTO-PLOT-007325 --pdf /opt/data/workspace/cosmiclands-nft/test-output/PLUTO-PLOT-007325-7845027774805.pdf
/opt/data/workspace/cosmiclands-nft/node_modules/nodemailer/lib/smtp-connection/index.js:938
            err = new Error(message);
                  ^

Error: Invalid login: 535 5.7.8 Error: authentication failed: (reason unavailable)
    at SMTPConnection._formatError (/opt/data/workspace/cosmiclands-nft/node_modules/nodemailer/lib/smtp-connection/index.js:938:19)
    at SMTPConnection._actionAUTHComplete (/opt/data/workspace/cosmiclands-nft/node_modules/nodemailer/lib/smtp-connection/index.js:1784:34)
    at SMTPConnection.<anonymous> (/opt/data/workspace/cosmiclands-nft/node_modules/nodemailer/lib/smtp-connection/index.js:669:26)
    at SMTPConnection._processResponse (/opt/data/workspace/cosmiclands-nft/node_modules/nodemailer/lib/smtp-connection/index.js:1150:20)
    at SMTPConnection._onData (/opt/data/workspace/cosmiclands-nft/node_modules/nodemailer/lib/smtp-connection/index.js:898:14)
    at SMTPConnection._onSocketData (/opt/data/workspace/cosmiclands-nft/node_modules/nodemailer/lib/smtp-connection/index.js:224:44)
    at TLSSocket.emit (node:events:509:20)
    at addChunk (node:internal/streams/readable:568:12)
    at readableAddChunkPushByteMode (node:internal/streams/readable:519:3)
    at Readable.push (node:internal/streams/readable:399:5) {
  code: 'EAUTH',
  response: '535 5.7.8 Error: authentication failed: (reason unavailable)',
  responseCode: 535,
  command: 'AUTH PLAIN'
}

Node.js v26.5.1
 — pozostaje w kolejce (MT-12)
2026-09-01T02:20:31.901Z [INFO] === ORDER #1016 (7845027742037) test=false items=1
2026-09-01T02:20:32.068Z [INFO] ITEM PLUTO-PLOT-006587: class=L grant=900 wallet=0xD197fEA004F3c6Fd3B7657b2eD32D8eCFA9EE880 (DIRECT_WALLET) region=Sleipnir
2026-09-01T02:20:32.071Z [INFO] RUN email PLUTO-PLOT-006587 → kalosorama@gmail.com: node scripts/send-email.mjs --to kalosorama@gmail.com --plot PLUTO-PLOT-006587 --pdf /opt/data/workspace/cosmiclands-nft/test-output/PLUTO-PLOT-006587-7845027742037.pdf
2026-09-01T02:20:35.889Z [ERROR] [RETRY 1/3] email: Command failed: /usr/local/bin/node /opt/data/workspace/cosmiclands-nft/scripts/send-email.mjs --to kalosorama@gmail.com --plot PLUTO-PLOT-006587 --pdf /opt/data/workspace/cosmiclands-nft/test-output/PLUTO-PLOT-006587-7845027742037.pdf
/opt/data/workspace/cosmiclands-nft/node_modules/nodemailer/lib/smtp-connection/index.js:938
            err = new Error(message);
                  ^

Error: Invalid login: 535 5.7.8 Error: authentication failed: (reason unavailable)
    at SMTPConnection._formatError (/opt/data/workspace/cosmiclands-nft/node_modules/nodemailer/lib/smtp-connection/index.js:938:19)
    at SMTPConnection._actionAUTHComplete (/opt/data/workspace/cosmiclands-nft/node_modules/nodemailer/lib/smtp-connection/index.js:1784:34)
    at SMTPConnection.<anonymous> (/opt/data/workspace/cosmiclands-nft/node_modules/nodemailer/lib/smtp-connection/index.js:669:26)
    at SMTPConnection._processResponse (/opt/data/workspace/cosmiclands-nft/node_modules/nodemailer/lib/smtp-connection/index.js:1150:20)
    at SMTPConnection._onData (/opt/data/workspace/cosmiclands-nft/node_modules/nodemailer/lib/smtp-connection/index.js:898:14)
    at SMTPConnection._onSocketData (/opt/data/workspace/cosmiclands-nft/node_modules/nodemailer/lib/smtp-connection/index.js:224:44)
    at TLSSocket.emit (node:events:509:20)
    at addChunk (node:internal/streams/readable:568:12)
    at readableAddChunkPushByteMode (node:internal/streams/readable:519:3)
    at Readable.push (node:internal/streams/readable:399:5) {
  code: 'EAUTH',
  response: '535 5.7.8 Error: authentication failed: (reason unavailable)',
  responseCode: 535,
  command: 'AUTH PLAIN'
}

Node.js v26.5.1

2026-09-01T02:20:40.890Z [INFO] RUN email PLUTO-PLOT-006587 → kalosorama@gmail.com: node scripts/send-email.mjs --to kalosorama@gmail.com --plot PLUTO-PLOT-006587 --pdf /opt/data/workspace/cosmiclands-nft/test-output/PLUTO-PLOT-006587-7845027742037.pdf
2026-09-01T02:20:44.612Z [ERROR] [RETRY 2/3] email: Command failed: /usr/local/bin/node /opt/data/workspace/cosmiclands-nft/scripts/send-email.mjs --to kalosorama@gmail.com --plot PLUTO-PLOT-006587 --pdf /opt/data/workspace/cosmiclands-nft/test-output/PLUTO-PLOT-006587-7845027742037.pdf
/opt/data/workspace/cosmiclands-nft/node_modules/nodemailer/lib/smtp-connection/index.js:938
            err = new Error(message);
                  ^

Error: Invalid login: 535 5.7.8 Error: authentication failed: (reason unavailable)
    at SMTPConnection._formatError (/opt/data/workspace/cosmiclands-nft/node_modules/nodemailer/lib/smtp-connection/index.js:938:19)
    at SMTPConnection._actionAUTHComplete (/opt/data/workspace/cosmiclands-nft/node_modules/nodemailer/lib/smtp-connection/index.js:1784:34)
    at SMTPConnection.<anonymous> (/opt/data/workspace/cosmiclands-nft/node_modules/nodemailer/lib/smtp-connection/index.js:669:26)
    at SMTPConnection._processResponse (/opt/data/workspace/cosmiclands-nft/node_modules/nodemailer/lib/smtp-connection/index.js:1150:20)
    at SMTPConnection._onData (/opt/data/workspace/cosmiclands-nft/node_modules/nodemailer/lib/smtp-connection/index.js:898:14)
    at SMTPConnection._onSocketData (/opt/data/workspace/cosmiclands-nft/node_modules/nodemailer/lib/smtp-connection/index.js:224:44)
    at TLSSocket.emit (node:events:509:20)
    at addChunk (node:internal/streams/readable:568:12)
    at readableAddChunkPushByteMode (node:internal/streams/readable:519:3)
    at Readable.push (node:internal/streams/readable:399:5) {
  code: 'EAUTH',
  response: '535 5.7.8 Error: authentication failed: (reason unavailable)',
  responseCode: 535,
  command: 'AUTH PLAIN'
}

Node.js v26.5.1

2026-09-01T02:20:54.614Z [INFO] RUN email PLUTO-PLOT-006587 → kalosorama@gmail.com: node scripts/send-email.mjs --to kalosorama@gmail.com --plot PLUTO-PLOT-006587 --pdf /opt/data/workspace/cosmiclands-nft/test-output/PLUTO-PLOT-006587-7845027742037.pdf
2026-09-01T02:20:58.437Z [ERROR] [RETRY 3/3] email: Command failed: /usr/local/bin/node /opt/data/workspace/cosmiclands-nft/scripts/send-email.mjs --to kalosorama@gmail.com --plot PLUTO-PLOT-006587 --pdf /opt/data/workspace/cosmiclands-nft/test-output/PLUTO-PLOT-006587-7845027742037.pdf
/opt/data/workspace/cosmiclands-nft/node_modules/nodemailer/lib/smtp-connection/index.js:938
            err = new Error(message);
                  ^

Error: Invalid login: 535 5.7.8 Error: authentication failed: (reason unavailable)
    at SMTPConnection._formatError (/opt/data/workspace/cosmiclands-nft/node_modules/nodemailer/lib/smtp-connection/index.js:938:19)
    at SMTPConnection._actionAUTHComplete (/opt/data/workspace/cosmiclands-nft/node_modules/nodemailer/lib/smtp-connection/index.js:1784:34)
    at SMTPConnection.<anonymous> (/opt/data/workspace/cosmiclands-nft/node_modules/nodemailer/lib/smtp-connection/index.js:669:26)
    at SMTPConnection._processResponse (/opt/data/workspace/cosmiclands-nft/node_modules/nodemailer/lib/smtp-connection/index.js:1150:20)
    at SMTPConnection._onData (/opt/data/workspace/cosmiclands-nft/node_modules/nodemailer/lib/smtp-connection/index.js:898:14)
    at SMTPConnection._onSocketData (/opt/data/workspace/cosmiclands-nft/node_modules/nodemailer/lib/smtp-connection/index.js:224:44)
    at TLSSocket.emit (node:events:509:20)
    at addChunk (node:internal/streams/readable:568:12)
    at readableAddChunkPushByteMode (node:internal/streams/readable:519:3)
    at Readable.push (node:internal/streams/readable:399:5) {
  code: 'EAUTH',
  response: '535 5.7.8 Error: authentication failed: (reason unavailable)',
  responseCode: 535,
  command: 'AUTH PLAIN'
}

Node.js v26.5.1

2026-09-01T02:20:58.438Z [ERROR] ORDER #1016: Command failed: /usr/local/bin/node /opt/data/workspace/cosmiclands-nft/scripts/send-email.mjs --to kalosorama@gmail.com --plot PLUTO-PLOT-006587 --pdf /opt/data/workspace/cosmiclands-nft/test-output/PLUTO-PLOT-006587-7845027742037.pdf
/opt/data/workspace/cosmiclands-nft/node_modules/nodemailer/lib/smtp-connection/index.js:938
            err = new Error(message);
                  ^

Error: Invalid login: 535 5.7.8 Error: authentication failed: (reason unavailable)
    at SMTPConnection._formatError (/opt/data/workspace/cosmiclands-nft/node_modules/nodemailer/lib/smtp-connection/index.js:938:19)
    at SMTPConnection._actionAUTHComplete (/opt/data/workspace/cosmiclands-nft/node_modules/nodemailer/lib/smtp-connection/index.js:1784:34)
    at SMTPConnection.<anonymous> (/opt/data/workspace/cosmiclands-nft/node_modules/nodemailer/lib/smtp-connection/index.js:669:26)
    at SMTPConnection._processResponse (/opt/data/workspace/cosmiclands-nft/node_modules/nodemailer/lib/smtp-connection/index.js:1150:20)
    at SMTPConnection._onData (/opt/data/workspace/cosmiclands-nft/node_modules/nodemailer/lib/smtp-connection/index.js:898:14)
    at SMTPConnection._onSocketData (/opt/data/workspace/cosmiclands-nft/node_modules/nodemailer/lib/smtp-connection/index.js:224:44)
    at TLSSocket.emit (node:events:509:20)
    at addChunk (node:internal/streams/readable:568:12)
    at readableAddChunkPushByteMode (node:internal/streams/readable:519:3)
    at Readable.push (node:internal/streams/readable:399:5) {
  code: 'EAUTH',
  response: '535 5.7.8 Error: authentication failed: (reason unavailable)',
  responseCode: 535,
  command: 'AUTH PLAIN'
}

Node.js v26.5.1
 — pozostaje w kolejce (MT-12)
2026-09-01T02:20:58.438Z [INFO] === ORDER #1015 (7845027709269) test=false items=1
2026-09-01T02:20:58.604Z [INFO] ITEM PLUTO-PLOT-005787: class=M grant=300 wallet=0xD197fEA004F3c6Fd3B7657b2eD32D8eCFA9EE880 (DIRECT_WALLET) region=Norgay
2026-09-01T02:20:58.605Z [INFO] RUN email PLUTO-PLOT-005787 → kalosorama@gmail.com: node scripts/send-email.mjs --to kalosorama@gmail.com --plot PLUTO-PLOT-005787 --pdf /opt/data/workspace/cosmiclands-nft/test-output/PLUTO-PLOT-005787-7845027709269.pdf
2026-09-01T02:21:02.310Z [ERROR] [RETRY 1/3] email: Command failed: /usr/local/bin/node /opt/data/workspace/cosmiclands-nft/scripts/send-email.mjs --to kalosorama@gmail.com --plot PLUTO-PLOT-005787 --pdf /opt/data/workspace/cosmiclands-nft/test-output/PLUTO-PLOT-005787-7845027709269.pdf
/opt/data/workspace/cosmiclands-nft/node_modules/nodemailer/lib/smtp-connection/index.js:938
            err = new Error(message);
                  ^

Error: Invalid login: 535 5.7.8 Error: authentication failed: (reason unavailable)
    at SMTPConnection._formatError (/opt/data/workspace/cosmiclands-nft/node_modules/nodemailer/lib/smtp-connection/index.js:938:19)
    at SMTPConnection._actionAUTHComplete (/opt/data/workspace/cosmiclands-nft/node_modules/nodemailer/lib/smtp-connection/index.js:1784:34)
    at SMTPConnection.<anonymous> (/opt/data/workspace/cosmiclands-nft/node_modules/nodemailer/lib/smtp-connection/index.js:669:26)
    at SMTPConnection._processResponse (/opt/data/workspace/cosmiclands-nft/node_modules/nodemailer/lib/smtp-connection/index.js:1150:20)
    at SMTPConnection._onData (/opt/data/workspace/cosmiclands-nft/node_modules/nodemailer/lib/smtp-connection/index.js:898:14)
    at SMTPConnection._onSocketData (/opt/data/workspace/cosmiclands-nft/node_modules/nodemailer/lib/smtp-connection/index.js:224:44)
    at TLSSocket.emit (node:events:509:20)
    at addChunk (node:internal/streams/readable:568:12)
    at readableAddChunkPushByteMode (node:internal/streams/readable:519:3)
    at Readable.push (node:internal/streams/readable:399:5) {
  code: 'EAUTH',
  response: '535 5.7.8 Error: authentication failed: (reason unavailable)',
  responseCode: 535,
  command: 'AUTH PLAIN'
}

Node.js v26.5.1

2026-09-01T02:21:07.311Z [INFO] RUN email PLUTO-PLOT-005787 → kalosorama@gmail.com: node scripts/send-email.mjs --to kalosorama@gmail.com --plot PLUTO-PLOT-005787 --pdf /opt/data/workspace/cosmiclands-nft/test-output/PLUTO-PLOT-005787-7845027709269.pdf
2026-09-01T02:21:10.673Z [ERROR] [RETRY 2/3] email: Command failed: /usr/local/bin/node /opt/data/workspace/cosmiclands-nft/scripts/send-email.mjs --to kalosorama@gmail.com --plot PLUTO-PLOT-005787 --pdf /opt/data/workspace/cosmiclands-nft/test-output/PLUTO-PLOT-005787-7845027709269.pdf
/opt/data/workspace/cosmiclands-nft/node_modules/nodemailer/lib/smtp-connection/index.js:938
            err = new Error(message);
                  ^

Error: Invalid login: 535 5.7.8 Error: authentication failed: (reason unavailable)
    at SMTPConnection._formatError (/opt/data/workspace/cosmiclands-nft/node_modules/nodemailer/lib/smtp-connection/index.js:938:19)
    at SMTPConnection._actionAUTHComplete (/opt/data/workspace/cosmiclands-nft/node_modules/nodemailer/lib/smtp-connection/index.js:1784:34)
    at SMTPConnection.<anonymous> (/opt/data/workspace/cosmiclands-nft/node_modules/nodemailer/lib/smtp-connection/index.js:669:26)
    at SMTPConnection._processResponse (/opt/data/workspace/cosmiclands-nft/node_modules/nodemailer/lib/smtp-connection/index.js:1150:20)
    at SMTPConnection._onData (/opt/data/workspace/cosmiclands-nft/node_modules/nodemailer/lib/smtp-connection/index.js:898:14)
    at SMTPConnection._onSocketData (/opt/data/workspace/cosmiclands-nft/node_modules/nodemailer/lib/smtp-connection/index.js:224:44)
    at TLSSocket.emit (node:events:509:20)
    at addChunk (node:internal/streams/readable:568:12)
    at readableAddChunkPushByteMode (node:internal/streams/readable:519:3)
    at Readable.push (node:internal/streams/readable:399:5) {
  code: 'EAUTH',
  response: '535 5.7.8 Error: authentication failed: (reason unavailable)',
  responseCode: 535,
  command: 'AUTH PLAIN'
}

Node.js v26.5.1

2026-09-01T02:21:20.674Z [INFO] RUN email PLUTO-PLOT-005787 → kalosorama@gmail.com: node scripts/send-email.mjs --to kalosorama@gmail.com --plot PLUTO-PLOT-005787 --pdf /opt/data/workspace/cosmiclands-nft/test-output/PLUTO-PLOT-005787-7845027709269.pdf
2026-09-01T02:21:24.462Z [ERROR] [RETRY 3/3] email: Command failed: /usr/local/bin/node /opt/data/workspace/cosmiclands-nft/scripts/send-email.mjs --to kalosorama@gmail.com --plot PLUTO-PLOT-005787 --pdf /opt/data/workspace/cosmiclands-nft/test-output/PLUTO-PLOT-005787-7845027709269.pdf
/opt/data/workspace/cosmiclands-nft/node_modules/nodemailer/lib/smtp-connection/index.js:938
            err = new Error(message);
                  ^

Error: Invalid login: 535 5.7.8 Error: authentication failed: (reason unavailable)
    at SMTPConnection._formatError (/opt/data/workspace/cosmiclands-nft/node_modules/nodemailer/lib/smtp-connection/index.js:938:19)
    at SMTPConnection._actionAUTHComplete (/opt/data/workspace/cosmiclands-nft/node_modules/nodemailer/lib/smtp-connection/index.js:1784:34)
    at SMTPConnection.<anonymous> (/opt/data/workspace/cosmiclands-nft/node_modules/nodemailer/lib/smtp-connection/index.js:669:26)
    at SMTPConnection._processResponse (/opt/data/workspace/cosmiclands-nft/node_modules/nodemailer/lib/smtp-connection/index.js:1150:20)
    at SMTPConnection._onData (/opt/data/workspace/cosmiclands-nft/node_modules/nodemailer/lib/smtp-connection/index.js:898:14)
    at SMTPConnection._onSocketData (/opt/data/workspace/cosmiclands-nft/node_modules/nodemailer/lib/smtp-connection/index.js:224:44)
    at TLSSocket.emit (node:events:509:20)
    at addChunk (node:internal/streams/readable:568:12)
    at readableAddChunkPushByteMode (node:internal/streams/readable:519:3)
    at Readable.push (node:internal/streams/readable:399:5) {
  code: 'EAUTH',
  response: '535 5.7.8 Error: authentication failed: (reason unavailable)',
  responseCode: 535,
  command: 'AUTH PLAIN'
}

Node.js v26.5.1

2026-09-01T02:21:24.462Z [ERROR] ORDER #1015: Command failed: /usr/local/bin/node /opt/data/workspace/cosmiclands-nft/scripts/send-email.mjs --to kalosorama@gmail.com --plot PLUTO-PLOT-005787 --pdf /opt/data/workspace/cosmiclands-nft/test-output/PLUTO-PLOT-005787-7845027709269.pdf
/opt/data/workspace/cosmiclands-nft/node_modules/nodemailer/lib/smtp-connection/index.js:938
            err = new Error(message);
                  ^

Error: Invalid login: 535 5.7.8 Error: authentication failed: (reason unavailable)
    at SMTPConnection._formatError (/opt/data/workspace/cosmiclands-nft/node_modules/nodemailer/lib/smtp-connection/index.js:938:19)
    at SMTPConnection._actionAUTHComplete (/opt/data/workspace/cosmiclands-nft/node_modules/nodemailer/lib/smtp-connection/index.js:1784:34)
    at SMTPConnection.<anonymous> (/opt/data/workspace/cosmiclands-nft/node_modules/nodemailer/lib/smtp-connection/index.js:669:26)
    at SMTPConnection._processResponse (/opt/data/workspace/cosmiclands-nft/node_modules/nodemailer/lib/smtp-connection/index.js:1150:20)
    at SMTPConnection._onData (/opt/data/workspace/cosmiclands-nft/node_modules/nodemailer/lib/smtp-connection/index.js:898:14)
    at SMTPConnection._onSocketData (/opt/data/workspace/cosmiclands-nft/node_modules/nodemailer/lib/smtp-connection/index.js:224:44)
    at TLSSocket.emit (node:events:509:20)
    at addChunk (node:internal/streams/readable:568:12)
    at readableAddChunkPushByteMode (node:internal/streams/readable:519:3)
    at Readable.push (node:internal/streams/readable:399:5) {
  code: 'EAUTH',
  response: '535 5.7.8 Error: authentication failed: (reason unavailable)',
  responseCode: 535,
  command: 'AUTH PLAIN'
}

Node.js v26.5.1
 — pozostaje w kolejce (MT-12)
2026-09-01T02:21:24.462Z [INFO] === ORDER #1014 (7845027676501) test=false items=1
2026-09-01T02:21:24.615Z [INFO] ITEM PLUTO-PLOT-004926: class=S grant=100 wallet=0xD197fEA004F3c6Fd3B7657b2eD32D8eCFA9EE880 (DIRECT_WALLET) region=Hillary
2026-09-01T02:21:24.616Z [INFO] RUN email PLUTO-PLOT-004926 → kalosorama@gmail.com: node scripts/send-email.mjs --to kalosorama@gmail.com --plot PLUTO-PLOT-004926 --pdf /opt/data/workspace/cosmiclands-nft/test-output/PLUTO-PLOT-004926-7845027676501.pdf
2026-09-01T02:21:28.457Z [ERROR] [RETRY 1/3] email: Command failed: /usr/local/bin/node /opt/data/workspace/cosmiclands-nft/scripts/send-email.mjs --to kalosorama@gmail.com --plot PLUTO-PLOT-004926 --pdf /opt/data/workspace/cosmiclands-nft/test-output/PLUTO-PLOT-004926-7845027676501.pdf
/opt/data/workspace/cosmiclands-nft/node_modules/nodemailer/lib/smtp-connection/index.js:938
            err = new Error(message);
                  ^

Error: Invalid login: 535 5.7.8 Error: authentication failed: (reason unavailable)
    at SMTPConnection._formatError (/opt/data/workspace/cosmiclands-nft/node_modules/nodemailer/lib/smtp-connection/index.js:938:19)
    at SMTPConnection._actionAUTHComplete (/opt/data/workspace/cosmiclands-nft/node_modules/nodemailer/lib/smtp-connection/index.js:1784:34)
    at SMTPConnection.<anonymous> (/opt/data/workspace/cosmiclands-nft/node_modules/nodemailer/lib/smtp-connection/index.js:669:26)
    at SMTPConnection._processResponse (/opt/data/workspace/cosmiclands-nft/node_modules/nodemailer/lib/smtp-connection/index.js:1150:20)
    at SMTPConnection._onData (/opt/data/workspace/cosmiclands-nft/node_modules/nodemailer/lib/smtp-connection/index.js:898:14)
    at SMTPConnection._onSocketData (/opt/data/workspace/cosmiclands-nft/node_modules/nodemailer/lib/smtp-connection/index.js:224:44)
    at TLSSocket.emit (node:events:509:20)
    at addChunk (node:internal/streams/readable:568:12)
    at readableAddChunkPushByteMode (node:internal/streams/readable:519:3)
    at Readable.push (node:internal/streams/readable:399:5) {
  code: 'EAUTH',
  response: '535 5.7.8 Error: authentication failed: (reason unavailable)',
  responseCode: 535,
  command: 'AUTH PLAIN'
}

Node.js v26.5.1

2026-09-01T02:21:33.457Z [INFO] RUN email PLUTO-PLOT-004926 → kalosorama@gmail.com: node scripts/send-email.mjs --to kalosorama@gmail.com --plot PLUTO-PLOT-004926 --pdf /opt/data/workspace/cosmiclands-nft/test-output/PLUTO-PLOT-004926-7845027676501.pdf
2026-09-01T02:21:37.289Z [ERROR] [RETRY 2/3] email: Command failed: /usr/local/bin/node /opt/data/workspace/cosmiclands-nft/scripts/send-email.mjs --to kalosorama@gmail.com --plot PLUTO-PLOT-004926 --pdf /opt/data/workspace/cosmiclands-nft/test-output/PLUTO-PLOT-004926-7845027676501.pdf
/opt/data/workspace/cosmiclands-nft/node_modules/nodemailer/lib/smtp-connection/index.js:938
            err = new Error(message);
                  ^

Error: Invalid login: 535 5.7.8 Error: authentication failed: (reason unavailable)
    at SMTPConnection._formatError (/opt/data/workspace/cosmiclands-nft/node_modules/nodemailer/lib/smtp-connection/index.js:938:19)
    at SMTPConnection._actionAUTHComplete (/opt/data/workspace/cosmiclands-nft/node_modules/nodemailer/lib/smtp-connection/index.js:1784:34)
    at SMTPConnection.<anonymous> (/opt/data/workspace/cosmiclands-nft/node_modules/nodemailer/lib/smtp-connection/index.js:669:26)
    at SMTPConnection._processResponse (/opt/data/workspace/cosmiclands-nft/node_modules/nodemailer/lib/smtp-connection/index.js:1150:20)
    at SMTPConnection._onData (/opt/data/workspace/cosmiclands-nft/node_modules/nodemailer/lib/smtp-connection/index.js:898:14)
    at SMTPConnection._onSocketData (/opt/data/workspace/cosmiclands-nft/node_modules/nodemailer/lib/smtp-connection/index.js:224:44)
    at TLSSocket.emit (node:events:509:20)
    at addChunk (node:internal/streams/readable:568:12)
    at readableAddChunkPushByteMode (node:internal/streams/readable:519:3)
    at Readable.push (node:internal/streams/readable:399:5) {
  code: 'EAUTH',
  response: '535 5.7.8 Error: authentication failed: (reason unavailable)',
  responseCode: 535,
  command: 'AUTH PLAIN'
}

Node.js v26.5.1

2026-09-01T02:21:47.289Z [INFO] RUN email PLUTO-PLOT-004926 → kalosorama@gmail.com: node scripts/send-email.mjs --to kalosorama@gmail.com --plot PLUTO-PLOT-004926 --pdf /opt/data/workspace/cosmiclands-nft/test-output/PLUTO-PLOT-004926-7845027676501.pdf
2026-09-01T02:21:51.230Z [ERROR] [RETRY 3/3] email: Command failed: /usr/local/bin/node /opt/data/workspace/cosmiclands-nft/scripts/send-email.mjs --to kalosorama@gmail.com --plot PLUTO-PLOT-004926 --pdf /opt/data/workspace/cosmiclands-nft/test-output/PLUTO-PLOT-004926-7845027676501.pdf
/opt/data/workspace/cosmiclands-nft/node_modules/nodemailer/lib/smtp-connection/index.js:938
            err = new Error(message);
                  ^

Error: Invalid login: 535 5.7.8 Error: authentication failed: (reason unavailable)
    at SMTPConnection._formatError (/opt/data/workspace/cosmiclands-nft/node_modules/nodemailer/lib/smtp-connection/index.js:938:19)
    at SMTPConnection._actionAUTHComplete (/opt/data/workspace/cosmiclands-nft/node_modules/nodemailer/lib/smtp-connection/index.js:1784:34)
    at SMTPConnection.<anonymous> (/opt/data/workspace/cosmiclands-nft/node_modules/nodemailer/lib/smtp-connection/index.js:669:26)
    at SMTPConnection._processResponse (/opt/data/workspace/cosmiclands-nft/node_modules/nodemailer/lib/smtp-connection/index.js:1150:20)
    at SMTPConnection._onData (/opt/data/workspace/cosmiclands-nft/node_modules/nodemailer/lib/smtp-connection/index.js:898:14)
    at SMTPConnection._onSocketData (/opt/data/workspace/cosmiclands-nft/node_modules/nodemailer/lib/smtp-connection/index.js:224:44)
    at TLSSocket.emit (node:events:509:20)
    at addChunk (node:internal/streams/readable:568:12)
    at readableAddChunkPushByteMode (node:internal/streams/readable:519:3)
    at Readable.push (node:internal/streams/readable:399:5) {
  code: 'EAUTH',
  response: '535 5.7.8 Error: authentication failed: (reason unavailable)',
  responseCode: 535,
  command: 'AUTH PLAIN'
}

Node.js v26.5.1

2026-09-01T02:21:51.230Z [ERROR] ORDER #1014: Command failed: /usr/local/bin/node /opt/data/workspace/cosmiclands-nft/scripts/send-email.mjs --to kalosorama@gmail.com --plot PLUTO-PLOT-004926 --pdf /opt/data/workspace/cosmiclands-nft/test-output/PLUTO-PLOT-004926-7845027676501.pdf
/opt/data/workspace/cosmiclands-nft/node_modules/nodemailer/lib/smtp-connection/index.js:938
            err = new Error(message);
                  ^

Error: Invalid login: 535 5.7.8 Error: authentication failed: (reason unavailable)
    at SMTPConnection._formatError (/opt/data/workspace/cosmiclands-nft/node_modules/nodemailer/lib/smtp-connection/index.js:938:19)
    at SMTPConnection._actionAUTHComplete (/opt/data/workspace/cosmiclands-nft/node_modules/nodemailer/lib/smtp-connection/index.js:1784:34)
    at SMTPConnection.<anonymous> (/opt/data/workspace/cosmiclands-nft/node_modules/nodemailer/lib/smtp-connection/index.js:669:26)
    at SMTPConnection._processResponse (/opt/data/workspace/cosmiclands-nft/node_modules/nodemailer/lib/smtp-connection/index.js:1150:20)
    at SMTPConnection._onData (/opt/data/workspace/cosmiclands-nft/node_modules/nodemailer/lib/smtp-connection/index.js:898:14)
    at SMTPConnection._onSocketData (/opt/data/workspace/cosmiclands-nft/node_modules/nodemailer/lib/smtp-connection/index.js:224:44)
    at TLSSocket.emit (node:events:509:20)
    at addChunk (node:internal/streams/readable:568:12)
    at readableAddChunkPushByteMode (node:internal/streams/readable:519:3)
    at Readable.push (node:internal/streams/readable:399:5) {
  code: 'EAUTH',
  response: '535 5.7.8 Error: authentication failed: (reason unavailable)',
  responseCode: 535,
  command: 'AUTH PLAIN'
}

Node.js v26.5.1
 — pozostaje w kolejce (MT-12)
2026-09-01T02:21:51.230Z [INFO] === ORDER #1013 (7845027643733) test=false items=1
2026-09-01T02:21:51.382Z [INFO] ITEM PLUTO-PLOT-004865: class=XL grant=2700 wallet=0xD197fEA004F3c6Fd3B7657b2eD32D8eCFA9EE880 (DIRECT_WALLET) region=Tenzing
2026-09-01T02:21:51.382Z [INFO] RUN email PLUTO-PLOT-004865 → kalosorama@gmail.com: node scripts/send-email.mjs --to kalosorama@gmail.com --plot PLUTO-PLOT-004865 --pdf /opt/data/workspace/cosmiclands-nft/test-output/PLUTO-PLOT-004865-7845027643733.pdf
2026-09-01T02:21:54.660Z [ERROR] [RETRY 1/3] email: Command failed: /usr/local/bin/node /opt/data/workspace/cosmiclands-nft/scripts/send-email.mjs --to kalosorama@gmail.com --plot PLUTO-PLOT-004865 --pdf /opt/data/workspace/cosmiclands-nft/test-output/PLUTO-PLOT-004865-7845027643733.pdf
/opt/data/workspace/cosmiclands-nft/node_modules/nodemailer/lib/smtp-connection/index.js:938
            err = new Error(message);
                  ^

Error: Invalid login: 535 5.7.8 Error: authentication failed: (reason unavailable)
    at SMTPConnection._formatError (/opt/data/workspace/cosmiclands-nft/node_modules/nodemailer/lib/smtp-connection/index.js:938:19)
    at SMTPConnection._actionAUTHComplete (/opt/data/workspace/cosmiclands-nft/node_modules/nodemailer/lib/smtp-connection/index.js:1784:34)
    at SMTPConnection.<anonymous> (/opt/data/workspace/cosmiclands-nft/node_modules/nodemailer/lib/smtp-connection/index.js:669:26)
    at SMTPConnection._processResponse (/opt/data/workspace/cosmiclands-nft/node_modules/nodemailer/lib/smtp-connection/index.js:1150:20)
    at SMTPConnection._onData (/opt/data/workspace/cosmiclands-nft/node_modules/nodemailer/lib/smtp-connection/index.js:898:14)
    at SMTPConnection._onSocketData (/opt/data/workspace/cosmiclands-nft/node_modules/nodemailer/lib/smtp-connection/index.js:224:44)
    at TLSSocket.emit (node:events:509:20)
    at addChunk (node:internal/streams/readable:568:12)
    at readableAddChunkPushByteMode (node:internal/streams/readable:519:3)
    at Readable.push (node:internal/streams/readable:399:5) {
  code: 'EAUTH',
  response: '535 5.7.8 Error: authentication failed: (reason unavailable)',
  responseCode: 535,
  command: 'AUTH PLAIN'
}

Node.js v26.5.1

2026-09-01T02:21:59.660Z [INFO] RUN email PLUTO-PLOT-004865 → kalosorama@gmail.com: node scripts/send-email.mjs --to kalosorama@gmail.com --plot PLUTO-PLOT-004865 --pdf /opt/data/workspace/cosmiclands-nft/test-output/PLUTO-PLOT-004865-7845027643733.pdf
2026-09-01T02:22:03.995Z [ERROR] [RETRY 2/3] email: Command failed: /usr/local/bin/node /opt/data/workspace/cosmiclands-nft/scripts/send-email.mjs --to kalosorama@gmail.com --plot PLUTO-PLOT-004865 --pdf /opt/data/workspace/cosmiclands-nft/test-output/PLUTO-PLOT-004865-7845027643733.pdf
/opt/data/workspace/cosmiclands-nft/node_modules/nodemailer/lib/smtp-connection/index.js:938
            err = new Error(message);
                  ^

Error: Invalid login: 535 5.7.8 Error: authentication failed: (reason unavailable)
    at SMTPConnection._formatError (/opt/data/workspace/cosmiclands-nft/node_modules/nodemailer/lib/smtp-connection/index.js:938:19)
    at SMTPConnection._actionAUTHComplete (/opt/data/workspace/cosmiclands-nft/node_modules/nodemailer/lib/smtp-connection/index.js:1784:34)
    at SMTPConnection.<anonymous> (/opt/data/workspace/cosmiclands-nft/node_modules/nodemailer/lib/smtp-connection/index.js:669:26)
    at SMTPConnection._processResponse (/opt/data/workspace/cosmiclands-nft/node_modules/nodemailer/lib/smtp-connection/index.js:1150:20)
    at SMTPConnection._onData (/opt/data/workspace/cosmiclands-nft/node_modules/nodemailer/lib/smtp-connection/index.js:898:14)
    at SMTPConnection._onSocketData (/opt/data/workspace/cosmiclands-nft/node_modules/nodemailer/lib/smtp-connection/index.js:224:44)
    at TLSSocket.emit (node:events:509:20)
    at addChunk (node:internal/streams/readable:568:12)
    at readableAddChunkPushByteMode (node:internal/streams/readable:519:3)
    at Readable.push (node:internal/streams/readable:399:5) {
  code: 'EAUTH',
  response: '535 5.7.8 Error: authentication failed: (reason unavailable)',
  responseCode: 535,
  command: 'AUTH PLAIN'
}

Node.js v26.5.1

2026-09-01T02:22:13.996Z [INFO] RUN email PLUTO-PLOT-004865 → kalosorama@gmail.com: node scripts/send-email.mjs --to kalosorama@gmail.com --plot PLUTO-PLOT-004865 --pdf /opt/data/workspace/cosmiclands-nft/test-output/PLUTO-PLOT-004865-7845027643733.pdf
2026-09-01T02:22:17.468Z [ERROR] [RETRY 3/3] email: Command failed: /usr/local/bin/node /opt/data/workspace/cosmiclands-nft/scripts/send-email.mjs --to kalosorama@gmail.com --plot PLUTO-PLOT-004865 --pdf /opt/data/workspace/cosmiclands-nft/test-output/PLUTO-PLOT-004865-7845027643733.pdf
/opt/data/workspace/cosmiclands-nft/node_modules/nodemailer/lib/smtp-connection/index.js:938
            err = new Error(message);
                  ^

Error: Invalid login: 535 5.7.8 Error: authentication failed: (reason unavailable)
    at SMTPConnection._formatError (/opt/data/workspace/cosmiclands-nft/node_modules/nodemailer/lib/smtp-connection/index.js:938:19)
    at SMTPConnection._actionAUTHComplete (/opt/data/workspace/cosmiclands-nft/node_modules/nodemailer/lib/smtp-connection/index.js:1784:34)
    at SMTPConnection.<anonymous> (/opt/data/workspace/cosmiclands-nft/node_modules/nodemailer/lib/smtp-connection/index.js:669:26)
    at SMTPConnection._processResponse (/opt/data/workspace/cosmiclands-nft/node_modules/nodemailer/lib/smtp-connection/index.js:1150:20)
    at SMTPConnection._onData (/opt/data/workspace/cosmiclands-nft/node_modules/nodemailer/lib/smtp-connection/index.js:898:14)
    at SMTPConnection._onSocketData (/opt/data/workspace/cosmiclands-nft/node_modules/nodemailer/lib/smtp-connection/index.js:224:44)
    at TLSSocket.emit (node:events:509:20)
    at addChunk (node:internal/streams/readable:568:12)
    at readableAddChunkPushByteMode (node:internal/streams/readable:519:3)
    at Readable.push (node:internal/streams/readable:399:5) {
  code: 'EAUTH',
  response: '535 5.7.8 Error: authentication failed: (reason unavailable)',
  responseCode: 535,
  command: 'AUTH PLAIN'
}

Node.js v26.5.1

2026-09-01T02:22:17.468Z [ERROR] ORDER #1013: Command failed: /usr/local/bin/node /opt/data/workspace/cosmiclands-nft/scripts/send-email.mjs --to kalosorama@gmail.com --plot PLUTO-PLOT-004865 --pdf /opt/data/workspace/cosmiclands-nft/test-output/PLUTO-PLOT-004865-7845027643733.pdf
/opt/data/workspace/cosmiclands-nft/node_modules/nodemailer/lib/smtp-connection/index.js:938
            err = new Error(message);
                  ^

Error: Invalid login: 535 5.7.8 Error: authentication failed: (reason unavailable)
    at SMTPConnection._formatError (/opt/data/workspace/cosmiclands-nft/node_modules/nodemailer/lib/smtp-connection/index.js:938:19)
    at SMTPConnection._actionAUTHComplete (/opt/data/workspace/cosmiclands-nft/node_modules/nodemailer/lib/smtp-connection/index.js:1784:34)
    at SMTPConnection.<anonymous> (/opt/data/workspace/cosmiclands-nft/node_modules/nodemailer/lib/smtp-connection/index.js:669:26)
    at SMTPConnection._processResponse (/opt/data/workspace/cosmiclands-nft/node_modules/nodemailer/lib/smtp-connection/index.js:1150:20)
    at SMTPConnection._onData (/opt/data/workspace/cosmiclands-nft/node_modules/nodemailer/lib/smtp-connection/index.js:898:14)
    at SMTPConnection._onSocketData (/opt/data/workspace/cosmiclands-nft/node_modules/nodemailer/lib/smtp-connection/index.js:224:44)
    at TLSSocket.emit (node:events:509:20)
    at addChunk (node:internal/streams/readable:568:12)
    at readableAddChunkPushByteMode (node:internal/streams/readable:519:3)
    at Readable.push (node:internal/streams/readable:399:5) {
  code: 'EAUTH',
  response: '535 5.7.8 Error: authentication failed: (reason unavailable)',
  responseCode: 535,
  command: 'AUTH PLAIN'
}

Node.js v26.5.1
 — pozostaje w kolejce (MT-12)
2026-09-01T02:22:17.468Z [INFO] === ORDER #1012 (7845027610965) test=false items=1
2026-09-01T02:22:17.622Z [INFO] ITEM PLUTO-PLOT-004127: class=L grant=900 wallet=0xD197fEA004F3c6Fd3B7657b2eD32D8eCFA9EE880 (DIRECT_WALLET) region=Viking
2026-09-01T02:22:17.623Z [INFO] RUN email PLUTO-PLOT-004127 → kalosorama@gmail.com: node scripts/send-email.mjs --to kalosorama@gmail.com --plot PLUTO-PLOT-004127 --pdf /opt/data/workspace/cosmiclands-nft/test-output/PLUTO-PLOT-004127-7845027610965.pdf
2026-09-01T02:22:21.413Z [ERROR] [RETRY 1/3] email: Command failed: /usr/local/bin/node /opt/data/workspace/cosmiclands-nft/scripts/send-email.mjs --to kalosorama@gmail.com --plot PLUTO-PLOT-004127 --pdf /opt/data/workspace/cosmiclands-nft/test-output/PLUTO-PLOT-004127-7845027610965.pdf
/opt/data/workspace/cosmiclands-nft/node_modules/nodemailer/lib/smtp-connection/index.js:938
            err = new Error(message);
                  ^

Error: Invalid login: 535 5.7.8 Error: authentication failed: (reason unavailable)
    at SMTPConnection._formatError (/opt/data/workspace/cosmiclands-nft/node_modules/nodemailer/lib/smtp-connection/index.js:938:19)
    at SMTPConnection._actionAUTHComplete (/opt/data/workspace/cosmiclands-nft/node_modules/nodemailer/lib/smtp-connection/index.js:1784:34)
    at SMTPConnection.<anonymous> (/opt/data/workspace/cosmiclands-nft/node_modules/nodemailer/lib/smtp-connection/index.js:669:26)
    at SMTPConnection._processResponse (/opt/data/workspace/cosmiclands-nft/node_modules/nodemailer/lib/smtp-connection/index.js:1150:20)
    at SMTPConnection._onData (/opt/data/workspace/cosmiclands-nft/node_modules/nodemailer/lib/smtp-connection/index.js:898:14)
    at SMTPConnection._onSocketData (/opt/data/workspace/cosmiclands-nft/node_modules/nodemailer/lib/smtp-connection/index.js:224:44)
    at TLSSocket.emit (node:events:509:20)
    at addChunk (node:internal/streams/readable:568:12)
    at readableAddChunkPushByteMode (node:internal/streams/readable:519:3)
    at Readable.push (node:internal/streams/readable:399:5) {
  code: 'EAUTH',
  response: '535 5.7.8 Error: authentication failed: (reason unavailable)',
  responseCode: 535,
  command: 'AUTH PLAIN'
}

Node.js v26.5.1

2026-09-01T02:22:26.413Z [INFO] RUN email PLUTO-PLOT-004127 → kalosorama@gmail.com: node scripts/send-email.mjs --to kalosorama@gmail.com --plot PLUTO-PLOT-004127 --pdf /opt/data/workspace/cosmiclands-nft/test-output/PLUTO-PLOT-004127-7845027610965.pdf
2026-09-01T02:22:30.592Z [ERROR] [RETRY 2/3] email: Command failed: /usr/local/bin/node /opt/data/workspace/cosmiclands-nft/scripts/send-email.mjs --to kalosorama@gmail.com --plot PLUTO-PLOT-004127 --pdf /opt/data/workspace/cosmiclands-nft/test-output/PLUTO-PLOT-004127-7845027610965.pdf
/opt/data/workspace/cosmiclands-nft/node_modules/nodemailer/lib/smtp-connection/index.js:938
            err = new Error(message);
                  ^

Error: Invalid login: 535 5.7.8 Error: authentication failed: (reason unavailable)
    at SMTPConnection._formatError (/opt/data/workspace/cosmiclands-nft/node_modules/nodemailer/lib/smtp-connection/index.js:938:19)
    at SMTPConnection._actionAUTHComplete (/opt/data/workspace/cosmiclands-nft/node_modules/nodemailer/lib/smtp-connection/index.js:1784:34)
    at SMTPConnection.<anonymous> (/opt/data/workspace/cosmiclands-nft/node_modules/nodemailer/lib/smtp-connection/index.js:669:26)
    at SMTPConnection._processResponse (/opt/data/workspace/cosmiclands-nft/node_modules/nodemailer/lib/smtp-connection/index.js:1150:20)
    at SMTPConnection._onData (/opt/data/workspace/cosmiclands-nft/node_modules/nodemailer/lib/smtp-connection/index.js:898:14)
    at SMTPConnection._onSocketData (/opt/data/workspace/cosmiclands-nft/node_modules/nodemailer/lib/smtp-connection/index.js:224:44)
    at TLSSocket.emit (node:events:509:20)
    at addChunk (node:internal/streams/readable:568:12)
    at readableAddChunkPushByteMode (node:internal/streams/readable:519:3)
    at Readable.push (node:internal/streams/readable:399:5) {
  code: 'EAUTH',
  response: '535 5.7.8 Error: authentication failed: (reason unavailable)',
  responseCode: 535,
  command: 'AUTH PLAIN'
}

Node.js v26.5.1

2026-09-01T02:22:40.593Z [INFO] RUN email PLUTO-PLOT-004127 → kalosorama@gmail.com: node scripts/send-email.mjs --to kalosorama@gmail.com --plot PLUTO-PLOT-004127 --pdf /opt/data/workspace/cosmiclands-nft/test-output/PLUTO-PLOT-004127-7845027610965.pdf
2026-09-01T02:22:44.201Z [ERROR] [RETRY 3/3] email: Command failed: /usr/local/bin/node /opt/data/workspace/cosmiclands-nft/scripts/send-email.mjs --to kalosorama@gmail.com --plot PLUTO-PLOT-004127 --pdf /opt/data/workspace/cosmiclands-nft/test-output/PLUTO-PLOT-004127-7845027610965.pdf
/opt/data/workspace/cosmiclands-nft/node_modules/nodemailer/lib/smtp-connection/index.js:938
            err = new Error(message);
                  ^

Error: Invalid login: 535 5.7.8 Error: authentication failed: (reason unavailable)
    at SMTPConnection._formatError (/opt/data/workspace/cosmiclands-nft/node_modules/nodemailer/lib/smtp-connection/index.js:938:19)
    at SMTPConnection._actionAUTHComplete (/opt/data/workspace/cosmiclands-nft/node_modules/nodemailer/lib/smtp-connection/index.js:1784:34)
    at SMTPConnection.<anonymous> (/opt/data/workspace/cosmiclands-nft/node_modules/nodemailer/lib/smtp-connection/index.js:669:26)
    at SMTPConnection._processResponse (/opt/data/workspace/cosmiclands-nft/node_modules/nodemailer/lib/smtp-connection/index.js:1150:20)
    at SMTPConnection._onData (/opt/data/workspace/cosmiclands-nft/node_modules/nodemailer/lib/smtp-connection/index.js:898:14)
    at SMTPConnection._onSocketData (/opt/data/workspace/cosmiclands-nft/node_modules/nodemailer/lib/smtp-connection/index.js:224:44)
    at TLSSocket.emit (node:events:509:20)
    at addChunk (node:internal/streams/readable:568:12)
    at readableAddChunkPushByteMode (node:internal/streams/readable:519:3)
    at Readable.push (node:internal/streams/readable:399:5) {
  code: 'EAUTH',
  response: '535 5.7.8 Error: authentication failed: (reason unavailable)',
  responseCode: 535,
  command: 'AUTH PLAIN'
}

Node.js v26.5.1

2026-09-01T02:22:44.201Z [ERROR] ORDER #1012: Command failed: /usr/local/bin/node /opt/data/workspace/cosmiclands-nft/scripts/send-email.mjs --to kalosorama@gmail.com --plot PLUTO-PLOT-004127 --pdf /opt/data/workspace/cosmiclands-nft/test-output/PLUTO-PLOT-004127-7845027610965.pdf
/opt/data/workspace/cosmiclands-nft/node_modules/nodemailer/lib/smtp-connection/index.js:938
            err = new Error(message);
                  ^

Error: Invalid login: 535 5.7.8 Error: authentication failed: (reason unavailable)
    at SMTPConnection._formatError (/opt/data/workspace/cosmiclands-nft/node_modules/nodemailer/lib/smtp-connection/index.js:938:19)
    at SMTPConnection._actionAUTHComplete (/opt/data/workspace/cosmiclands-nft/node_modules/nodemailer/lib/smtp-connection/index.js:1784:34)
    at SMTPConnection.<anonymous> (/opt/data/workspace/cosmiclands-nft/node_modules/nodemailer/lib/smtp-connection/index.js:669:26)
    at SMTPConnection._processResponse (/opt/data/workspace/cosmiclands-nft/node_modules/nodemailer/lib/smtp-connection/index.js:1150:20)
    at SMTPConnection._onData (/opt/data/workspace/cosmiclands-nft/node_modules/nodemailer/lib/smtp-connection/index.js:898:14)
    at SMTPConnection._onSocketData (/opt/data/workspace/cosmiclands-nft/node_modules/nodemailer/lib/smtp-connection/index.js:224:44)
    at TLSSocket.emit (node:events:509:20)
    at addChunk (node:internal/streams/readable:568:12)
    at readableAddChunkPushByteMode (node:internal/streams/readable:519:3)
    at Readable.push (node:internal/streams/readable:399:5) {
  code: 'EAUTH',
  response: '535 5.7.8 Error: authentication failed: (reason unavailable)',
  responseCode: 535,
  command: 'AUTH PLAIN'
}

Node.js v26.5.1
 — pozostaje w kolejce (MT-12)
2026-09-01T02:22:44.201Z [INFO] === ORDER #1011 (7845027578197) test=false items=1
2026-09-01T02:22:44.346Z [INFO] ITEM PLUTO-PLOT-003327: class=M grant=300 wallet=0xD197fEA004F3c6Fd3B7657b2eD32D8eCFA9EE880 (DIRECT_WALLET) region=Puzzling
2026-09-01T02:22:44.347Z [INFO] RUN email PLUTO-PLOT-003327 → kalosorama@gmail.com: node scripts/send-email.mjs --to kalosorama@gmail.com --plot PLUTO-PLOT-003327 --pdf /opt/data/workspace/cosmiclands-nft/test-output/PLUTO-PLOT-003327-7845027578197.pdf
2026-09-01T02:22:48.487Z [ERROR] [RETRY 1/3] email: Command failed: /usr/local/bin/node /opt/data/workspace/cosmiclands-nft/scripts/send-email.mjs --to kalosorama@gmail.com --plot PLUTO-PLOT-003327 --pdf /opt/data/workspace/cosmiclands-nft/test-output/PLUTO-PLOT-003327-7845027578197.pdf
/opt/data/workspace/cosmiclands-nft/node_modules/nodemailer/lib/smtp-connection/index.js:938
            err = new Error(message);
                  ^

Error: Invalid login: 535 5.7.8 Error: authentication failed: (reason unavailable)
    at SMTPConnection._formatError (/opt/data/workspace/cosmiclands-nft/node_modules/nodemailer/lib/smtp-connection/index.js:938:19)
    at SMTPConnection._actionAUTHComplete (/opt/data/workspace/cosmiclands-nft/node_modules/nodemailer/lib/smtp-connection/index.js:1784:34)
    at SMTPConnection.<anonymous> (/opt/data/workspace/cosmiclands-nft/node_modules/nodemailer/lib/smtp-connection/index.js:669:26)
    at SMTPConnection._processResponse (/opt/data/workspace/cosmiclands-nft/node_modules/nodemailer/lib/smtp-connection/index.js:1150:20)
    at SMTPConnection._onData (/opt/data/workspace/cosmiclands-nft/node_modules/nodemailer/lib/smtp-connection/index.js:898:14)
    at SMTPConnection._onSocketData (/opt/data/workspace/cosmiclands-nft/node_modules/nodemailer/lib/smtp-connection/index.js:224:44)
    at TLSSocket.emit (node:events:509:20)
    at addChunk (node:internal/streams/readable:568:12)
    at readableAddChunkPushByteMode (node:internal/streams/readable:519:3)
    at Readable.push (node:internal/streams/readable:399:5) {
  code: 'EAUTH',
  response: '535 5.7.8 Error: authentication failed: (reason unavailable)',
  responseCode: 535,
  command: 'AUTH PLAIN'
}

Node.js v26.5.1

2026-09-01T02:22:53.487Z [INFO] RUN email PLUTO-PLOT-003327 → kalosorama@gmail.com: node scripts/send-email.mjs --to kalosorama@gmail.com --plot PLUTO-PLOT-003327 --pdf /opt/data/workspace/cosmiclands-nft/test-output/PLUTO-PLOT-003327-7845027578197.pdf
2026-09-01T02:22:57.668Z [ERROR] [RETRY 2/3] email: Command failed: /usr/local/bin/node /opt/data/workspace/cosmiclands-nft/scripts/send-email.mjs --to kalosorama@gmail.com --plot PLUTO-PLOT-003327 --pdf /opt/data/workspace/cosmiclands-nft/test-output/PLUTO-PLOT-003327-7845027578197.pdf
/opt/data/workspace/cosmiclands-nft/node_modules/nodemailer/lib/smtp-connection/index.js:938
            err = new Error(message);
                  ^

Error: Invalid login: 535 5.7.8 Error: authentication failed: (reason unavailable)
    at SMTPConnection._formatError (/opt/data/workspace/cosmiclands-nft/node_modules/nodemailer/lib/smtp-connection/index.js:938:19)
    at SMTPConnection._actionAUTHComplete (/opt/data/workspace/cosmiclands-nft/node_modules/nodemailer/lib/smtp-connection/index.js:1784:34)
    at SMTPConnection.<anonymous> (/opt/data/workspace/cosmiclands-nft/node_modules/nodemailer/lib/smtp-connection/index.js:669:26)
    at SMTPConnection._processResponse (/opt/data/workspace/cosmiclands-nft/node_modules/nodemailer/lib/smtp-connection/index.js:1150:20)
    at SMTPConnection._onData (/opt/data/workspace/cosmiclands-nft/node_modules/nodemailer/lib/smtp-connection/index.js:898:14)
    at SMTPConnection._onSocketData (/opt/data/workspace/cosmiclands-nft/node_modules/nodemailer/lib/smtp-connection/index.js:224:44)
    at TLSSocket.emit (node:events:509:20)
    at addChunk (node:internal/streams/readable:568:12)
    at readableAddChunkPushByteMode (node:internal/streams/readable:519:3)
    at Readable.push (node:internal/streams/readable:399:5) {
  code: 'EAUTH',
  response: '535 5.7.8 Error: authentication failed: (reason unavailable)',
  responseCode: 535,
  command: 'AUTH PLAIN'
}

Node.js v26.5.1

2026-09-01T02:23:07.668Z [INFO] RUN email PLUTO-PLOT-003327 → kalosorama@gmail.com: node scripts/send-email.mjs --to kalosorama@gmail.com --plot PLUTO-PLOT-003327 --pdf /opt/data/workspace/cosmiclands-nft/test-output/PLUTO-PLOT-003327-7845027578197.pdf
2026-09-01T02:23:11.835Z [ERROR] [RETRY 3/3] email: Command failed: /usr/local/bin/node /opt/data/workspace/cosmiclands-nft/scripts/send-email.mjs --to kalosorama@gmail.com --plot PLUTO-PLOT-003327 --pdf /opt/data/workspace/cosmiclands-nft/test-output/PLUTO-PLOT-003327-7845027578197.pdf
/opt/data/workspace/cosmiclands-nft/node_modules/nodemailer/lib/smtp-connection/index.js:938
            err = new Error(message);
                  ^

Error: Invalid login: 535 5.7.8 Error: authentication failed: (reason unavailable)
    at SMTPConnection._formatError (/opt/data/workspace/cosmiclands-nft/node_modules/nodemailer/lib/smtp-connection/index.js:938:19)
    at SMTPConnection._actionAUTHComplete (/opt/data/workspace/cosmiclands-nft/node_modules/nodemailer/lib/smtp-connection/index.js:1784:34)
    at SMTPConnection.<anonymous> (/opt/data/workspace/cosmiclands-nft/node_modules/nodemailer/lib/smtp-connection/index.js:669:26)
    at SMTPConnection._processResponse (/opt/data/workspace/cosmiclands-nft/node_modules/nodemailer/lib/smtp-connection/index.js:1150:20)
    at SMTPConnection._onData (/opt/data/workspace/cosmiclands-nft/node_modules/nodemailer/lib/smtp-connection/index.js:898:14)
    at SMTPConnection._onSocketData (/opt/data/workspace/cosmiclands-nft/node_modules/nodemailer/lib/smtp-connection/index.js:224:44)
    at TLSSocket.emit (node:events:509:20)
    at addChunk (node:internal/streams/readable:568:12)
    at readableAddChunkPushByteMode (node:internal/streams/readable:519:3)
    at Readable.push (node:internal/streams/readable:399:5) {
  code: 'EAUTH',
  response: '535 5.7.8 Error: authentication failed: (reason unavailable)',
  responseCode: 535,
  command: 'AUTH PLAIN'
}

Node.js v26.5.1

2026-09-01T02:23:11.835Z [ERROR] ORDER #1011: Command failed: /usr/local/bin/node /opt/data/workspace/cosmiclands-nft/scripts/send-email.mjs --to kalosorama@gmail.com --plot PLUTO-PLOT-003327 --pdf /opt/data/workspace/cosmiclands-nft/test-output/PLUTO-PLOT-003327-7845027578197.pdf
/opt/data/workspace/cosmiclands-nft/node_modules/nodemailer/lib/smtp-connection/index.js:938
            err = new Error(message);
                  ^

Error: Invalid login: 535 5.7.8 Error: authentication failed: (reason unavailable)
    at SMTPConnection._formatError (/opt/data/workspace/cosmiclands-nft/node_modules/nodemailer/lib/smtp-connection/index.js:938:19)
    at SMTPConnection._actionAUTHComplete (/opt/data/workspace/cosmiclands-nft/node_modules/nodemailer/lib/smtp-connection/index.js:1784:34)
    at SMTPConnection.<anonymous> (/opt/data/workspace/cosmiclands-nft/node_modules/nodemailer/lib/smtp-connection/index.js:669:26)
    at SMTPConnection._processResponse (/opt/data/workspace/cosmiclands-nft/node_modules/nodemailer/lib/smtp-connection/index.js:1150:20)
    at SMTPConnection._onData (/opt/data/workspace/cosmiclands-nft/node_modules/nodemailer/lib/smtp-connection/index.js:898:14)
    at SMTPConnection._onSocketData (/opt/data/workspace/cosmiclands-nft/node_modules/nodemailer/lib/smtp-connection/index.js:224:44)
    at TLSSocket.emit (node:events:509:20)
    at addChunk (node:internal/streams/readable:568:12)
    at readableAddChunkPushByteMode (node:internal/streams/readable:519:3)
    at Readable.push (node:internal/streams/readable:399:5) {
  code: 'EAUTH',
  response: '535 5.7.8 Error: authentication failed: (reason unavailable)',
  responseCode: 535,
  command: 'AUTH PLAIN'
}

Node.js v26.5.1
 — pozostaje w kolejce (MT-12)
2026-09-01T02:23:11.835Z [INFO] === ORDER #1010 (7845027545429) test=false items=1
2026-09-01T02:23:12.010Z [INFO] ITEM PLUTO-PLOT-002465: class=S grant=100 wallet=0xD197fEA004F3c6Fd3B7657b2eD32D8eCFA9EE880 (DIRECT_WALLET) region=Cthulhu
2026-09-01T02:23:12.010Z [INFO] RUN email PLUTO-PLOT-002465 → kalosorama@gmail.com: node scripts/send-email.mjs --to kalosorama@gmail.com --plot PLUTO-PLOT-002465 --pdf /opt/data/workspace/cosmiclands-nft/test-output/PLUTO-PLOT-002465-7845027545429.pdf
2026-09-01T02:23:15.311Z [ERROR] [RETRY 1/3] email: Command failed: /usr/local/bin/node /opt/data/workspace/cosmiclands-nft/scripts/send-email.mjs --to kalosorama@gmail.com --plot PLUTO-PLOT-002465 --pdf /opt/data/workspace/cosmiclands-nft/test-output/PLUTO-PLOT-002465-7845027545429.pdf
/opt/data/workspace/cosmiclands-nft/node_modules/nodemailer/lib/smtp-connection/index.js:938
            err = new Error(message);
                  ^

Error: Invalid login: 535 5.7.8 Error: authentication failed: (reason unavailable)
    at SMTPConnection._formatError (/opt/data/workspace/cosmiclands-nft/node_modules/nodemailer/lib/smtp-connection/index.js:938:19)
    at SMTPConnection._actionAUTHComplete (/opt/data/workspace/cosmiclands-nft/node_modules/nodemailer/lib/smtp-connection/index.js:1784:34)
    at SMTPConnection.<anonymous> (/opt/data/workspace/cosmiclands-nft/node_modules/nodemailer/lib/smtp-connection/index.js:669:26)
    at SMTPConnection._processResponse (/opt/data/workspace/cosmiclands-nft/node_modules/nodemailer/lib/smtp-connection/index.js:1150:20)
    at SMTPConnection._onData (/opt/data/workspace/cosmiclands-nft/node_modules/nodemailer/lib/smtp-connection/index.js:898:14)
    at SMTPConnection._onSocketData (/opt/data/workspace/cosmiclands-nft/node_modules/nodemailer/lib/smtp-connection/index.js:224:44)
    at TLSSocket.emit (node:events:509:20)
    at addChunk (node:internal/streams/readable:568:12)
    at readableAddChunkPushByteMode (node:internal/streams/readable:519:3)
    at Readable.push (node:internal/streams/readable:399:5) {
  code: 'EAUTH',
  response: '535 5.7.8 Error: authentication failed: (reason unavailable)',
  responseCode: 535,
  command: 'AUTH PLAIN'
}

Node.js v26.5.1

2026-09-01T02:23:20.312Z [INFO] RUN email PLUTO-PLOT-002465 → kalosorama@gmail.com: node scripts/send-email.mjs --to kalosorama@gmail.com --plot PLUTO-PLOT-002465 --pdf /opt/data/workspace/cosmiclands-nft/test-output/PLUTO-PLOT-002465-7845027545429.pdf
2026-09-01T02:23:24.350Z [ERROR] [RETRY 2/3] email: Command failed: /usr/local/bin/node /opt/data/workspace/cosmiclands-nft/scripts/send-email.mjs --to kalosorama@gmail.com --plot PLUTO-PLOT-002465 --pdf /opt/data/workspace/cosmiclands-nft/test-output/PLUTO-PLOT-002465-7845027545429.pdf
/opt/data/workspace/cosmiclands-nft/node_modules/nodemailer/lib/smtp-connection/index.js:938
            err = new Error(message);
                  ^

Error: Invalid login: 535 5.7.8 Error: authentication failed: (reason unavailable)
    at SMTPConnection._formatError (/opt/data/workspace/cosmiclands-nft/node_modules/nodemailer/lib/smtp-connection/index.js:938:19)
    at SMTPConnection._actionAUTHComplete (/opt/data/workspace/cosmiclands-nft/node_modules/nodemailer/lib/smtp-connection/index.js:1784:34)
    at SMTPConnection.<anonymous> (/opt/data/workspace/cosmiclands-nft/node_modules/nodemailer/lib/smtp-connection/index.js:669:26)
    at SMTPConnection._processResponse (/opt/data/workspace/cosmiclands-nft/node_modules/nodemailer/lib/smtp-connection/index.js:1150:20)
    at SMTPConnection._onData (/opt/data/workspace/cosmiclands-nft/node_modules/nodemailer/lib/smtp-connection/index.js:898:14)
    at SMTPConnection._onSocketData (/opt/data/workspace/cosmiclands-nft/node_modules/nodemailer/lib/smtp-connection/index.js:224:44)
    at TLSSocket.emit (node:events:509:20)
    at addChunk (node:internal/streams/readable:568:12)
    at readableAddChunkPushByteMode (node:internal/streams/readable:519:3)
    at Readable.push (node:internal/streams/readable:399:5) {
  code: 'EAUTH',
  response: '535 5.7.8 Error: authentication failed: (reason unavailable)',
  responseCode: 535,
  command: 'AUTH PLAIN'
}

Node.js v26.5.1

2026-09-01T02:23:34.351Z [INFO] RUN email PLUTO-PLOT-002465 → kalosorama@gmail.com: node scripts/send-email.mjs --to kalosorama@gmail.com --plot PLUTO-PLOT-002465 --pdf /opt/data/workspace/cosmiclands-nft/test-output/PLUTO-PLOT-002465-7845027545429.pdf
2026-09-01T02:23:37.801Z [ERROR] [RETRY 3/3] email: Command failed: /usr/local/bin/node /opt/data/workspace/cosmiclands-nft/scripts/send-email.mjs --to kalosorama@gmail.com --plot PLUTO-PLOT-002465 --pdf /opt/data/workspace/cosmiclands-nft/test-output/PLUTO-PLOT-002465-7845027545429.pdf
/opt/data/workspace/cosmiclands-nft/node_modules/nodemailer/lib/smtp-connection/index.js:938
            err = new Error(message);
                  ^

Error: Invalid login: 535 5.7.8 Error: authentication failed: (reason unavailable)
    at SMTPConnection._formatError (/opt/data/workspace/cosmiclands-nft/node_modules/nodemailer/lib/smtp-connection/index.js:938:19)
    at SMTPConnection._actionAUTHComplete (/opt/data/workspace/cosmiclands-nft/node_modules/nodemailer/lib/smtp-connection/index.js:1784:34)
    at SMTPConnection.<anonymous> (/opt/data/workspace/cosmiclands-nft/node_modules/nodemailer/lib/smtp-connection/index.js:669:26)
    at SMTPConnection._processResponse (/opt/data/workspace/cosmiclands-nft/node_modules/nodemailer/lib/smtp-connection/index.js:1150:20)
    at SMTPConnection._onData (/opt/data/workspace/cosmiclands-nft/node_modules/nodemailer/lib/smtp-connection/index.js:898:14)
    at SMTPConnection._onSocketData (/opt/data/workspace/cosmiclands-nft/node_modules/nodemailer/lib/smtp-connection/index.js:224:44)
    at TLSSocket.emit (node:events:509:20)
    at addChunk (node:internal/streams/readable:568:12)
    at readableAddChunkPushByteMode (node:internal/streams/readable:519:3)
    at Readable.push (node:internal/streams/readable:399:5) {
  code: 'EAUTH',
  response: '535 5.7.8 Error: authentication failed: (reason unavailable)',
  responseCode: 535,
  command: 'AUTH PLAIN'
}

Node.js v26.5.1

2026-09-01T02:23:37.801Z [ERROR] ORDER #1010: Command failed: /usr/local/bin/node /opt/data/workspace/cosmiclands-nft/scripts/send-email.mjs --to kalosorama@gmail.com --plot PLUTO-PLOT-002465 --pdf /opt/data/workspace/cosmiclands-nft/test-output/PLUTO-PLOT-002465-7845027545429.pdf
/opt/data/workspace/cosmiclands-nft/node_modules/nodemailer/lib/smtp-connection/index.js:938
            err = new Error(message);
                  ^

Error: Invalid login: 535 5.7.8 Error: authentication failed: (reason unavailable)
    at SMTPConnection._formatError (/opt/data/workspace/cosmiclands-nft/node_modules/nodemailer/lib/smtp-connection/index.js:938:19)
    at SMTPConnection._actionAUTHComplete (/opt/data/workspace/cosmiclands-nft/node_modules/nodemailer/lib/smtp-connection/index.js:1784:34)
    at SMTPConnection.<anonymous> (/opt/data/workspace/cosmiclands-nft/node_modules/nodemailer/lib/smtp-connection/index.js:669:26)
    at SMTPConnection._processResponse (/opt/data/workspace/cosmiclands-nft/node_modules/nodemailer/lib/smtp-connection/index.js:1150:20)
    at SMTPConnection._onData (/opt/data/workspace/cosmiclands-nft/node_modules/nodemailer/lib/smtp-connection/index.js:898:14)
    at SMTPConnection._onSocketData (/opt/data/workspace/cosmiclands-nft/node_modules/nodemailer/lib/smtp-connection/index.js:224:44)
    at TLSSocket.emit (node:events:509:20)
    at addChunk (node:internal/streams/readable:568:12)
    at readableAddChunkPushByteMode (node:internal/streams/readable:519:3)
    at Readable.push (node:internal/streams/readable:399:5) {
  code: 'EAUTH',
  response: '535 5.7.8 Error: authentication failed: (reason unavailable)',
  responseCode: 535,
  command: 'AUTH PLAIN'
}

Node.js v26.5.1
 — pozostaje w kolejce (MT-12)
2026-09-01T02:23:37.801Z [INFO] === ORDER #1009 (7845027447125) test=false items=1
2026-09-01T02:23:37.945Z [INFO] ITEM PLUTO-PLOT-002403: class=XL grant=2700 wallet=0xD197fEA004F3c6Fd3B7657b2eD32D8eCFA9EE880 (DIRECT_WALLET) region=Arrakis
2026-09-01T02:23:37.946Z [INFO] RUN email PLUTO-PLOT-002403 → kalosorama@gmail.com: node scripts/send-email.mjs --to kalosorama@gmail.com --plot PLUTO-PLOT-002403 --pdf /opt/data/workspace/cosmiclands-nft/test-output/PLUTO-PLOT-002403-7845027447125.pdf
2026-09-01T02:23:41.173Z [ERROR] [RETRY 1/3] email: Command failed: /usr/local/bin/node /opt/data/workspace/cosmiclands-nft/scripts/send-email.mjs --to kalosorama@gmail.com --plot PLUTO-PLOT-002403 --pdf /opt/data/workspace/cosmiclands-nft/test-output/PLUTO-PLOT-002403-7845027447125.pdf
/opt/data/workspace/cosmiclands-nft/node_modules/nodemailer/lib/smtp-connection/index.js:938
            err = new Error(message);
                  ^

Error: Invalid login: 535 5.7.8 Error: authentication failed: (reason unavailable)
    at SMTPConnection._formatError (/opt/data/workspace/cosmiclands-nft/node_modules/nodemailer/lib/smtp-connection/index.js:938:19)
    at SMTPConnection._actionAUTHComplete (/opt/data/workspace/cosmiclands-nft/node_modules/nodemailer/lib/smtp-connection/index.js:1784:34)
    at SMTPConnection.<anonymous> (/opt/data/workspace/cosmiclands-nft/node_modules/nodemailer/lib/smtp-connection/index.js:669:26)
    at SMTPConnection._processResponse (/opt/data/workspace/cosmiclands-nft/node_modules/nodemailer/lib/smtp-connection/index.js:1150:20)
    at SMTPConnection._onData (/opt/data/workspace/cosmiclands-nft/node_modules/nodemailer/lib/smtp-connection/index.js:898:14)
    at SMTPConnection._onSocketData (/opt/data/workspace/cosmiclands-nft/node_modules/nodemailer/lib/smtp-connection/index.js:224:44)
    at TLSSocket.emit (node:events:509:20)
    at addChunk (node:internal/streams/readable:568:12)
    at readableAddChunkPushByteMode (node:internal/streams/readable:519:3)
    at Readable.push (node:internal/streams/readable:399:5) {
  code: 'EAUTH',
  response: '535 5.7.8 Error: authentication failed: (reason unavailable)',
  responseCode: 535,
  command: 'AUTH PLAIN'
}

Node.js v26.5.1

2026-09-01T02:23:46.174Z [INFO] RUN email PLUTO-PLOT-002403 → kalosorama@gmail.com: node scripts/send-email.mjs --to kalosorama@gmail.com --plot PLUTO-PLOT-002403 --pdf /opt/data/workspace/cosmiclands-nft/test-output/PLUTO-PLOT-002403-7845027447125.pdf
2026-09-01T02:23:50.248Z [ERROR] [RETRY 2/3] email: Command failed: /usr/local/bin/node /opt/data/workspace/cosmiclands-nft/scripts/send-email.mjs --to kalosorama@gmail.com --plot PLUTO-PLOT-002403 --pdf /opt/data/workspace/cosmiclands-nft/test-output/PLUTO-PLOT-002403-7845027447125.pdf
/opt/data/workspace/cosmiclands-nft/node_modules/nodemailer/lib/smtp-connection/index.js:938
            err = new Error(message);
                  ^

Error: Invalid login: 535 5.7.8 Error: authentication failed: (reason unavailable)
    at SMTPConnection._formatError (/opt/data/workspace/cosmiclands-nft/node_modules/nodemailer/lib/smtp-connection/index.js:938:19)
    at SMTPConnection._actionAUTHComplete (/opt/data/workspace/cosmiclands-nft/node_modules/nodemailer/lib/smtp-connection/index.js:1784:34)
    at SMTPConnection.<anonymous> (/opt/data/workspace/cosmiclands-nft/node_modules/nodemailer/lib/smtp-connection/index.js:669:26)
    at SMTPConnection._processResponse (/opt/data/workspace/cosmiclands-nft/node_modules/nodemailer/lib/smtp-connection/index.js:1150:20)
    at SMTPConnection._onData (/opt/data/workspace/cosmiclands-nft/node_modules/nodemailer/lib/smtp-connection/index.js:898:14)
    at SMTPConnection._onSocketData (/opt/data/workspace/cosmiclands-nft/node_modules/nodemailer/lib/smtp-connection/index.js:224:44)
    at TLSSocket.emit (node:events:509:20)
    at addChunk (node:internal/streams/readable:568:12)
    at readableAddChunkPushByteMode (node:internal/streams/readable:519:3)
    at Readable.push (node:internal/streams/readable:399:5) {
  code: 'EAUTH',
  response: '535 5.7.8 Error: authentication failed: (reason unavailable)',
  responseCode: 535,
  command: 'AUTH PLAIN'
}

Node.js v26.5.1

2026-09-01T02:24:00.249Z [INFO] RUN email PLUTO-PLOT-002403 → kalosorama@gmail.com: node scripts/send-email.mjs --to kalosorama@gmail.com --plot PLUTO-PLOT-002403 --pdf /opt/data/workspace/cosmiclands-nft/test-output/PLUTO-PLOT-002403-7845027447125.pdf
2026-09-01T02:24:03.505Z [ERROR] [RETRY 3/3] email: Command failed: /usr/local/bin/node /opt/data/workspace/cosmiclands-nft/scripts/send-email.mjs --to kalosorama@gmail.com --plot PLUTO-PLOT-002403 --pdf /opt/data/workspace/cosmiclands-nft/test-output/PLUTO-PLOT-002403-7845027447125.pdf
/opt/data/workspace/cosmiclands-nft/node_modules/nodemailer/lib/smtp-connection/index.js:938
            err = new Error(message);
                  ^

Error: Invalid login: 535 5.7.8 Error: authentication failed: (reason unavailable)
    at SMTPConnection._formatError (/opt/data/workspace/cosmiclands-nft/node_modules/nodemailer/lib/smtp-connection/index.js:938:19)
    at SMTPConnection._actionAUTHComplete (/opt/data/workspace/cosmiclands-nft/node_modules/nodemailer/lib/smtp-connection/index.js:1784:34)
    at SMTPConnection.<anonymous> (/opt/data/workspace/cosmiclands-nft/node_modules/nodemailer/lib/smtp-connection/index.js:669:26)
    at SMTPConnection._processResponse (/opt/data/workspace/cosmiclands-nft/node_modules/nodemailer/lib/smtp-connection/index.js:1150:20)
    at SMTPConnection._onData (/opt/data/workspace/cosmiclands-nft/node_modules/nodemailer/lib/smtp-connection/index.js:898:14)
    at SMTPConnection._onSocketData (/opt/data/workspace/cosmiclands-nft/node_modules/nodemailer/lib/smtp-connection/index.js:224:44)
    at TLSSocket.emit (node:events:509:20)
    at addChunk (node:internal/streams/readable:568:12)
    at readableAddChunkPushByteMode (node:internal/streams/readable:519:3)
    at Readable.push (node:internal/streams/readable:399:5) {
  code: 'EAUTH',
  response: '535 5.7.8 Error: authentication failed: (reason unavailable)',
  responseCode: 535,
  command: 'AUTH PLAIN'
}

Node.js v26.5.1

2026-09-01T02:24:03.505Z [ERROR] ORDER #1009: Command failed: /usr/local/bin/node /opt/data/workspace/cosmiclands-nft/scripts/send-email.mjs --to kalosorama@gmail.com --plot PLUTO-PLOT-002403 --pdf /opt/data/workspace/cosmiclands-nft/test-output/PLUTO-PLOT-002403-7845027447125.pdf
/opt/data/workspace/cosmiclands-nft/node_modules/nodemailer/lib/smtp-connection/index.js:938
            err = new Error(message);
                  ^

Error: Invalid login: 535 5.7.8 Error: authentication failed: (reason unavailable)
    at SMTPConnection._formatError (/opt/data/workspace/cosmiclands-nft/node_modules/nodemailer/lib/smtp-connection/index.js:938:19)
    at SMTPConnection._actionAUTHComplete (/opt/data/workspace/cosmiclands-nft/node_modules/nodemailer/lib/smtp-connection/index.js:1784:34)
    at SMTPConnection.<anonymous> (/opt/data/workspace/cosmiclands-nft/node_modules/nodemailer/lib/smtp-connection/index.js:669:26)
    at SMTPConnection._processResponse (/opt/data/workspace/cosmiclands-nft/node_modules/nodemailer/lib/smtp-connection/index.js:1150:20)
    at SMTPConnection._onData (/opt/data/workspace/cosmiclands-nft/node_modules/nodemailer/lib/smtp-connection/index.js:898:14)
    at SMTPConnection._onSocketData (/opt/data/workspace/cosmiclands-nft/node_modules/nodemailer/lib/smtp-connection/index.js:224:44)
    at TLSSocket.emit (node:events:509:20)
    at addChunk (node:internal/streams/readable:568:12)
    at readableAddChunkPushByteMode (node:internal/streams/readable:519:3)
    at Readable.push (node:internal/streams/readable:399:5) {
  code: 'EAUTH',
  response: '535 5.7.8 Error: authentication failed: (reason unavailable)',
  responseCode: 535,
  command: 'AUTH PLAIN'
}

Node.js v26.5.1
 — pozostaje w kolejce (MT-12)
2026-09-01T02:24:03.507Z [INFO] === ORDER #1008 (7845027414357) test=false items=1
2026-09-01T02:24:03.655Z [INFO] ITEM PLUTO-PLOT-001664: class=L grant=900 wallet=0xD197fEA004F3c6Fd3B7657b2eD32D8eCFA9EE880 (DIRECT_WALLET) region=Lowell
2026-09-01T02:24:03.656Z [INFO] RUN email PLUTO-PLOT-001664 → kalosorama@gmail.com: node scripts/send-email.mjs --to kalosorama@gmail.com --plot PLUTO-PLOT-001664 --pdf /opt/data/workspace/cosmiclands-nft/test-output/PLUTO-PLOT-001664-7845027414357.pdf
2026-09-01T02:24:07.849Z [ERROR] [RETRY 1/3] email: Command failed: /usr/local/bin/node /opt/data/workspace/cosmiclands-nft/scripts/send-email.mjs --to kalosorama@gmail.com --plot PLUTO-PLOT-001664 --pdf /opt/data/workspace/cosmiclands-nft/test-output/PLUTO-PLOT-001664-7845027414357.pdf
/opt/data/workspace/cosmiclands-nft/node_modules/nodemailer/lib/smtp-connection/index.js:938
            err = new Error(message);
                  ^

Error: Invalid login: 535 5.7.8 Error: authentication failed: (reason unavailable)
    at SMTPConnection._formatError (/opt/data/workspace/cosmiclands-nft/node_modules/nodemailer/lib/smtp-connection/index.js:938:19)
    at SMTPConnection._actionAUTHComplete (/opt/data/workspace/cosmiclands-nft/node_modules/nodemailer/lib/smtp-connection/index.js:1784:34)
    at SMTPConnection.<anonymous> (/opt/data/workspace/cosmiclands-nft/node_modules/nodemailer/lib/smtp-connection/index.js:669:26)
    at SMTPConnection._processResponse (/opt/data/workspace/cosmiclands-nft/node_modules/nodemailer/lib/smtp-connection/index.js:1150:20)
    at SMTPConnection._onData (/opt/data/workspace/cosmiclands-nft/node_modules/nodemailer/lib/smtp-connection/index.js:898:14)
    at SMTPConnection._onSocketData (/opt/data/workspace/cosmiclands-nft/node_modules/nodemailer/lib/smtp-connection/index.js:224:44)
    at TLSSocket.emit (node:events:509:20)
    at addChunk (node:internal/streams/readable:568:12)
    at readableAddChunkPushByteMode (node:internal/streams/readable:519:3)
    at Readable.push (node:internal/streams/readable:399:5) {
  code: 'EAUTH',
  response: '535 5.7.8 Error: authentication failed: (reason unavailable)',
  responseCode: 535,
  command: 'AUTH PLAIN'
}

Node.js v26.5.1

2026-09-01T02:24:12.850Z [INFO] RUN email PLUTO-PLOT-001664 → kalosorama@gmail.com: node scripts/send-email.mjs --to kalosorama@gmail.com --plot PLUTO-PLOT-001664 --pdf /opt/data/workspace/cosmiclands-nft/test-output/PLUTO-PLOT-001664-7845027414357.pdf
2026-09-01T02:24:16.862Z [ERROR] [RETRY 2/3] email: Command failed: /usr/local/bin/node /opt/data/workspace/cosmiclands-nft/scripts/send-email.mjs --to kalosorama@gmail.com --plot PLUTO-PLOT-001664 --pdf /opt/data/workspace/cosmiclands-nft/test-output/PLUTO-PLOT-001664-7845027414357.pdf
/opt/data/workspace/cosmiclands-nft/node_modules/nodemailer/lib/smtp-connection/index.js:938
            err = new Error(message);
                  ^

Error: Invalid login: 535 5.7.8 Error: authentication failed: (reason unavailable)
    at SMTPConnection._formatError (/opt/data/workspace/cosmiclands-nft/node_modules/nodemailer/lib/smtp-connection/index.js:938:19)
    at SMTPConnection._actionAUTHComplete (/opt/data/workspace/cosmiclands-nft/node_modules/nodemailer/lib/smtp-connection/index.js:1784:34)
    at SMTPConnection.<anonymous> (/opt/data/workspace/cosmiclands-nft/node_modules/nodemailer/lib/smtp-connection/index.js:669:26)
    at SMTPConnection._processResponse (/opt/data/workspace/cosmiclands-nft/node_modules/nodemailer/lib/smtp-connection/index.js:1150:20)
    at SMTPConnection._onData (/opt/data/workspace/cosmiclands-nft/node_modules/nodemailer/lib/smtp-connection/index.js:898:14)
    at SMTPConnection._onSocketData (/opt/data/workspace/cosmiclands-nft/node_modules/nodemailer/lib/smtp-connection/index.js:224:44)
    at TLSSocket.emit (node:events:509:20)
    at addChunk (node:internal/streams/readable:568:12)
    at readableAddChunkPushByteMode (node:internal/streams/readable:519:3)
    at Readable.push (node:internal/streams/readable:399:5) {
  code: 'EAUTH',
  response: '535 5.7.8 Error: authentication failed: (reason unavailable)',
  responseCode: 535,
  command: 'AUTH PLAIN'
}

Node.js v26.5.1

2026-09-01T02:24:26.863Z [INFO] RUN email PLUTO-PLOT-001664 → kalosorama@gmail.com: node scripts/send-email.mjs --to kalosorama@gmail.com --plot PLUTO-PLOT-001664 --pdf /opt/data/workspace/cosmiclands-nft/test-output/PLUTO-PLOT-001664-7845027414357.pdf
2026-09-01T02:24:30.329Z [ERROR] [RETRY 3/3] email: Command failed: /usr/local/bin/node /opt/data/workspace/cosmiclands-nft/scripts/send-email.mjs --to kalosorama@gmail.com --plot PLUTO-PLOT-001664 --pdf /opt/data/workspace/cosmiclands-nft/test-output/PLUTO-PLOT-001664-7845027414357.pdf
/opt/data/workspace/cosmiclands-nft/node_modules/nodemailer/lib/smtp-connection/index.js:938
            err = new Error(message);
                  ^

Error: Invalid login: 535 5.7.8 Error: authentication failed: (reason unavailable)
    at SMTPConnection._formatError (/opt/data/workspace/cosmiclands-nft/node_modules/nodemailer/lib/smtp-connection/index.js:938:19)
    at SMTPConnection._actionAUTHComplete (/opt/data/workspace/cosmiclands-nft/node_modules/nodemailer/lib/smtp-connection/index.js:1784:34)
    at SMTPConnection.<anonymous> (/opt/data/workspace/cosmiclands-nft/node_modules/nodemailer/lib/smtp-connection/index.js:669:26)
    at SMTPConnection._processResponse (/opt/data/workspace/cosmiclands-nft/node_modules/nodemailer/lib/smtp-connection/index.js:1150:20)
    at SMTPConnection._onData (/opt/data/workspace/cosmiclands-nft/node_modules/nodemailer/lib/smtp-connection/index.js:898:14)
    at SMTPConnection._onSocketData (/opt/data/workspace/cosmiclands-nft/node_modules/nodemailer/lib/smtp-connection/index.js:224:44)
    at TLSSocket.emit (node:events:509:20)
    at addChunk (node:internal/streams/readable:568:12)
    at readableAddChunkPushByteMode (node:internal/streams/readable:519:3)
    at Readable.push (node:internal/streams/readable:399:5) {
  code: 'EAUTH',
  response: '535 5.7.8 Error: authentication failed: (reason unavailable)',
  responseCode: 535,
  command: 'AUTH PLAIN'
}

Node.js v26.5.1

2026-09-01T02:24:30.329Z [ERROR] ORDER #1008: Command failed: /usr/local/bin/node /opt/data/workspace/cosmiclands-nft/scripts/send-email.mjs --to kalosorama@gmail.com --plot PLUTO-PLOT-001664 --pdf /opt/data/workspace/cosmiclands-nft/test-output/PLUTO-PLOT-001664-7845027414357.pdf
/opt/data/workspace/cosmiclands-nft/node_modules/nodemailer/lib/smtp-connection/index.js:938
            err = new Error(message);
                  ^

Error: Invalid login: 535 5.7.8 Error: authentication failed: (reason unavailable)
    at SMTPConnection._formatError (/opt/data/workspace/cosmiclands-nft/node_modules/nodemailer/lib/smtp-connection/index.js:938:19)
    at SMTPConnection._actionAUTHComplete (/opt/data/workspace/cosmiclands-nft/node_modules/nodemailer/lib/smtp-connection/index.js:1784:34)
    at SMTPConnection.<anonymous> (/opt/data/workspace/cosmiclands-nft/node_modules/nodemailer/lib/smtp-connection/index.js:669:26)
    at SMTPConnection._processResponse (/opt/data/workspace/cosmiclands-nft/node_modules/nodemailer/lib/smtp-connection/index.js:1150:20)
    at SMTPConnection._onData (/opt/data/workspace/cosmiclands-nft/node_modules/nodemailer/lib/smtp-connection/index.js:898:14)
    at SMTPConnection._onSocketData (/opt/data/workspace/cosmiclands-nft/node_modules/nodemailer/lib/smtp-connection/index.js:224:44)
    at TLSSocket.emit (node:events:509:20)
    at addChunk (node:internal/streams/readable:568:12)
    at readableAddChunkPushByteMode (node:internal/streams/readable:519:3)
    at Readable.push (node:internal/streams/readable:399:5) {
  code: 'EAUTH',
  response: '535 5.7.8 Error: authentication failed: (reason unavailable)',
  responseCode: 535,
  command: 'AUTH PLAIN'
}

Node.js v26.5.1
 — pozostaje w kolejce (MT-12)
2026-09-01T02:24:30.329Z [INFO] === ORDER #1007 (7845027348821) test=false items=1
2026-09-01T02:24:30.493Z [INFO] ITEM PLUTO-PLOT-000863: class=M grant=300 wallet=0xD197fEA004F3c6Fd3B7657b2eD32D8eCFA9EE880 (DIRECT_WALLET) region=Tombaugh
2026-09-01T02:24:30.493Z [INFO] RUN email PLUTO-PLOT-000863 → kalosorama@gmail.com: node scripts/send-email.mjs --to kalosorama@gmail.com --plot PLUTO-PLOT-000863 --pdf /opt/data/workspace/cosmiclands-nft/test-output/PLUTO-PLOT-000863-7845027348821.pdf
2026-09-01T02:24:34.160Z [ERROR] [RETRY 1/3] email: Command failed: /usr/local/bin/node /opt/data/workspace/cosmiclands-nft/scripts/send-email.mjs --to kalosorama@gmail.com --plot PLUTO-PLOT-000863 --pdf /opt/data/workspace/cosmiclands-nft/test-output/PLUTO-PLOT-000863-7845027348821.pdf
/opt/data/workspace/cosmiclands-nft/node_modules/nodemailer/lib/smtp-connection/index.js:938
            err = new Error(message);
                  ^

Error: Invalid login: 535 5.7.8 Error: authentication failed: (reason unavailable)
    at SMTPConnection._formatError (/opt/data/workspace/cosmiclands-nft/node_modules/nodemailer/lib/smtp-connection/index.js:938:19)
    at SMTPConnection._actionAUTHComplete (/opt/data/workspace/cosmiclands-nft/node_modules/nodemailer/lib/smtp-connection/index.js:1784:34)
    at SMTPConnection.<anonymous> (/opt/data/workspace/cosmiclands-nft/node_modules/nodemailer/lib/smtp-connection/index.js:669:26)
    at SMTPConnection._processResponse (/opt/data/workspace/cosmiclands-nft/node_modules/nodemailer/lib/smtp-connection/index.js:1150:20)
    at SMTPConnection._onData (/opt/data/workspace/cosmiclands-nft/node_modules/nodemailer/lib/smtp-connection/index.js:898:14)
    at SMTPConnection._onSocketData (/opt/data/workspace/cosmiclands-nft/node_modules/nodemailer/lib/smtp-connection/index.js:224:44)
    at TLSSocket.emit (node:events:509:20)
    at addChunk (node:internal/streams/readable:568:12)
    at readableAddChunkPushByteMode (node:internal/streams/readable:519:3)
    at Readable.push (node:internal/streams/readable:399:5) {
  code: 'EAUTH',
  response: '535 5.7.8 Error: authentication failed: (reason unavailable)',
  responseCode: 535,
  command: 'AUTH PLAIN'
}

Node.js v26.5.1

2026-09-01T02:24:39.161Z [INFO] RUN email PLUTO-PLOT-000863 → kalosorama@gmail.com: node scripts/send-email.mjs --to kalosorama@gmail.com --plot PLUTO-PLOT-000863 --pdf /opt/data/workspace/cosmiclands-nft/test-output/PLUTO-PLOT-000863-7845027348821.pdf
2026-09-01T02:24:43.144Z [ERROR] [RETRY 2/3] email: Command failed: /usr/local/bin/node /opt/data/workspace/cosmiclands-nft/scripts/send-email.mjs --to kalosorama@gmail.com --plot PLUTO-PLOT-000863 --pdf /opt/data/workspace/cosmiclands-nft/test-output/PLUTO-PLOT-000863-7845027348821.pdf
/opt/data/workspace/cosmiclands-nft/node_modules/nodemailer/lib/smtp-connection/index.js:938
            err = new Error(message);
                  ^

Error: Invalid login: 535 5.7.8 Error: authentication failed: (reason unavailable)
    at SMTPConnection._formatError (/opt/data/workspace/cosmiclands-nft/node_modules/nodemailer/lib/smtp-connection/index.js:938:19)
    at SMTPConnection._actionAUTHComplete (/opt/data/workspace/cosmiclands-nft/node_modules/nodemailer/lib/smtp-connection/index.js:1784:34)
    at SMTPConnection.<anonymous> (/opt/data/workspace/cosmiclands-nft/node_modules/nodemailer/lib/smtp-connection/index.js:669:26)
    at SMTPConnection._processResponse (/opt/data/workspace/cosmiclands-nft/node_modules/nodemailer/lib/smtp-connection/index.js:1150:20)
    at SMTPConnection._onData (/opt/data/workspace/cosmiclands-nft/node_modules/nodemailer/lib/smtp-connection/index.js:898:14)
    at SMTPConnection._onSocketData (/opt/data/workspace/cosmiclands-nft/node_modules/nodemailer/lib/smtp-connection/index.js:224:44)
    at TLSSocket.emit (node:events:509:20)
    at addChunk (node:internal/streams/readable:568:12)
    at readableAddChunkPushByteMode (node:internal/streams/readable:519:3)
    at Readable.push (node:internal/streams/readable:399:5) {
  code: 'EAUTH',
  response: '535 5.7.8 Error: authentication failed: (reason unavailable)',
  responseCode: 535,
  command: 'AUTH PLAIN'
}

Node.js v26.5.1

2026-09-01T02:24:53.145Z [INFO] RUN email PLUTO-PLOT-000863 → kalosorama@gmail.com: node scripts/send-email.mjs --to kalosorama@gmail.com --plot PLUTO-PLOT-000863 --pdf /opt/data/workspace/cosmiclands-nft/test-output/PLUTO-PLOT-000863-7845027348821.pdf
2026-09-01T02:24:57.017Z [ERROR] [RETRY 3/3] email: Command failed: /usr/local/bin/node /opt/data/workspace/cosmiclands-nft/scripts/send-email.mjs --to kalosorama@gmail.com --plot PLUTO-PLOT-000863 --pdf /opt/data/workspace/cosmiclands-nft/test-output/PLUTO-PLOT-000863-7845027348821.pdf
/opt/data/workspace/cosmiclands-nft/node_modules/nodemailer/lib/smtp-connection/index.js:938
            err = new Error(message);
                  ^

Error: Invalid login: 535 5.7.8 Error: authentication failed: (reason unavailable)
    at SMTPConnection._formatError (/opt/data/workspace/cosmiclands-nft/node_modules/nodemailer/lib/smtp-connection/index.js:938:19)
    at SMTPConnection._actionAUTHComplete (/opt/data/workspace/cosmiclands-nft/node_modules/nodemailer/lib/smtp-connection/index.js:1784:34)
    at SMTPConnection.<anonymous> (/opt/data/workspace/cosmiclands-nft/node_modules/nodemailer/lib/smtp-connection/index.js:669:26)
    at SMTPConnection._processResponse (/opt/data/workspace/cosmiclands-nft/node_modules/nodemailer/lib/smtp-connection/index.js:1150:20)
    at SMTPConnection._onData (/opt/data/workspace/cosmiclands-nft/node_modules/nodemailer/lib/smtp-connection/index.js:898:14)
    at SMTPConnection._onSocketData (/opt/data/workspace/cosmiclands-nft/node_modules/nodemailer/lib/smtp-connection/index.js:224:44)
    at TLSSocket.emit (node:events:509:20)
    at addChunk (node:internal/streams/readable:568:12)
    at readableAddChunkPushByteMode (node:internal/streams/readable:519:3)
    at Readable.push (node:internal/streams/readable:399:5) {
  code: 'EAUTH',
  response: '535 5.7.8 Error: authentication failed: (reason unavailable)',
  responseCode: 535,
  command: 'AUTH PLAIN'
}

Node.js v26.5.1

2026-09-01T02:24:57.017Z [ERROR] ORDER #1007: Command failed: /usr/local/bin/node /opt/data/workspace/cosmiclands-nft/scripts/send-email.mjs --to kalosorama@gmail.com --plot PLUTO-PLOT-000863 --pdf /opt/data/workspace/cosmiclands-nft/test-output/PLUTO-PLOT-000863-7845027348821.pdf
/opt/data/workspace/cosmiclands-nft/node_modules/nodemailer/lib/smtp-connection/index.js:938
            err = new Error(message);
                  ^

Error: Invalid login: 535 5.7.8 Error: authentication failed: (reason unavailable)
    at SMTPConnection._formatError (/opt/data/workspace/cosmiclands-nft/node_modules/nodemailer/lib/smtp-connection/index.js:938:19)
    at SMTPConnection._actionAUTHComplete (/opt/data/workspace/cosmiclands-nft/node_modules/nodemailer/lib/smtp-connection/index.js:1784:34)
    at SMTPConnection.<anonymous> (/opt/data/workspace/cosmiclands-nft/node_modules/nodemailer/lib/smtp-connection/index.js:669:26)
    at SMTPConnection._processResponse (/opt/data/workspace/cosmiclands-nft/node_modules/nodemailer/lib/smtp-connection/index.js:1150:20)
    at SMTPConnection._onData (/opt/data/workspace/cosmiclands-nft/node_modules/nodemailer/lib/smtp-connection/index.js:898:14)
    at SMTPConnection._onSocketData (/opt/data/workspace/cosmiclands-nft/node_modules/nodemailer/lib/smtp-connection/index.js:224:44)
    at TLSSocket.emit (node:events:509:20)
    at addChunk (node:internal/streams/readable:568:12)
    at readableAddChunkPushByteMode (node:internal/streams/readable:519:3)
    at Readable.push (node:internal/streams/readable:399:5) {
  code: 'EAUTH',
  response: '535 5.7.8 Error: authentication failed: (reason unavailable)',
  responseCode: 535,
  command: 'AUTH PLAIN'
}

Node.js v26.5.1
 — pozostaje w kolejce (MT-12)
2026-09-01T02:24:57.017Z [INFO] === ORDER #1006 (7845027316053) test=false items=1
2026-09-01T02:24:57.165Z [INFO] ITEM PLUTO-PLOT-000001: class=S grant=100 wallet=0xD197fEA004F3c6Fd3B7657b2eD32D8eCFA9EE880 (DIRECT_WALLET) region=Sputnik
2026-09-01T02:24:57.382Z [INFO] RUN mint PLUTO-PLOT-000001 → 0xD197fEA004F3c6Fd3B7657b2eD32D8eCFA9EE880: node scripts/mint-test.mjs 
2026-09-01T02:25:03.342Z [INFO]   | [mint] base-sepolia deed=0xeB503fEC1a553d6d8E85cC4d9E4c7B04ceb664C4 plot=PLUTO-PLOT-000001 -> 0xD197fEA004F3c6Fd3B7657b2eD32D8eCFA9EE880
2026-09-01T02:25:03.343Z [INFO]   | ✅ minted tokenId, tx=0xf2a4bc19b8c4f2c82149ef3f432ea72b5a23cd62d9e3ea785c932fa12640524d
2026-09-01T02:25:03.344Z [INFO]   |    Explorer: https://sepolia.basescan.org/tx/0xf2a4bc19b8c4f2c82149ef3f432ea72b5a23cd62d9e3ea785c932fa12640524d
2026-09-01T02:25:03.344Z [INFO]   |    ownerOf(2135) = 0xD197fEA004F3c6Fd3B7657b2eD32D8eCFA9EE880
2026-09-01T02:25:03.344Z [INFO]   |    tokenURI = ipfs://2135
2026-09-01T02:25:03.345Z [INFO] MINT OK PLUTO-PLOT-000001 → 0xD197fEA004F3c6Fd3B7657b2eD32D8eCFA9EE880 tx=0xf2a4bc19b8c4f2c82149ef3f432ea72b5a23cd62d9e3ea785c932fa12640524d
2026-09-01T02:25:03.345Z [INFO] RUN grant 100 → 0xD197fEA004F3c6Fd3B7657b2eD32D8eCFA9EE880: node scripts/grant-cosmo.mjs --to 0xD197fEA004F3c6Fd3B7657b2eD32D8eCFA9EE880 --amount 100
2026-09-01T02:25:04.967Z [INFO]   | GRANT_OK tx=0x6799258fd7014edb18b96f7675b1c6578db222c4d8749519667ab6d0e0ff8daa amount=100 to=0xD197fEA004F3c6Fd3B7657b2eD32D8eCFA9EE880 block=46230609
2026-09-01T02:25:04.969Z [INFO] GRANT OK 100 COSMO → 0xD197fEA004F3c6Fd3B7657b2eD32D8eCFA9EE880 tx=0x6799258fd7014edb18b96f7675b1c6578db222c4d8749519667ab6d0e0ff8daa
2026-09-01T02:25:04.970Z [INFO] RUN pdf PLUTO-PLOT-000001: node scripts/generate-certificate-v3.mjs --planet pluto --plot PLUTO-PLOT-000001 --owner Kalosorama --class S --region Sputnik --coords — --area 0.5 ha --price 50 EUR --cosmo 100 --cert CL-TEST-7845027316053 --token-id 0 --tx 0xf2a4bc19b8c4f2c82149ef3f432ea72b5a23cd62d9e3ea785c932fa12640524d --out /opt/data/workspace/cosmiclands-nft/test-output/PLUTO-PLOT-000001-7845027316053.pdf
2026-09-01T02:25:05.349Z [INFO]   | ✅ PLUTO-PLOT-000001-7845027316053.pdf (PLUTO premium, QR → https://map.cosmiclands.space/?plot=PLUTO-PLOT-000001)
2026-09-01T02:25:05.350Z [INFO] PDF OK /opt/data/workspace/cosmiclands-nft/test-output/PLUTO-PLOT-000001-7845027316053.pdf
2026-09-01T02:25:05.350Z [INFO] RUN email PLUTO-PLOT-000001 → kalosorama@gmail.com: node scripts/send-email.mjs --to kalosorama@gmail.com --plot PLUTO-PLOT-000001 --pdf /opt/data/workspace/cosmiclands-nft/test-output/PLUTO-PLOT-000001-7845027316053.pdf
2026-09-01T02:25:08.783Z [ERROR] [RETRY 1/3] email: Command failed: /usr/local/bin/node /opt/data/workspace/cosmiclands-nft/scripts/send-email.mjs --to kalosorama@gmail.com --plot PLUTO-PLOT-000001 --pdf /opt/data/workspace/cosmiclands-nft/test-output/PLUTO-PLOT-000001-7845027316053.pdf
/opt/data/workspace/cosmiclands-nft/node_modules/nodemailer/lib/smtp-connection/index.js:938
            err = new Error(message);
                  ^

Error: Invalid login: 535 5.7.8 Error: authentication failed: (reason unavailable)
    at SMTPConnection._formatError (/opt/data/workspace/cosmiclands-nft/node_modules/nodemailer/lib/smtp-connection/index.js:938:19)
    at SMTPConnection._actionAUTHComplete (/opt/data/workspace/cosmiclands-nft/node_modules/nodemailer/lib/smtp-connection/index.js:1784:34)
    at SMTPConnection.<anonymous> (/opt/data/workspace/cosmiclands-nft/node_modules/nodemailer/lib/smtp-connection/index.js:669:26)
    at SMTPConnection._processResponse (/opt/data/workspace/cosmiclands-nft/node_modules/nodemailer/lib/smtp-connection/index.js:1150:20)
    at SMTPConnection._onData (/opt/data/workspace/cosmiclands-nft/node_modules/nodemailer/lib/smtp-connection/index.js:898:14)
    at SMTPConnection._onSocketData (/opt/data/workspace/cosmiclands-nft/node_modules/nodemailer/lib/smtp-connection/index.js:224:44)
    at TLSSocket.emit (node:events:509:20)
    at addChunk (node:internal/streams/readable:568:12)
    at readableAddChunkPushByteMode (node:internal/streams/readable:519:3)
    at Readable.push (node:internal/streams/readable:399:5) {
  code: 'EAUTH',
  response: '535 5.7.8 Error: authentication failed: (reason unavailable)',
  responseCode: 535,
  command: 'AUTH PLAIN'
}

Node.js v26.5.1

2026-09-01T02:25:13.784Z [INFO] RUN email PLUTO-PLOT-000001 → kalosorama@gmail.com: node scripts/send-email.mjs --to kalosorama@gmail.com --plot PLUTO-PLOT-000001 --pdf /opt/data/workspace/cosmiclands-nft/test-output/PLUTO-PLOT-000001-7845027316053.pdf
2026-09-01T02:25:18.046Z [ERROR] [RETRY 2/3] email: Command failed: /usr/local/bin/node /opt/data/workspace/cosmiclands-nft/scripts/send-email.mjs --to kalosorama@gmail.com --plot PLUTO-PLOT-000001 --pdf /opt/data/workspace/cosmiclands-nft/test-output/PLUTO-PLOT-000001-7845027316053.pdf
/opt/data/workspace/cosmiclands-nft/node_modules/nodemailer/lib/smtp-connection/index.js:938
            err = new Error(message);
                  ^

Error: Invalid login: 535 5.7.8 Error: authentication failed: (reason unavailable)
    at SMTPConnection._formatError (/opt/data/workspace/cosmiclands-nft/node_modules/nodemailer/lib/smtp-connection/index.js:938:19)
    at SMTPConnection._actionAUTHComplete (/opt/data/workspace/cosmiclands-nft/node_modules/nodemailer/lib/smtp-connection/index.js:1784:34)
    at SMTPConnection.<anonymous> (/opt/data/workspace/cosmiclands-nft/node_modules/nodemailer/lib/smtp-connection/index.js:669:26)
    at SMTPConnection._processResponse (/opt/data/workspace/cosmiclands-nft/node_modules/nodemailer/lib/smtp-connection/index.js:1150:20)
    at SMTPConnection._onData (/opt/data/workspace/cosmiclands-nft/node_modules/nodemailer/lib/smtp-connection/index.js:898:14)
    at SMTPConnection._onSocketData (/opt/data/workspace/cosmiclands-nft/node_modules/nodemailer/lib/smtp-connection/index.js:224:44)
    at TLSSocket.emit (node:events:509:20)
    at addChunk (node:internal/streams/readable:568:12)
    at readableAddChunkPushByteMode (node:internal/streams/readable:519:3)
    at Readable.push (node:internal/streams/readable:399:5) {
  code: 'EAUTH',
  response: '535 5.7.8 Error: authentication failed: (reason unavailable)',
  responseCode: 535,
  command: 'AUTH PLAIN'
}

Node.js v26.5.1

2026-09-01T02:25:28.047Z [INFO] RUN email PLUTO-PLOT-000001 → kalosorama@gmail.com: node scripts/send-email.mjs --to kalosorama@gmail.com --plot PLUTO-PLOT-000001 --pdf /opt/data/workspace/cosmiclands-nft/test-output/PLUTO-PLOT-000001-7845027316053.pdf
2026-09-01T02:25:31.780Z [ERROR] [RETRY 3/3] email: Command failed: /usr/local/bin/node /opt/data/workspace/cosmiclands-nft/scripts/send-email.mjs --to kalosorama@gmail.com --plot PLUTO-PLOT-000001 --pdf /opt/data/workspace/cosmiclands-nft/test-output/PLUTO-PLOT-000001-7845027316053.pdf
/opt/data/workspace/cosmiclands-nft/node_modules/nodemailer/lib/smtp-connection/index.js:938
            err = new Error(message);
                  ^

Error: Invalid login: 535 5.7.8 Error: authentication failed: (reason unavailable)
    at SMTPConnection._formatError (/opt/data/workspace/cosmiclands-nft/node_modules/nodemailer/lib/smtp-connection/index.js:938:19)
    at SMTPConnection._actionAUTHComplete (/opt/data/workspace/cosmiclands-nft/node_modules/nodemailer/lib/smtp-connection/index.js:1784:34)
    at SMTPConnection.<anonymous> (/opt/data/workspace/cosmiclands-nft/node_modules/nodemailer/lib/smtp-connection/index.js:669:26)
    at SMTPConnection._processResponse (/opt/data/workspace/cosmiclands-nft/node_modules/nodemailer/lib/smtp-connection/index.js:1150:20)
    at SMTPConnection._onData (/opt/data/workspace/cosmiclands-nft/node_modules/nodemailer/lib/smtp-connection/index.js:898:14)
    at SMTPConnection._onSocketData (/opt/data/workspace/cosmiclands-nft/node_modules/nodemailer/lib/smtp-connection/index.js:224:44)
    at TLSSocket.emit (node:events:509:20)
    at addChunk (node:internal/streams/readable:568:12)
    at readableAddChunkPushByteMode (node:internal/streams/readable:519:3)
    at Readable.push (node:internal/streams/readable:399:5) {
  code: 'EAUTH',
  response: '535 5.7.8 Error: authentication failed: (reason unavailable)',
  responseCode: 535,
  command: 'AUTH PLAIN'
}

Node.js v26.5.1

2026-09-01T02:25:31.780Z [ERROR] ORDER #1006: Command failed: /usr/local/bin/node /opt/data/workspace/cosmiclands-nft/scripts/send-email.mjs --to kalosorama@gmail.com --plot PLUTO-PLOT-000001 --pdf /opt/data/workspace/cosmiclands-nft/test-output/PLUTO-PLOT-000001-7845027316053.pdf
/opt/data/workspace/cosmiclands-nft/node_modules/nodemailer/lib/smtp-connection/index.js:938
            err = new Error(message);
                  ^

Error: Invalid login: 535 5.7.8 Error: authentication failed: (reason unavailable)
    at SMTPConnection._formatError (/opt/data/workspace/cosmiclands-nft/node_modules/nodemailer/lib/smtp-connection/index.js:938:19)
    at SMTPConnection._actionAUTHComplete (/opt/data/workspace/cosmiclands-nft/node_modules/nodemailer/lib/smtp-connection/index.js:1784:34)
    at SMTPConnection.<anonymous> (/opt/data/workspace/cosmiclands-nft/node_modules/nodemailer/lib/smtp-connection/index.js:669:26)
    at SMTPConnection._processResponse (/opt/data/workspace/cosmiclands-nft/node_modules/nodemailer/lib/smtp-connection/index.js:1150:20)
    at SMTPConnection._onData (/opt/data/workspace/cosmiclands-nft/node_modules/nodemailer/lib/smtp-connection/index.js:898:14)
    at SMTPConnection._onSocketData (/opt/data/workspace/cosmiclands-nft/node_modules/nodemailer/lib/smtp-connection/index.js:224:44)
    at TLSSocket.emit (node:events:509:20)
    at addChunk (node:internal/streams/readable:568:12)
    at readableAddChunkPushByteMode (node:internal/streams/readable:519:3)
    at Readable.push (node:internal/streams/readable:399:5) {
  code: 'EAUTH',
  response: '535 5.7.8 Error: authentication failed: (reason unavailable)',
  responseCode: 535,
  command: 'AUTH PLAIN'
}

Node.js v26.5.1
 — pozostaje w kolejce (MT-12)
2026-09-01T02:25:31.780Z [INFO] === ORDER #1005 (7844887691605) test=true items=1
2026-09-01T02:25:31.938Z [INFO] ITEM SATURN-PLOT-006771: class=S grant=100 wallet=0xD197fEA004F3c6Fd3B7657b2eD32D8eCFA9EE880 (TEST) region=Helene
2026-09-01T02:25:32.220Z [INFO] RUN mint SATURN-PLOT-006771 → 0xD197fEA004F3c6Fd3B7657b2eD32D8eCFA9EE880: node scripts/mint-test.mjs 
2026-09-01T02:25:33.972Z [INFO]   | [mint] base-sepolia deed=0xeB503fEC1a553d6d8E85cC4d9E4c7B04ceb664C4 plot=SATURN-PLOT-006771 -> 0xD197fEA004F3c6Fd3B7657b2eD32D8eCFA9EE880
2026-09-01T02:25:33.973Z [INFO]   | ✅ minted tokenId, tx=0xabebf6f771ad38e57b3db703cbd4e94791b423b96682f740a72d69e1b2d67418
2026-09-01T02:25:33.973Z [INFO]   |    Explorer: https://sepolia.basescan.org/tx/0xabebf6f771ad38e57b3db703cbd4e94791b423b96682f740a72d69e1b2d67418
2026-09-01T02:25:33.973Z [INFO]   |    ownerOf(2135) = 0xD197fEA004F3c6Fd3B7657b2eD32D8eCFA9EE880
2026-09-01T02:25:33.973Z [INFO]   |    tokenURI = ipfs://2135
2026-09-01T02:25:33.974Z [INFO] MINT OK SATURN-PLOT-006771 → 0xD197fEA004F3c6Fd3B7657b2eD32D8eCFA9EE880 tx=0xabebf6f771ad38e57b3db703cbd4e94791b423b96682f740a72d69e1b2d67418
2026-09-01T02:25:33.974Z [INFO] RUN grant 100 → 0xD197fEA004F3c6Fd3B7657b2eD32D8eCFA9EE880: node scripts/grant-cosmo.mjs --to 0xD197fEA004F3c6Fd3B7657b2eD32D8eCFA9EE880 --amount 100
2026-09-01T02:25:39.603Z [INFO]   | GRANT_OK tx=0x4cd2ac1e5742429b8f42841e91d075f25bba1f0578fe4a8322fddf904d4763aa amount=100 to=0xD197fEA004F3c6Fd3B7657b2eD32D8eCFA9EE880 block=46230624
2026-09-01T02:25:39.603Z [INFO] GRANT OK 100 COSMO → 0xD197fEA004F3c6Fd3B7657b2eD32D8eCFA9EE880 tx=0x4cd2ac1e5742429b8f42841e91d075f25bba1f0578fe4a8322fddf904d4763aa
2026-09-01T02:25:39.603Z [INFO] RUN pdf SATURN-PLOT-006771: node scripts/generate-certificate-v3.mjs --planet saturn --plot SATURN-PLOT-006771 --owner Kalosorama --class S --region Helene --coords — --area 0.5 ha --price 50 EUR --cosmo 100 --cert CL-TEST-7844887691605 --token-id 0 --tx 0xabebf6f771ad38e57b3db703cbd4e94791b423b96682f740a72d69e1b2d67418 --out /opt/data/workspace/cosmiclands-nft/test-output/SATURN-PLOT-006771-7844887691605.pdf
2026-09-01T02:25:39.966Z [INFO]   | ✅ SATURN-PLOT-006771-7844887691605.pdf (SATURN premium, QR → https://map.cosmiclands.space/?plot=SATURN-PLOT-006771)
2026-09-01T02:25:39.966Z [INFO] PDF OK /opt/data/workspace/cosmiclands-nft/test-output/SATURN-PLOT-006771-7844887691605.pdf
2026-09-01T02:25:39.966Z [INFO] RUN email SATURN-PLOT-006771 → kalosorama@gmail.com: node scripts/send-email.mjs --to kalosorama@gmail.com --plot SATURN-PLOT-006771 --pdf /opt/data/workspace/cosmiclands-nft/test-output/SATURN-PLOT-006771-7844887691605.pdf
2026-09-01T02:25:43.728Z [ERROR] [RETRY 1/3] email: Command failed: /usr/local/bin/node /opt/data/workspace/cosmiclands-nft/scripts/send-email.mjs --to kalosorama@gmail.com --plot SATURN-PLOT-006771 --pdf /opt/data/workspace/cosmiclands-nft/test-output/SATURN-PLOT-006771-7844887691605.pdf
/opt/data/workspace/cosmiclands-nft/node_modules/nodemailer/lib/smtp-connection/index.js:938
            err = new Error(message);
                  ^

Error: Invalid login: 535 5.7.8 Error: authentication failed: (reason unavailable)
    at SMTPConnection._formatError (/opt/data/workspace/cosmiclands-nft/node_modules/nodemailer/lib/smtp-connection/index.js:938:19)
    at SMTPConnection._actionAUTHComplete (/opt/data/workspace/cosmiclands-nft/node_modules/nodemailer/lib/smtp-connection/index.js:1784:34)
    at SMTPConnection.<anonymous> (/opt/data/workspace/cosmiclands-nft/node_modules/nodemailer/lib/smtp-connection/index.js:669:26)
    at SMTPConnection._processResponse (/opt/data/workspace/cosmiclands-nft/node_modules/nodemailer/lib/smtp-connection/index.js:1150:20)
    at SMTPConnection._onData (/opt/data/workspace/cosmiclands-nft/node_modules/nodemailer/lib/smtp-connection/index.js:898:14)
    at SMTPConnection._onSocketData (/opt/data/workspace/cosmiclands-nft/node_modules/nodemailer/lib/smtp-connection/index.js:224:44)
    at TLSSocket.emit (node:events:509:20)
    at addChunk (node:internal/streams/readable:568:12)
    at readableAddChunkPushByteMode (node:internal/streams/readable:519:3)
    at Readable.push (node:internal/streams/readable:399:5) {
  code: 'EAUTH',
  response: '535 5.7.8 Error: authentication failed: (reason unavailable)',
  responseCode: 535,
  command: 'AUTH PLAIN'
}

Node.js v26.5.1

2026-09-01T02:25:48.729Z [INFO] RUN email SATURN-PLOT-006771 → kalosorama@gmail.com: node scripts/send-email.mjs --to kalosorama@gmail.com --plot SATURN-PLOT-006771 --pdf /opt/data/workspace/cosmiclands-nft/test-output/SATURN-PLOT-006771-7844887691605.pdf
2026-09-01T02:25:52.892Z [ERROR] [RETRY 2/3] email: Command failed: /usr/local/bin/node /opt/data/workspace/cosmiclands-nft/scripts/send-email.mjs --to kalosorama@gmail.com --plot SATURN-PLOT-006771 --pdf /opt/data/workspace/cosmiclands-nft/test-output/SATURN-PLOT-006771-7844887691605.pdf
/opt/data/workspace/cosmiclands-nft/node_modules/nodemailer/lib/smtp-connection/index.js:938
            err = new Error(message);
                  ^

Error: Invalid login: 535 5.7.8 Error: authentication failed: (reason unavailable)
    at SMTPConnection._formatError (/opt/data/workspace/cosmiclands-nft/node_modules/nodemailer/lib/smtp-connection/index.js:938:19)
    at SMTPConnection._actionAUTHComplete (/opt/data/workspace/cosmiclands-nft/node_modules/nodemailer/lib/smtp-connection/index.js:1784:34)
    at SMTPConnection.<anonymous> (/opt/data/workspace/cosmiclands-nft/node_modules/nodemailer/lib/smtp-connection/index.js:669:26)
    at SMTPConnection._processResponse (/opt/data/workspace/cosmiclands-nft/node_modules/nodemailer/lib/smtp-connection/index.js:1150:20)
    at SMTPConnection._onData (/opt/data/workspace/cosmiclands-nft/node_modules/nodemailer/lib/smtp-connection/index.js:898:14)
    at SMTPConnection._onSocketData (/opt/data/workspace/cosmiclands-nft/node_modules/nodemailer/lib/smtp-connection/index.js:224:44)
    at TLSSocket.emit (node:events:509:20)
    at addChunk (node:internal/streams/readable:568:12)
    at readableAddChunkPushByteMode (node:internal/streams/readable:519:3)
    at Readable.push (node:internal/streams/readable:399:5) {
  code: 'EAUTH',
  response: '535 5.7.8 Error: authentication failed: (reason unavailable)',
  responseCode: 535,
  command: 'AUTH PLAIN'
}

Node.js v26.5.1

2026-09-01T02:26:02.893Z [INFO] RUN email SATURN-PLOT-006771 → kalosorama@gmail.com: node scripts/send-email.mjs --to kalosorama@gmail.com --plot SATURN-PLOT-006771 --pdf /opt/data/workspace/cosmiclands-nft/test-output/SATURN-PLOT-006771-7844887691605.pdf
2026-09-01T02:26:06.868Z [ERROR] [RETRY 3/3] email: Command failed: /usr/local/bin/node /opt/data/workspace/cosmiclands-nft/scripts/send-email.mjs --to kalosorama@gmail.com --plot SATURN-PLOT-006771 --pdf /opt/data/workspace/cosmiclands-nft/test-output/SATURN-PLOT-006771-7844887691605.pdf
/opt/data/workspace/cosmiclands-nft/node_modules/nodemailer/lib/smtp-connection/index.js:938
            err = new Error(message);
                  ^

Error: Invalid login: 535 5.7.8 Error: authentication failed: (reason unavailable)
    at SMTPConnection._formatError (/opt/data/workspace/cosmiclands-nft/node_modules/nodemailer/lib/smtp-connection/index.js:938:19)
    at SMTPConnection._actionAUTHComplete (/opt/data/workspace/cosmiclands-nft/node_modules/nodemailer/lib/smtp-connection/index.js:1784:34)
    at SMTPConnection.<anonymous> (/opt/data/workspace/cosmiclands-nft/node_modules/nodemailer/lib/smtp-connection/index.js:669:26)
    at SMTPConnection._processResponse (/opt/data/workspace/cosmiclands-nft/node_modules/nodemailer/lib/smtp-connection/index.js:1150:20)
    at SMTPConnection._onData (/opt/data/workspace/cosmiclands-nft/node_modules/nodemailer/lib/smtp-connection/index.js:898:14)
    at SMTPConnection._onSocketData (/opt/data/workspace/cosmiclands-nft/node_modules/nodemailer/lib/smtp-connection/index.js:224:44)
    at TLSSocket.emit (node:events:509:20)
    at addChunk (node:internal/streams/readable:568:12)
    at readableAddChunkPushByteMode (node:internal/streams/readable:519:3)
    at Readable.push (node:internal/streams/readable:399:5) {
  code: 'EAUTH',
  response: '535 5.7.8 Error: authentication failed: (reason unavailable)',
  responseCode: 535,
  command: 'AUTH PLAIN'
}

Node.js v26.5.1

2026-09-01T02:26:06.868Z [ERROR] ORDER #1005: Command failed: /usr/local/bin/node /opt/data/workspace/cosmiclands-nft/scripts/send-email.mjs --to kalosorama@gmail.com --plot SATURN-PLOT-006771 --pdf /opt/data/workspace/cosmiclands-nft/test-output/SATURN-PLOT-006771-7844887691605.pdf
/opt/data/workspace/cosmiclands-nft/node_modules/nodemailer/lib/smtp-connection/index.js:938
            err = new Error(message);
                  ^

Error: Invalid login: 535 5.7.8 Error: authentication failed: (reason unavailable)
    at SMTPConnection._formatError (/opt/data/workspace/cosmiclands-nft/node_modules/nodemailer/lib/smtp-connection/index.js:938:19)
    at SMTPConnection._actionAUTHComplete (/opt/data/workspace/cosmiclands-nft/node_modules/nodemailer/lib/smtp-connection/index.js:1784:34)
    at SMTPConnection.<anonymous> (/opt/data/workspace/cosmiclands-nft/node_modules/nodemailer/lib/smtp-connection/index.js:669:26)
    at SMTPConnection._processResponse (/opt/data/workspace/cosmiclands-nft/node_modules/nodemailer/lib/smtp-connection/index.js:1150:20)
    at SMTPConnection._onData (/opt/data/workspace/cosmiclands-nft/node_modules/nodemailer/lib/smtp-connection/index.js:898:14)
    at SMTPConnection._onSocketData (/opt/data/workspace/cosmiclands-nft/node_modules/nodemailer/lib/smtp-connection/index.js:224:44)
    at TLSSocket.emit (node:events:509:20)
    at addChunk (node:internal/streams/readable:568:12)
    at readableAddChunkPushByteMode (node:internal/streams/readable:519:3)
    at Readable.push (node:internal/streams/readable:399:5) {
  code: 'EAUTH',
  response: '535 5.7.8 Error: authentication failed: (reason unavailable)',
  responseCode: 535,
  command: 'AUTH PLAIN'
}

Node.js v26.5.1
 — pozostaje w kolejce (MT-12)
2026-09-01T02:26:06.868Z [INFO] === ORDER #1004 (7844800856405) test=true items=2
2026-09-01T02:26:07.015Z [INFO] ITEM MARS-PLOT-001849: class=S grant=100 wallet=0xD197fEA004F3c6Fd3B7657b2eD32D8eCFA9EE880 (TEST) region=Arabia
2026-09-01T02:26:07.273Z [INFO] RUN mint MARS-PLOT-001849 → 0xD197fEA004F3c6Fd3B7657b2eD32D8eCFA9EE880: node scripts/mint-test.mjs 
2026-09-01T02:26:07.919Z [ERROR] [RETRY 1/3] mint: Command failed: /usr/local/bin/node /opt/data/workspace/cosmiclands-nft/scripts/mint-test.mjs
file:///opt/data/workspace/cosmiclands-nft/node_modules/ethers/lib.esm/utils/errors.js:132
            error = new Error(message);
                    ^

Error: execution reverted: "plot already minted" (action="estimateGas", data="0x08c379a000000000000000000000000000000000000000000000000000000000000000200000000000000000000000000000000000000000000000000000000000000013706c6f7420616c7265616479206d696e74656400000000000000000000000000", reason="plot already minted", transaction={ "data": "0xe3ff1354000000000000000000000000d197fea004f3c6fd3b7657b2ed32d8ecfa9ee880000000000000000000000000000000000000000000000000000000000000006000000000000000000000000000000000000000000000000000000000000000a000000000000000000000000000000000000000000000000000000000000000104d4152532d504c4f542d303031383439000000000000000000000000000000000000000000000000000000000000000000000000000000000000000000000000", "from": "0xb66AF38AC26b9023F138399f7633094AA85b055A", "to": "0xeB503fEC1a553d6d8E85cC4d9E4c7B04ceb664C4" }, invocation=null, revert={ "args": [ "plot already minted" ], "name": "Error", "signature": "Error(string)" }, code=CALL_EXCEPTION, version=6.17.0)
    at makeError (file:///opt/data/workspace/cosmiclands-nft/node_modules/ethers/lib.esm/utils/errors.js:132:21)
    at getBuiltinCallException (file:///opt/data/workspace/cosmiclands-nft/node_modules/ethers/lib.esm/abi/abi-coder.js:102:12)
    at AbiCoder.getBuiltinCallException (file:///opt/data/workspace/cosmiclands-nft/node_modules/ethers/lib.esm/abi/abi-coder.js:203:16)
    at JsonRpcProvider.getRpcError (file:///opt/data/workspace/cosmiclands-nft/node_modules/ethers/lib.esm/providers/provider-jsonrpc.js:691:32)
    at file:///opt/data/workspace/cosmiclands-nft/node_modules/ethers/lib.esm/providers/provider-jsonrpc.js:298:45
    at process.processTicksAndRejections (node:internal/process/task_queues:104:5) {
  code: 'CALL_EXCEPTION',
  action: 'estimateGas',
  data: '0x08c379a000000000000000000000000000000000000000000000000000000000000000200000000000000000000000000000000000000000000000000000000000000013706c6f7420616c7265616479206d696e74656400000000000000000000000000',
  reason: 'plot already minted',
  transaction: {
    to: '0xeB503fEC1a553d6d8E85cC4d9E4c7B04ceb664C4',
    data: '0xe3ff1354000000000000000000000000d197fea004f3c6fd3b7657b2ed32d8ecfa9ee880000000000000000000000000000000000000000000000000000000000000006000000000000000000000000000000000000000000000000000000000000000a000000000000000000000000000000000000000000000000000000000000000104d4152532d504c4f542d303031383439000000000000000000000000000000000000000000000000000000000000000000000000000000000000000000000000',
    from: '0xb66AF38AC26b9023F138399f7633094AA85b055A'
  },
  invocation: null,
  revert: {
    signature: 'Error(string)',
    name: 'Error',
    args: [ 'plot already minted' ]
  },
  shortMessage: 'execution reverted: "plot already minted"',
  info: {
    error: {
      code: 3,
      message: 'execution reverted: plot already minted',
      data: '0x08c379a000000000000000000000000000000000000000000000000000000000000000200000000000000000000000000000000000000000000000000000000000000013706c6f7420616c7265616479206d696e74656400000000000000000000000000'
    },
    payload: {
      method: 'eth_estimateGas',
      params: [
        {
          nonce: '0x151',
          from: '0xb66af38ac26b9023f138399f7633094aa85b055a',
          to: '0xeb503fec1a553d6d8e85cc4d9e4c7b04ceb664c4',
          data: '0xe3ff1354000000000000000000000000d197fea004f3c6fd3b7657b2ed32d8ecfa9ee880000000000000000000000000000000000000000000000000000000000000006000000000000000000000000000000000000000000000000000000000000000a000000000000000000000000000000000000000000000000000000000000000104d4152532d504c4f542d303031383439000000000000000000000000000000000000000000000000000000000000000000000000000000000000000000000000'
        }
      ],
      id: 3,
      jsonrpc: '2.0'
    }
  }
}

Node.js v26.5.1

2026-09-01T02:26:12.919Z [INFO] RUN mint MARS-PLOT-001849 → 0xD197fEA004F3c6Fd3B7657b2eD32D8eCFA9EE880: node scripts/mint-test.mjs 
2026-09-01T02:26:13.490Z [ERROR] [RETRY 2/3] mint: Command failed: /usr/local/bin/node /opt/data/workspace/cosmiclands-nft/scripts/mint-test.mjs
file:///opt/data/workspace/cosmiclands-nft/node_modules/ethers/lib.esm/utils/errors.js:132
            error = new Error(message);
                    ^

Error: execution reverted: "plot already minted" (action="estimateGas", data="0x08c379a000000000000000000000000000000000000000000000000000000000000000200000000000000000000000000000000000000000000000000000000000000013706c6f7420616c7265616479206d696e74656400000000000000000000000000", reason="plot already minted", transaction={ "data": "0xe3ff1354000000000000000000000000d197fea004f3c6fd3b7657b2ed32d8ecfa9ee880000000000000000000000000000000000000000000000000000000000000006000000000000000000000000000000000000000000000000000000000000000a000000000000000000000000000000000000000000000000000000000000000104d4152532d504c4f542d303031383439000000000000000000000000000000000000000000000000000000000000000000000000000000000000000000000000", "from": "0xb66AF38AC26b9023F138399f7633094AA85b055A", "to": "0xeB503fEC1a553d6d8E85cC4d9E4c7B04ceb664C4" }, invocation=null, revert={ "args": [ "plot already minted" ], "name": "Error", "signature": "Error(string)" }, code=CALL_EXCEPTION, version=6.17.0)
    at makeError (file:///opt/data/workspace/cosmiclands-nft/node_modules/ethers/lib.esm/utils/errors.js:132:21)
    at getBuiltinCallException (file:///opt/data/workspace/cosmiclands-nft/node_modules/ethers/lib.esm/abi/abi-coder.js:102:12)
    at AbiCoder.getBuiltinCallException (file:///opt/data/workspace/cosmiclands-nft/node_modules/ethers/lib.esm/abi/abi-coder.js:203:16)
    at JsonRpcProvider.getRpcError (file:///opt/data/workspace/cosmiclands-nft/node_modules/ethers/lib.esm/providers/provider-jsonrpc.js:691:32)
    at file:///opt/data/workspace/cosmiclands-nft/node_modules/ethers/lib.esm/providers/provider-jsonrpc.js:298:45
    at process.processTicksAndRejections (node:internal/process/task_queues:104:5) {
  code: 'CALL_EXCEPTION',
  action: 'estimateGas',
  data: '0x08c379a000000000000000000000000000000000000000000000000000000000000000200000000000000000000000000000000000000000000000000000000000000013706c6f7420616c7265616479206d696e74656400000000000000000000000000',
  reason: 'plot already minted',
  transaction: {
    to: '0xeB503fEC1a553d6d8E85cC4d9E4c7B04ceb664C4',
    data: '0xe3ff1354000000000000000000000000d197fea004f3c6fd3b7657b2ed32d8ecfa9ee880000000000000000000000000000000000000000000000000000000000000006000000000000000000000000000000000000000000000000000000000000000a000000000000000000000000000000000000000000000000000000000000000104d4152532d504c4f542d303031383439000000000000000000000000000000000000000000000000000000000000000000000000000000000000000000000000',
    from: '0xb66AF38AC26b9023F138399f7633094AA85b055A'
  },
  invocation: null,
  revert: {
    signature: 'Error(string)',
    name: 'Error',
    args: [ 'plot already minted' ]
  },
  shortMessage: 'execution reverted: "plot already minted"',
  info: {
    error: {
      code: 3,
      message: 'execution reverted: plot already minted',
      data: '0x08c379a000000000000000000000000000000000000000000000000000000000000000200000000000000000000000000000000000000000000000000000000000000013706c6f7420616c7265616479206d696e74656400000000000000000000000000'
    },
    payload: {
      method: 'eth_estimateGas',
      params: [
        {
          nonce: '0x151',
          from: '0xb66af38ac26b9023f138399f7633094aa85b055a',
          to: '0xeb503fec1a553d6d8e85cc4d9e4c7b04ceb664c4',
          data: '0xe3ff1354000000000000000000000000d197fea004f3c6fd3b7657b2ed32d8ecfa9ee880000000000000000000000000000000000000000000000000000000000000006000000000000000000000000000000000000000000000000000000000000000a000000000000000000000000000000000000000000000000000000000000000104d4152532d504c4f542d303031383439000000000000000000000000000000000000000000000000000000000000000000000000000000000000000000000000'
        }
      ],
      id: 3,
      jsonrpc: '2.0'
    }
  }
}

Node.js v26.5.1

2026-09-01T02:26:23.490Z [INFO] RUN mint MARS-PLOT-001849 → 0xD197fEA004F3c6Fd3B7657b2eD32D8eCFA9EE880: node scripts/mint-test.mjs 
2026-09-01T02:26:24.006Z [ERROR] [RETRY 3/3] mint: Command failed: /usr/local/bin/node /opt/data/workspace/cosmiclands-nft/scripts/mint-test.mjs
file:///opt/data/workspace/cosmiclands-nft/node_modules/ethers/lib.esm/utils/errors.js:132
            error = new Error(message);
                    ^

Error: execution reverted: "plot already minted" (action="estimateGas", data="0x08c379a000000000000000000000000000000000000000000000000000000000000000200000000000000000000000000000000000000000000000000000000000000013706c6f7420616c7265616479206d696e74656400000000000000000000000000", reason="plot already minted", transaction={ "data": "0xe3ff1354000000000000000000000000d197fea004f3c6fd3b7657b2ed32d8ecfa9ee880000000000000000000000000000000000000000000000000000000000000006000000000000000000000000000000000000000000000000000000000000000a000000000000000000000000000000000000000000000000000000000000000104d4152532d504c4f542d303031383439000000000000000000000000000000000000000000000000000000000000000000000000000000000000000000000000", "from": "0xb66AF38AC26b9023F138399f7633094AA85b055A", "to": "0xeB503fEC1a553d6d8E85cC4d9E4c7B04ceb664C4" }, invocation=null, revert={ "args": [ "plot already minted" ], "name": "Error", "signature": "Error(string)" }, code=CALL_EXCEPTION, version=6.17.0)
    at makeError (file:///opt/data/workspace/cosmiclands-nft/node_modules/ethers/lib.esm/utils/errors.js:132:21)
    at getBuiltinCallException (file:///opt/data/workspace/cosmiclands-nft/node_modules/ethers/lib.esm/abi/abi-coder.js:102:12)
    at AbiCoder.getBuiltinCallException (file:///opt/data/workspace/cosmiclands-nft/node_modules/ethers/lib.esm/abi/abi-coder.js:203:16)
    at JsonRpcProvider.getRpcError (file:///opt/data/workspace/cosmiclands-nft/node_modules/ethers/lib.esm/providers/provider-jsonrpc.js:691:32)
    at file:///opt/data/workspace/cosmiclands-nft/node_modules/ethers/lib.esm/providers/provider-jsonrpc.js:298:45
    at process.processTicksAndRejections (node:internal/process/task_queues:104:5) {
  code: 'CALL_EXCEPTION',
  action: 'estimateGas',
  data: '0x08c379a000000000000000000000000000000000000000000000000000000000000000200000000000000000000000000000000000000000000000000000000000000013706c6f7420616c7265616479206d696e74656400000000000000000000000000',
  reason: 'plot already minted',
  transaction: {
    to: '0xeB503fEC1a553d6d8E85cC4d9E4c7B04ceb664C4',
    data: '0xe3ff1354000000000000000000000000d197fea004f3c6fd3b7657b2ed32d8ecfa9ee880000000000000000000000000000000000000000000000000000000000000006000000000000000000000000000000000000000000000000000000000000000a000000000000000000000000000000000000000000000000000000000000000104d4152532d504c4f542d303031383439000000000000000000000000000000000000000000000000000000000000000000000000000000000000000000000000',
    from: '0xb66AF38AC26b9023F138399f7633094AA85b055A'
  },
  invocation: null,
  revert: {
    signature: 'Error(string)',
    name: 'Error',
    args: [ 'plot already minted' ]
  },
  shortMessage: 'execution reverted: "plot already minted"',
  info: {
    error: {
      code: 3,
      message: 'execution reverted: plot already minted',
      data: '0x08c379a000000000000000000000000000000000000000000000000000000000000000200000000000000000000000000000000000000000000000000000000000000013706c6f7420616c7265616479206d696e74656400000000000000000000000000'
    },
    payload: {
      method: 'eth_estimateGas',
      params: [
        {
          nonce: '0x151',
          from: '0xb66af38ac26b9023f138399f7633094aa85b055a',
          to: '0xeb503fec1a553d6d8e85cc4d9e4c7b04ceb664c4',
          data: '0xe3ff1354000000000000000000000000d197fea004f3c6fd3b7657b2ed32d8ecfa9ee880000000000000000000000000000000000000000000000000000000000000006000000000000000000000000000000000000000000000000000000000000000a000000000000000000000000000000000000000000000000000000000000000104d4152532d504c4f542d303031383439000000000000000000000000000000000000000000000000000000000000000000000000000000000000000000000000'
        }
      ],
      id: 3,
      jsonrpc: '2.0'
    }
  }
}

Node.js v26.5.1

2026-09-01T02:26:24.007Z [ERROR] ORDER #1004: Command failed: /usr/local/bin/node /opt/data/workspace/cosmiclands-nft/scripts/mint-test.mjs
file:///opt/data/workspace/cosmiclands-nft/node_modules/ethers/lib.esm/utils/errors.js:132
            error = new Error(message);
                    ^

Error: execution reverted: "plot already minted" (action="estimateGas", data="0x08c379a000000000000000000000000000000000000000000000000000000000000000200000000000000000000000000000000000000000000000000000000000000013706c6f7420616c7265616479206d696e74656400000000000000000000000000", reason="plot already minted", transaction={ "data": "0xe3ff1354000000000000000000000000d197fea004f3c6fd3b7657b2ed32d8ecfa9ee880000000000000000000000000000000000000000000000000000000000000006000000000000000000000000000000000000000000000000000000000000000a000000000000000000000000000000000000000000000000000000000000000104d4152532d504c4f542d303031383439000000000000000000000000000000000000000000000000000000000000000000000000000000000000000000000000", "from": "0xb66AF38AC26b9023F138399f7633094AA85b055A", "to": "0xeB503fEC1a553d6d8E85cC4d9E4c7B04ceb664C4" }, invocation=null, revert={ "args": [ "plot already minted" ], "name": "Error", "signature": "Error(string)" }, code=CALL_EXCEPTION, version=6.17.0)
    at makeError (file:///opt/data/workspace/cosmiclands-nft/node_modules/ethers/lib.esm/utils/errors.js:132:21)
    at getBuiltinCallException (file:///opt/data/workspace/cosmiclands-nft/node_modules/ethers/lib.esm/abi/abi-coder.js:102:12)
    at AbiCoder.getBuiltinCallException (file:///opt/data/workspace/cosmiclands-nft/node_modules/ethers/lib.esm/abi/abi-coder.js:203:16)
    at JsonRpcProvider.getRpcError (file:///opt/data/workspace/cosmiclands-nft/node_modules/ethers/lib.esm/providers/provider-jsonrpc.js:691:32)
    at file:///opt/data/workspace/cosmiclands-nft/node_modules/ethers/lib.esm/providers/provider-jsonrpc.js:298:45
    at process.processTicksAndRejections (node:internal/process/task_queues:104:5) {
  code: 'CALL_EXCEPTION',
  action: 'estimateGas',
  data: '0x08c379a000000000000000000000000000000000000000000000000000000000000000200000000000000000000000000000000000000000000000000000000000000013706c6f7420616c7265616479206d696e74656400000000000000000000000000',
  reason: 'plot already minted',
  transaction: {
    to: '0xeB503fEC1a553d6d8E85cC4d9E4c7B04ceb664C4',
    data: '0xe3ff1354000000000000000000000000d197fea004f3c6fd3b7657b2ed32d8ecfa9ee880000000000000000000000000000000000000000000000000000000000000006000000000000000000000000000000000000000000000000000000000000000a000000000000000000000000000000000000000000000000000000000000000104d4152532d504c4f542d303031383439000000000000000000000000000000000000000000000000000000000000000000000000000000000000000000000000',
    from: '0xb66AF38AC26b9023F138399f7633094AA85b055A'
  },
  invocation: null,
  revert: {
    signature: 'Error(string)',
    name: 'Error',
    args: [ 'plot already minted' ]
  },
  shortMessage: 'execution reverted: "plot already minted"',
  info: {
    error: {
      code: 3,
      message: 'execution reverted: plot already minted',
      data: '0x08c379a000000000000000000000000000000000000000000000000000000000000000200000000000000000000000000000000000000000000000000000000000000013706c6f7420616c7265616479206d696e74656400000000000000000000000000'
    },
    payload: {
      method: 'eth_estimateGas',
      params: [
        {
          nonce: '0x151',
          from: '0xb66af38ac26b9023f138399f7633094aa85b055a',
          to: '0xeb503fec1a553d6d8e85cc4d9e4c7b04ceb664c4',
          data: '0xe3ff1354000000000000000000000000d197fea004f3c6fd3b7657b2ed32d8ecfa9ee880000000000000000000000000000000000000000000000000000000000000006000000000000000000000000000000000000000000000000000000000000000a000000000000000000000000000000000000000000000000000000000000000104d4152532d504c4f542d303031383439000000000000000000000000000000000000000000000000000000000000000000000000000000000000000000000000'
        }
      ],
      id: 3,
      jsonrpc: '2.0'
    }
  }
}

Node.js v26.5.1
 — pozostaje w kolejce (MT-12)
2026-09-01T02:26:24.007Z [INFO] === ORDER #1003 (7830447620437) test=false items=1
2026-09-01T02:26:24.140Z [INFO] ITEM MARS-PLOT-000001: class=S grant=100 wallet=0xD197fEA004F3c6Fd3B7657b2eD32D8eCFA9EE880 (TEST) region=Acidalia
2026-09-01T02:26:24.377Z [INFO] RUN mint MARS-PLOT-000001 → 0xD197fEA004F3c6Fd3B7657b2eD32D8eCFA9EE880: node scripts/mint-test.mjs 
2026-09-01T02:26:24.910Z [ERROR] [RETRY 1/3] mint: Command failed: /usr/local/bin/node /opt/data/workspace/cosmiclands-nft/scripts/mint-test.mjs
file:///opt/data/workspace/cosmiclands-nft/node_modules/ethers/lib.esm/utils/errors.js:132
            error = new Error(message);
                    ^

Error: execution reverted: "plot already minted" (action="estimateGas", data="0x08c379a000000000000000000000000000000000000000000000000000000000000000200000000000000000000000000000000000000000000000000000000000000013706c6f7420616c7265616479206d696e74656400000000000000000000000000", reason="plot already minted", transaction={ "data": "0xe3ff1354000000000000000000000000d197fea004f3c6fd3b7657b2ed32d8ecfa9ee880000000000000000000000000000000000000000000000000000000000000006000000000000000000000000000000000000000000000000000000000000000a000000000000000000000000000000000000000000000000000000000000000104d4152532d504c4f542d303030303031000000000000000000000000000000000000000000000000000000000000000000000000000000000000000000000000", "from": "0xb66AF38AC26b9023F138399f7633094AA85b055A", "to": "0xeB503fEC1a553d6d8E85cC4d9E4c7B04ceb664C4" }, invocation=null, revert={ "args": [ "plot already minted" ], "name": "Error", "signature": "Error(string)" }, code=CALL_EXCEPTION, version=6.17.0)
    at makeError (file:///opt/data/workspace/cosmiclands-nft/node_modules/ethers/lib.esm/utils/errors.js:132:21)
    at getBuiltinCallException (file:///opt/data/workspace/cosmiclands-nft/node_modules/ethers/lib.esm/abi/abi-coder.js:102:12)
    at AbiCoder.getBuiltinCallException (file:///opt/data/workspace/cosmiclands-nft/node_modules/ethers/lib.esm/abi/abi-coder.js:203:16)
    at JsonRpcProvider.getRpcError (file:///opt/data/workspace/cosmiclands-nft/node_modules/ethers/lib.esm/providers/provider-jsonrpc.js:691:32)
    at file:///opt/data/workspace/cosmiclands-nft/node_modules/ethers/lib.esm/providers/provider-jsonrpc.js:298:45
    at process.processTicksAndRejections (node:internal/process/task_queues:104:5) {
  code: 'CALL_EXCEPTION',
  action: 'estimateGas',
  data: '0x08c379a000000000000000000000000000000000000000000000000000000000000000200000000000000000000000000000000000000000000000000000000000000013706c6f7420616c7265616479206d696e74656400000000000000000000000000',
  reason: 'plot already minted',
  transaction: {
    to: '0xeB503fEC1a553d6d8E85cC4d9E4c7B04ceb664C4',
    data: '0xe3ff1354000000000000000000000000d197fea004f3c6fd3b7657b2ed32d8ecfa9ee880000000000000000000000000000000000000000000000000000000000000006000000000000000000000000000000000000000000000000000000000000000a000000000000000000000000000000000000000000000000000000000000000104d4152532d504c4f542d303030303031000000000000000000000000000000000000000000000000000000000000000000000000000000000000000000000000',
    from: '0xb66AF38AC26b9023F138399f7633094AA85b055A'
  },
  invocation: null,
  revert: {
    signature: 'Error(string)',
    name: 'Error',
    args: [ 'plot already minted' ]
  },
  shortMessage: 'execution reverted: "plot already minted"',
  info: {
    error: {
      code: 3,
      message: 'execution reverted: plot already minted',
      data: '0x08c379a000000000000000000000000000000000000000000000000000000000000000200000000000000000000000000000000000000000000000000000000000000013706c6f7420616c7265616479206d696e74656400000000000000000000000000'
    },
    payload: {
      method: 'eth_estimateGas',
      params: [
        {
          nonce: '0x151',
          from: '0xb66af38ac26b9023f138399f7633094aa85b055a',
          to: '0xeb503fec1a553d6d8e85cc4d9e4c7b04ceb664c4',
          data: '0xe3ff1354000000000000000000000000d197fea004f3c6fd3b7657b2ed32d8ecfa9ee880000000000000000000000000000000000000000000000000000000000000006000000000000000000000000000000000000000000000000000000000000000a000000000000000000000000000000000000000000000000000000000000000104d4152532d504c4f542d303030303031000000000000000000000000000000000000000000000000000000000000000000000000000000000000000000000000'
        }
      ],
      id: 3,
      jsonrpc: '2.0'
    }
  }
}

Node.js v26.5.1

2026-09-01T02:26:29.911Z [INFO] RUN mint MARS-PLOT-000001 → 0xD197fEA004F3c6Fd3B7657b2eD32D8eCFA9EE880: node scripts/mint-test.mjs 
2026-09-01T02:26:30.466Z [ERROR] [RETRY 2/3] mint: Command failed: /usr/local/bin/node /opt/data/workspace/cosmiclands-nft/scripts/mint-test.mjs
file:///opt/data/workspace/cosmiclands-nft/node_modules/ethers/lib.esm/utils/errors.js:132
            error = new Error(message);
                    ^

Error: execution reverted: "plot already minted" (action="estimateGas", data="0x08c379a000000000000000000000000000000000000000000000000000000000000000200000000000000000000000000000000000000000000000000000000000000013706c6f7420616c7265616479206d696e74656400000000000000000000000000", reason="plot already minted", transaction={ "data": "0xe3ff1354000000000000000000000000d197fea004f3c6fd3b7657b2ed32d8ecfa9ee880000000000000000000000000000000000000000000000000000000000000006000000000000000000000000000000000000000000000000000000000000000a000000000000000000000000000000000000000000000000000000000000000104d4152532d504c4f542d303030303031000000000000000000000000000000000000000000000000000000000000000000000000000000000000000000000000", "from": "0xb66AF38AC26b9023F138399f7633094AA85b055A", "to": "0xeB503fEC1a553d6d8E85cC4d9E4c7B04ceb664C4" }, invocation=null, revert={ "args": [ "plot already minted" ], "name": "Error", "signature": "Error(string)" }, code=CALL_EXCEPTION, version=6.17.0)
    at makeError (file:///opt/data/workspace/cosmiclands-nft/node_modules/ethers/lib.esm/utils/errors.js:132:21)
    at getBuiltinCallException (file:///opt/data/workspace/cosmiclands-nft/node_modules/ethers/lib.esm/abi/abi-coder.js:102:12)
    at AbiCoder.getBuiltinCallException (file:///opt/data/workspace/cosmiclands-nft/node_modules/ethers/lib.esm/abi/abi-coder.js:203:16)
    at JsonRpcProvider.getRpcError (file:///opt/data/workspace/cosmiclands-nft/node_modules/ethers/lib.esm/providers/provider-jsonrpc.js:691:32)
    at file:///opt/data/workspace/cosmiclands-nft/node_modules/ethers/lib.esm/providers/provider-jsonrpc.js:298:45
    at process.processTicksAndRejections (node:internal/process/task_queues:104:5) {
  code: 'CALL_EXCEPTION',
  action: 'estimateGas',
  data: '0x08c379a000000000000000000000000000000000000000000000000000000000000000200000000000000000000000000000000000000000000000000000000000000013706c6f7420616c7265616479206d696e74656400000000000000000000000000',
  reason: 'plot already minted',
  transaction: {
    to: '0xeB503fEC1a553d6d8E85cC4d9E4c7B04ceb664C4',
    data: '0xe3ff1354000000000000000000000000d197fea004f3c6fd3b7657b2ed32d8ecfa9ee880000000000000000000000000000000000000000000000000000000000000006000000000000000000000000000000000000000000000000000000000000000a000000000000000000000000000000000000000000000000000000000000000104d4152532d504c4f542d303030303031000000000000000000000000000000000000000000000000000000000000000000000000000000000000000000000000',
    from: '0xb66AF38AC26b9023F138399f7633094AA85b055A'
  },
  invocation: null,
  revert: {
    signature: 'Error(string)',
    name: 'Error',
    args: [ 'plot already minted' ]
  },
  shortMessage: 'execution reverted: "plot already minted"',
  info: {
    error: {
      code: 3,
      message: 'execution reverted: plot already minted',
      data: '0x08c379a000000000000000000000000000000000000000000000000000000000000000200000000000000000000000000000000000000000000000000000000000000013706c6f7420616c7265616479206d696e74656400000000000000000000000000'
    },
    payload: {
      method: 'eth_estimateGas',
      params: [
        {
          nonce: '0x151',
          from: '0xb66af38ac26b9023f138399f7633094aa85b055a',
          to: '0xeb503fec1a553d6d8e85cc4d9e4c7b04ceb664c4',
          data: '0xe3ff1354000000000000000000000000d197fea004f3c6fd3b7657b2ed32d8ecfa9ee880000000000000000000000000000000000000000000000000000000000000006000000000000000000000000000000000000000000000000000000000000000a000000000000000000000000000000000000000000000000000000000000000104d4152532d504c4f542d303030303031000000000000000000000000000000000000000000000000000000000000000000000000000000000000000000000000'
        }
      ],
      id: 3,
      jsonrpc: '2.0'
    }
  }
}

Node.js v26.5.1

2026-09-01T02:26:40.467Z [INFO] RUN mint MARS-PLOT-000001 → 0xD197fEA004F3c6Fd3B7657b2eD32D8eCFA9EE880: node scripts/mint-test.mjs 
2026-09-01T02:26:41.035Z [ERROR] [RETRY 3/3] mint: Command failed: /usr/local/bin/node /opt/data/workspace/cosmiclands-nft/scripts/mint-test.mjs
file:///opt/data/workspace/cosmiclands-nft/node_modules/ethers/lib.esm/utils/errors.js:132
            error = new Error(message);
                    ^

Error: execution reverted: "plot already minted" (action="estimateGas", data="0x08c379a000000000000000000000000000000000000000000000000000000000000000200000000000000000000000000000000000000000000000000000000000000013706c6f7420616c7265616479206d696e74656400000000000000000000000000", reason="plot already minted", transaction={ "data": "0xe3ff1354000000000000000000000000d197fea004f3c6fd3b7657b2ed32d8ecfa9ee880000000000000000000000000000000000000000000000000000000000000006000000000000000000000000000000000000000000000000000000000000000a000000000000000000000000000000000000000000000000000000000000000104d4152532d504c4f542d303030303031000000000000000000000000000000000000000000000000000000000000000000000000000000000000000000000000", "from": "0xb66AF38AC26b9023F138399f7633094AA85b055A", "to": "0xeB503fEC1a553d6d8E85cC4d9E4c7B04ceb664C4" }, invocation=null, revert={ "args": [ "plot already minted" ], "name": "Error", "signature": "Error(string)" }, code=CALL_EXCEPTION, version=6.17.0)
    at makeError (file:///opt/data/workspace/cosmiclands-nft/node_modules/ethers/lib.esm/utils/errors.js:132:21)
    at getBuiltinCallException (file:///opt/data/workspace/cosmiclands-nft/node_modules/ethers/lib.esm/abi/abi-coder.js:102:12)
    at AbiCoder.getBuiltinCallException (file:///opt/data/workspace/cosmiclands-nft/node_modules/ethers/lib.esm/abi/abi-coder.js:203:16)
    at JsonRpcProvider.getRpcError (file:///opt/data/workspace/cosmiclands-nft/node_modules/ethers/lib.esm/providers/provider-jsonrpc.js:691:32)
    at file:///opt/data/workspace/cosmiclands-nft/node_modules/ethers/lib.esm/providers/provider-jsonrpc.js:298:45
    at process.processTicksAndRejections (node:internal/process/task_queues:104:5) {
  code: 'CALL_EXCEPTION',
  action: 'estimateGas',
  data: '0x08c379a000000000000000000000000000000000000000000000000000000000000000200000000000000000000000000000000000000000000000000000000000000013706c6f7420616c7265616479206d696e74656400000000000000000000000000',
  reason: 'plot already minted',
  transaction: {
    to: '0xeB503fEC1a553d6d8E85cC4d9E4c7B04ceb664C4',
    data: '0xe3ff1354000000000000000000000000d197fea004f3c6fd3b7657b2ed32d8ecfa9ee880000000000000000000000000000000000000000000000000000000000000006000000000000000000000000000000000000000000000000000000000000000a000000000000000000000000000000000000000000000000000000000000000104d4152532d504c4f542d303030303031000000000000000000000000000000000000000000000000000000000000000000000000000000000000000000000000',
    from: '0xb66AF38AC26b9023F138399f7633094AA85b055A'
  },
  invocation: null,
  revert: {
    signature: 'Error(string)',
    name: 'Error',
    args: [ 'plot already minted' ]
  },
  shortMessage: 'execution reverted: "plot already minted"',
  info: {
    error: {
      code: 3,
      message: 'execution reverted: plot already minted',
      data: '0x08c379a000000000000000000000000000000000000000000000000000000000000000200000000000000000000000000000000000000000000000000000000000000013706c6f7420616c7265616479206d696e74656400000000000000000000000000'
    },
    payload: {
      method: 'eth_estimateGas',
      params: [
        {
          nonce: '0x151',
          from: '0xb66af38ac26b9023f138399f7633094aa85b055a',
          to: '0xeb503fec1a553d6d8e85cc4d9e4c7b04ceb664c4',
          data: '0xe3ff1354000000000000000000000000d197fea004f3c6fd3b7657b2ed32d8ecfa9ee880000000000000000000000000000000000000000000000000000000000000006000000000000000000000000000000000000000000000000000000000000000a000000000000000000000000000000000000000000000000000000000000000104d4152532d504c4f542d303030303031000000000000000000000000000000000000000000000000000000000000000000000000000000000000000000000000'
        }
      ],
      id: 3,
      jsonrpc: '2.0'
    }
  }
}

Node.js v26.5.1

2026-09-01T02:26:41.035Z [ERROR] ORDER #1003: Command failed: /usr/local/bin/node /opt/data/workspace/cosmiclands-nft/scripts/mint-test.mjs
file:///opt/data/workspace/cosmiclands-nft/node_modules/ethers/lib.esm/utils/errors.js:132
            error = new Error(message);
                    ^

Error: execution reverted: "plot already minted" (action="estimateGas", data="0x08c379a000000000000000000000000000000000000000000000000000000000000000200000000000000000000000000000000000000000000000000000000000000013706c6f7420616c7265616479206d696e74656400000000000000000000000000", reason="plot already minted", transaction={ "data": "0xe3ff1354000000000000000000000000d197fea004f3c6fd3b7657b2ed32d8ecfa9ee880000000000000000000000000000000000000000000000000000000000000006000000000000000000000000000000000000000000000000000000000000000a000000000000000000000000000000000000000000000000000000000000000104d4152532d504c4f542d303030303031000000000000000000000000000000000000000000000000000000000000000000000000000000000000000000000000", "from": "0xb66AF38AC26b9023F138399f7633094AA85b055A", "to": "0xeB503fEC1a553d6d8E85cC4d9E4c7B04ceb664C4" }, invocation=null, revert={ "args": [ "plot already minted" ], "name": "Error", "signature": "Error(string)" }, code=CALL_EXCEPTION, version=6.17.0)
    at makeError (file:///opt/data/workspace/cosmiclands-nft/node_modules/ethers/lib.esm/utils/errors.js:132:21)
    at getBuiltinCallException (file:///opt/data/workspace/cosmiclands-nft/node_modules/ethers/lib.esm/abi/abi-coder.js:102:12)
    at AbiCoder.getBuiltinCallException (file:///opt/data/workspace/cosmiclands-nft/node_modules/ethers/lib.esm/abi/abi-coder.js:203:16)
    at JsonRpcProvider.getRpcError (file:///opt/data/workspace/cosmiclands-nft/node_modules/ethers/lib.esm/providers/provider-jsonrpc.js:691:32)
    at file:///opt/data/workspace/cosmiclands-nft/node_modules/ethers/lib.esm/providers/provider-jsonrpc.js:298:45
    at process.processTicksAndRejections (node:internal/process/task_queues:104:5) {
  code: 'CALL_EXCEPTION',
  action: 'estimateGas',
  data: '0x08c379a000000000000000000000000000000000000000000000000000000000000000200000000000000000000000000000000000000000000000000000000000000013706c6f7420616c7265616479206d696e74656400000000000000000000000000',
  reason: 'plot already minted',
  transaction: {
    to: '0xeB503fEC1a553d6d8E85cC4d9E4c7B04ceb664C4',
    data: '0xe3ff1354000000000000000000000000d197fea004f3c6fd3b7657b2ed32d8ecfa9ee880000000000000000000000000000000000000000000000000000000000000006000000000000000000000000000000000000000000000000000000000000000a000000000000000000000000000000000000000000000000000000000000000104d4152532d504c4f542d303030303031000000000000000000000000000000000000000000000000000000000000000000000000000000000000000000000000',
    from: '0xb66AF38AC26b9023F138399f7633094AA85b055A'
  },
  invocation: null,
  revert: {
    signature: 'Error(string)',
    name: 'Error',
    args: [ 'plot already minted' ]
  },
  shortMessage: 'execution reverted: "plot already minted"',
  info: {
    error: {
      code: 3,
      message: 'execution reverted: plot already minted',
      data: '0x08c379a000000000000000000000000000000000000000000000000000000000000000200000000000000000000000000000000000000000000000000000000000000013706c6f7420616c7265616479206d696e74656400000000000000000000000000'
    },
    payload: {
      method: 'eth_estimateGas',
      params: [
        {
          nonce: '0x151',
          from: '0xb66af38ac26b9023f138399f7633094aa85b055a',
          to: '0xeb503fec1a553d6d8e85cc4d9e4c7b04ceb664c4',
          data: '0xe3ff1354000000000000000000000000d197fea004f3c6fd3b7657b2ed32d8ecfa9ee880000000000000000000000000000000000000000000000000000000000000006000000000000000000000000000000000000000000000000000000000000000a000000000000000000000000000000000000000000000000000000000000000104d4152532d504c4f542d303030303031000000000000000000000000000000000000000000000000000000000000000000000000000000000000000000000000'
        }
      ],
      id: 3,
      jsonrpc: '2.0'
    }
  }
}

Node.js v26.5.1
 — pozostaje w kolejce (MT-12)
2026-09-01T02:26:41.035Z [INFO] === ORDER #1002 (7522423144789) test=true items=1
2026-09-01T02:26:41.107Z [ERROR] ORDER #1002: Nie umiem ustalić klasy dla SKU TEST-001 (order 7522423144789) — pozostaje w kolejce (MT-12)
2026-09-01T02:26:41.107Z [INFO] === ORDER #1001 (7520723304789) test=true items=1
2026-09-01T02:26:41.180Z [ERROR] ORDER #1001: Nie umiem ustalić klasy dla SKU TEST-001 (order 7520723304789) — pozostaje w kolejce (MT-12)
2026-09-01T02:48:54.711Z [INFO] Gas treasury: 0.1978 ETH
2026-09-01T02:48:54.712Z [INFO] 🚀 Cosmic Lands Orchestrator v1 start (mode=test, mail=kalosorama@gmail.com, dry_run=false)
2026-09-01T02:48:55.027Z [INFO] OAuth OK (TTL 86399 s)
2026-09-01T02:48:55.271Z [INFO] POLL: 1 paid orders (since=2026-09-01T02:26:41.181Z)
2026-09-01T02:48:55.271Z [INFO] === ORDER #1019 (7845039997269) test=true items=1
2026-09-01T02:48:55.436Z [INFO] ITEM MERCURY-PLOT-002465: class=S grant=100 wallet=0xD197fEA004F3c6Fd3B7657b2eD32D8eCFA9EE880 (TEST) region=Tolstoj
2026-09-01T02:48:55.687Z [INFO] RUN mint MERCURY-PLOT-002465 → 0xD197fEA004F3c6Fd3B7657b2eD32D8eCFA9EE880: node scripts/mint-test.mjs 
2026-09-01T02:49:01.703Z [INFO]   | [mint] base-sepolia deed=0xeB503fEC1a553d6d8E85cC4d9E4c7B04ceb664C4 plot=MERCURY-PLOT-002465 -> 0xD197fEA004F3c6Fd3B7657b2eD32D8eCFA9EE880
2026-09-01T02:49:01.703Z [INFO]   | ✅ minted tokenId, tx=0x1e76847634dbd14e02d6581fcc28c61655d6c2215b90cb972d205d6fb3899f57
2026-09-01T02:49:01.704Z [INFO]   |    Explorer: https://sepolia.basescan.org/tx/0x1e76847634dbd14e02d6581fcc28c61655d6c2215b90cb972d205d6fb3899f57
2026-09-01T02:49:01.704Z [INFO]   |    ownerOf(2137) = 0xD197fEA004F3c6Fd3B7657b2eD32D8eCFA9EE880
2026-09-01T02:49:01.704Z [INFO]   |    tokenURI = ipfs://2137
2026-09-01T02:49:01.704Z [INFO] MINT OK MERCURY-PLOT-002465 → 0xD197fEA004F3c6Fd3B7657b2eD32D8eCFA9EE880 tx=0x1e76847634dbd14e02d6581fcc28c61655d6c2215b90cb972d205d6fb3899f57
2026-09-01T02:49:01.704Z [INFO] RUN grant 100 → 0xD197fEA004F3c6Fd3B7657b2eD32D8eCFA9EE880: node scripts/grant-cosmo.mjs --to 0xD197fEA004F3c6Fd3B7657b2eD32D8eCFA9EE880 --amount 100
2026-09-01T02:49:03.434Z [INFO]   | GRANT_OK tx=0x1d595a9dfb14f24e830a65794bf22959644bb3f9c494f9107206a415029b410d amount=100 wei=100000000000000000000 to=0xD197fEA004F3c6Fd3B7657b2eD32D8eCFA9EE880 block=46231328
2026-09-01T02:49:03.435Z [INFO] GRANT OK 100 COSMO → 0xD197fEA004F3c6Fd3B7657b2eD32D8eCFA9EE880 tx=0x1d595a9dfb14f24e830a65794bf22959644bb3f9c494f9107206a415029b410d
2026-09-01T02:49:03.436Z [INFO] RUN pdf MERCURY-PLOT-002465: node scripts/generate-certificate-v3.mjs --planet mercury --plot MERCURY-PLOT-002465 --owner Kalosorama --class S --region Tolstoj --coords — --area 0.5 ha --price 50 EUR --cosmo 100 --cert CL-TEST-7845039997269 --token-id 0 --tx 0x1e76847634dbd14e02d6581fcc28c61655d6c2215b90cb972d205d6fb3899f57 --out /opt/data/workspace/cosmiclands-nft/test-output/MERCURY-PLOT-002465-7845039997269.pdf
2026-09-01T02:49:03.819Z [INFO]   | ✅ MERCURY-PLOT-002465-7845039997269.pdf (MERCURY premium, QR → https://map.cosmiclands.space/?plot=MERCURY-PLOT-002465)
2026-09-01T02:49:03.819Z [INFO] PDF OK /opt/data/workspace/cosmiclands-nft/test-output/MERCURY-PLOT-002465-7845039997269.pdf
2026-09-01T02:49:03.820Z [INFO] RUN email MERCURY-PLOT-002465 → kalosorama@gmail.com: node scripts/send-email.mjs --to kalosorama@gmail.com --plot MERCURY-PLOT-002465 --pdf /opt/data/workspace/cosmiclands-nft/test-output/MERCURY-PLOT-002465-7845039997269.pdf
2026-09-01T02:49:07.498Z [ERROR] [RETRY 1/3] email: Command failed: /usr/local/bin/node /opt/data/workspace/cosmiclands-nft/scripts/send-email.mjs --to kalosorama@gmail.com --plot MERCURY-PLOT-002465 --pdf /opt/data/workspace/cosmiclands-nft/test-output/MERCURY-PLOT-002465-7845039997269.pdf
/opt/data/workspace/cosmiclands-nft/node_modules/nodemailer/lib/smtp-connection/index.js:938
            err = new Error(message);
                  ^

Error: Invalid login: 535 5.7.8 Error: authentication failed: (reason unavailable)
    at SMTPConnection._formatError (/opt/data/workspace/cosmiclands-nft/node_modules/nodemailer/lib/smtp-connection/index.js:938:19)
    at SMTPConnection._actionAUTHComplete (/opt/data/workspace/cosmiclands-nft/node_modules/nodemailer/lib/smtp-connection/index.js:1784:34)
    at SMTPConnection.<anonymous> (/opt/data/workspace/cosmiclands-nft/node_modules/nodemailer/lib/smtp-connection/index.js:669:26)
    at SMTPConnection._processResponse (/opt/data/workspace/cosmiclands-nft/node_modules/nodemailer/lib/smtp-connection/index.js:1150:20)
    at SMTPConnection._onData (/opt/data/workspace/cosmiclands-nft/node_modules/nodemailer/lib/smtp-connection/index.js:898:14)
    at SMTPConnection._onSocketData (/opt/data/workspace/cosmiclands-nft/node_modules/nodemailer/lib/smtp-connection/index.js:224:44)
    at TLSSocket.emit (node:events:509:20)
    at addChunk (node:internal/streams/readable:568:12)
    at readableAddChunkPushByteMode (node:internal/streams/readable:519:3)
    at Readable.push (node:internal/streams/readable:399:5) {
  code: 'EAUTH',
  response: '535 5.7.8 Error: authentication failed: (reason unavailable)',
  responseCode: 535,
  command: 'AUTH PLAIN'
}

Node.js v26.5.1

2026-09-01T02:49:12.498Z [INFO] RUN email MERCURY-PLOT-002465 → kalosorama@gmail.com: node scripts/send-email.mjs --to kalosorama@gmail.com --plot MERCURY-PLOT-002465 --pdf /opt/data/workspace/cosmiclands-nft/test-output/MERCURY-PLOT-002465-7845039997269.pdf
2026-09-01T02:49:16.667Z [ERROR] [RETRY 2/3] email: Command failed: /usr/local/bin/node /opt/data/workspace/cosmiclands-nft/scripts/send-email.mjs --to kalosorama@gmail.com --plot MERCURY-PLOT-002465 --pdf /opt/data/workspace/cosmiclands-nft/test-output/MERCURY-PLOT-002465-7845039997269.pdf
/opt/data/workspace/cosmiclands-nft/node_modules/nodemailer/lib/smtp-connection/index.js:938
            err = new Error(message);
                  ^

Error: Invalid login: 535 5.7.8 Error: authentication failed: (reason unavailable)
    at SMTPConnection._formatError (/opt/data/workspace/cosmiclands-nft/node_modules/nodemailer/lib/smtp-connection/index.js:938:19)
    at SMTPConnection._actionAUTHComplete (/opt/data/workspace/cosmiclands-nft/node_modules/nodemailer/lib/smtp-connection/index.js:1784:34)
    at SMTPConnection.<anonymous> (/opt/data/workspace/cosmiclands-nft/node_modules/nodemailer/lib/smtp-connection/index.js:669:26)
    at SMTPConnection._processResponse (/opt/data/workspace/cosmiclands-nft/node_modules/nodemailer/lib/smtp-connection/index.js:1150:20)
    at SMTPConnection._onData (/opt/data/workspace/cosmiclands-nft/node_modules/nodemailer/lib/smtp-connection/index.js:898:14)
    at SMTPConnection._onSocketData (/opt/data/workspace/cosmiclands-nft/node_modules/nodemailer/lib/smtp-connection/index.js:224:44)
    at TLSSocket.emit (node:events:509:20)
    at addChunk (node:internal/streams/readable:568:12)
    at readableAddChunkPushByteMode (node:internal/streams/readable:519:3)
    at Readable.push (node:internal/streams/readable:399:5) {
  code: 'EAUTH',
  response: '535 5.7.8 Error: authentication failed: (reason unavailable)',
  responseCode: 535,
  command: 'AUTH PLAIN'
}

Node.js v26.5.1

2026-09-01T02:49:26.667Z [INFO] RUN email MERCURY-PLOT-002465 → kalosorama@gmail.com: node scripts/send-email.mjs --to kalosorama@gmail.com --plot MERCURY-PLOT-002465 --pdf /opt/data/workspace/cosmiclands-nft/test-output/MERCURY-PLOT-002465-7845039997269.pdf
2026-09-01T02:49:29.981Z [ERROR] [RETRY 3/3] email: Command failed: /usr/local/bin/node /opt/data/workspace/cosmiclands-nft/scripts/send-email.mjs --to kalosorama@gmail.com --plot MERCURY-PLOT-002465 --pdf /opt/data/workspace/cosmiclands-nft/test-output/MERCURY-PLOT-002465-7845039997269.pdf
/opt/data/workspace/cosmiclands-nft/node_modules/nodemailer/lib/smtp-connection/index.js:938
            err = new Error(message);
                  ^

Error: Invalid login: 535 5.7.8 Error: authentication failed: (reason unavailable)
    at SMTPConnection._formatError (/opt/data/workspace/cosmiclands-nft/node_modules/nodemailer/lib/smtp-connection/index.js:938:19)
    at SMTPConnection._actionAUTHComplete (/opt/data/workspace/cosmiclands-nft/node_modules/nodemailer/lib/smtp-connection/index.js:1784:34)
    at SMTPConnection.<anonymous> (/opt/data/workspace/cosmiclands-nft/node_modules/nodemailer/lib/smtp-connection/index.js:669:26)
    at SMTPConnection._processResponse (/opt/data/workspace/cosmiclands-nft/node_modules/nodemailer/lib/smtp-connection/index.js:1150:20)
    at SMTPConnection._onData (/opt/data/workspace/cosmiclands-nft/node_modules/nodemailer/lib/smtp-connection/index.js:898:14)
    at SMTPConnection._onSocketData (/opt/data/workspace/cosmiclands-nft/node_modules/nodemailer/lib/smtp-connection/index.js:224:44)
    at TLSSocket.emit (node:events:509:20)
    at addChunk (node:internal/streams/readable:568:12)
    at readableAddChunkPushByteMode (node:internal/streams/readable:519:3)
    at Readable.push (node:internal/streams/readable:399:5) {
  code: 'EAUTH',
  response: '535 5.7.8 Error: authentication failed: (reason unavailable)',
  responseCode: 535,
  command: 'AUTH PLAIN'
}

Node.js v26.5.1

2026-09-01T02:49:29.982Z [ERROR] ORDER #1019: Command failed: /usr/local/bin/node /opt/data/workspace/cosmiclands-nft/scripts/send-email.mjs --to kalosorama@gmail.com --plot MERCURY-PLOT-002465 --pdf /opt/data/workspace/cosmiclands-nft/test-output/MERCURY-PLOT-002465-7845039997269.pdf
/opt/data/workspace/cosmiclands-nft/node_modules/nodemailer/lib/smtp-connection/index.js:938
            err = new Error(message);
                  ^

Error: Invalid login: 535 5.7.8 Error: authentication failed: (reason unavailable)
    at SMTPConnection._formatError (/opt/data/workspace/cosmiclands-nft/node_modules/nodemailer/lib/smtp-connection/index.js:938:19)
    at SMTPConnection._actionAUTHComplete (/opt/data/workspace/cosmiclands-nft/node_modules/nodemailer/lib/smtp-connection/index.js:1784:34)
    at SMTPConnection.<anonymous> (/opt/data/workspace/cosmiclands-nft/node_modules/nodemailer/lib/smtp-connection/index.js:669:26)
    at SMTPConnection._processResponse (/opt/data/workspace/cosmiclands-nft/node_modules/nodemailer/lib/smtp-connection/index.js:1150:20)
    at SMTPConnection._onData (/opt/data/workspace/cosmiclands-nft/node_modules/nodemailer/lib/smtp-connection/index.js:898:14)
    at SMTPConnection._onSocketData (/opt/data/workspace/cosmiclands-nft/node_modules/nodemailer/lib/smtp-connection/index.js:224:44)
    at TLSSocket.emit (node:events:509:20)
    at addChunk (node:internal/streams/readable:568:12)
    at readableAddChunkPushByteMode (node:internal/streams/readable:519:3)
    at Readable.push (node:internal/streams/readable:399:5) {
  code: 'EAUTH',
  response: '535 5.7.8 Error: authentication failed: (reason unavailable)',
  responseCode: 535,
  command: 'AUTH PLAIN'
}

Node.js v26.5.1
 — pozostaje w kolejce (MT-12)
2026-09-01T03:05:19.337Z [INFO] Gas treasury: 0.1978 ETH
2026-09-01T03:05:19.339Z [INFO] 🚀 Cosmic Lands Orchestrator v1 start (mode=test, mail=kalosorama@gmail.com, dry_run=false)
2026-09-01T03:05:19.645Z [INFO] OAuth OK (TTL 86399 s)
2026-09-01T03:05:19.752Z [INFO] POLL: 0 paid orders (since=2026-09-01T02:49:29.983Z)
2026-09-01T03:06:11.362Z [INFO] Gas treasury: 0.1978 ETH
2026-09-01T03:06:11.363Z [INFO] 🚀 Cosmic Lands Orchestrator v1 start (mode=test, mail=kalosorama@gmail.com, dry_run=false)
2026-09-01T03:06:11.670Z [INFO] OAuth OK (TTL 86399 s)
2026-09-01T03:06:11.786Z [INFO] POLL: 14 paid orders (since=2026-09-01T00:00:00Z)
2026-09-01T03:06:11.788Z [INFO] === ORDER #1019 (7845039997269) test=true items=1
2026-09-01T03:06:11.973Z [INFO] ITEM MERCURY-PLOT-002465: class=S grant=100 wallet=0xD197fEA004F3c6Fd3B7657b2eD32D8eCFA9EE880 (TEST) region=Tolstoj
2026-09-01T03:06:11.974Z [WARN] EMAIL SKIP (MERCURY-PLOT-002465): email_enabled=false (np. blokada IP SMTP) — dokończy kolejny obieg
2026-09-01T03:06:11.975Z [INFO] === ORDER #1019 DONE (processed[])
2026-09-01T03:06:11.975Z [INFO] === ORDER #1018 (7845027873109) test=false items=1
2026-09-01T03:06:12.141Z [INFO] ITEM PLUTO-PLOT-007386: class=S grant=100 wallet=0xD197fEA004F3c6Fd3B7657b2eD32D8eCFA9EE880 (DIRECT_WALLET) region=Veles
2026-09-01T03:06:12.142Z [INFO] RUN grant 100 → 0xD197fEA004F3c6Fd3B7657b2eD32D8eCFA9EE880: node scripts/grant-cosmo.mjs --to 0xD197fEA004F3c6Fd3B7657b2eD32D8eCFA9EE880 --amount 100
2026-09-01T03:06:18.158Z [INFO]   | GRANT_OK tx=0x190506050a071697d003ef3bac6f80988701c06af41ec40d65dabe0b2f250867 amount=100 wei=100000000000000000000 to=0xD197fEA004F3c6Fd3B7657b2eD32D8eCFA9EE880 block=46231844
2026-09-01T03:06:18.158Z [INFO] GRANT OK 100 COSMO → 0xD197fEA004F3c6Fd3B7657b2eD32D8eCFA9EE880 tx=0x190506050a071697d003ef3bac6f80988701c06af41ec40d65dabe0b2f250867
2026-09-01T03:06:18.159Z [WARN] EMAIL SKIP (PLUTO-PLOT-007386): email_enabled=false (np. blokada IP SMTP) — dokończy kolejny obieg
2026-09-01T03:06:18.159Z [INFO] === ORDER #1018 DONE (processed[])
2026-09-01T03:06:18.159Z [INFO] === ORDER #1017 (7845027774805) test=false items=1
2026-09-01T03:06:18.304Z [INFO] ITEM PLUTO-PLOT-007325: class=XL grant=2700 wallet=0xD197fEA004F3c6Fd3B7657b2eD32D8eCFA9EE880 (DIRECT_WALLET) region=Meng-Po
2026-09-01T03:06:18.304Z [INFO] RUN grant 2700 → 0xD197fEA004F3c6Fd3B7657b2eD32D8eCFA9EE880: node scripts/grant-cosmo.mjs --to 0xD197fEA004F3c6Fd3B7657b2eD32D8eCFA9EE880 --amount 2700
2026-09-01T03:06:23.924Z [INFO]   | GRANT_OK tx=0xa401306eda6458e8ed3904791edb7a045b683cf4b4584c875be01cfe70fe5cd6 amount=2700 wei=2700000000000000000000 to=0xD197fEA004F3c6Fd3B7657b2eD32D8eCFA9EE880 block=46231846
2026-09-01T03:06:23.925Z [INFO] GRANT OK 2700 COSMO → 0xD197fEA004F3c6Fd3B7657b2eD32D8eCFA9EE880 tx=0xa401306eda6458e8ed3904791edb7a045b683cf4b4584c875be01cfe70fe5cd6
2026-09-01T03:06:23.925Z [WARN] EMAIL SKIP (PLUTO-PLOT-007325): email_enabled=false (np. blokada IP SMTP) — dokończy kolejny obieg
2026-09-01T03:06:23.925Z [INFO] === ORDER #1017 DONE (processed[])
2026-09-01T03:06:23.925Z [INFO] === ORDER #1016 (7845027742037) test=false items=1
2026-09-01T03:06:24.080Z [INFO] ITEM PLUTO-PLOT-006587: class=L grant=900 wallet=0xD197fEA004F3c6Fd3B7657b2eD32D8eCFA9EE880 (DIRECT_WALLET) region=Sleipnir
2026-09-01T03:06:24.081Z [INFO] RUN grant 900 → 0xD197fEA004F3c6Fd3B7657b2eD32D8eCFA9EE880: node scripts/grant-cosmo.mjs --to 0xD197fEA004F3c6Fd3B7657b2eD32D8eCFA9EE880 --amount 900
2026-09-01T03:06:25.764Z [INFO]   | GRANT_OK tx=0x93740014a5e66a4b6315bb9e5925f3873f683694e62c8e7230fb32729d595591 amount=900 wei=900000000000000000000 to=0xD197fEA004F3c6Fd3B7657b2eD32D8eCFA9EE880 block=46231849
2026-09-01T03:06:25.765Z [INFO] GRANT OK 900 COSMO → 0xD197fEA004F3c6Fd3B7657b2eD32D8eCFA9EE880 tx=0x93740014a5e66a4b6315bb9e5925f3873f683694e62c8e7230fb32729d595591
2026-09-01T03:06:25.765Z [WARN] EMAIL SKIP (PLUTO-PLOT-006587): email_enabled=false (np. blokada IP SMTP) — dokończy kolejny obieg
2026-09-01T03:06:25.766Z [INFO] === ORDER #1016 DONE (processed[])
2026-09-01T03:06:25.766Z [INFO] === ORDER #1015 (7845027709269) test=false items=1
2026-09-01T03:06:25.911Z [INFO] ITEM PLUTO-PLOT-005787: class=M grant=300 wallet=0xD197fEA004F3c6Fd3B7657b2eD32D8eCFA9EE880 (DIRECT_WALLET) region=Norgay
2026-09-01T03:06:25.911Z [INFO] RUN grant 300 → 0xD197fEA004F3c6Fd3B7657b2eD32D8eCFA9EE880: node scripts/grant-cosmo.mjs --to 0xD197fEA004F3c6Fd3B7657b2eD32D8eCFA9EE880 --amount 300
2026-09-01T03:06:27.330Z [INFO]   | GRANT_OK tx=0xfe06070b6c4b9230fec0c6cfb7d89cd80ddd0c9867d1c931dddcda56b5e68520 amount=300 wei=300000000000000000000 to=0xD197fEA004F3c6Fd3B7657b2eD32D8eCFA9EE880 block=46231850
2026-09-01T03:06:27.331Z [INFO] GRANT OK 300 COSMO → 0xD197fEA004F3c6Fd3B7657b2eD32D8eCFA9EE880 tx=0xfe06070b6c4b9230fec0c6cfb7d89cd80ddd0c9867d1c931dddcda56b5e68520
2026-09-01T03:06:27.331Z [WARN] EMAIL SKIP (PLUTO-PLOT-005787): email_enabled=false (np. blokada IP SMTP) — dokończy kolejny obieg
2026-09-01T03:06:27.331Z [INFO] === ORDER #1015 DONE (processed[])
2026-09-01T03:06:27.332Z [INFO] === ORDER #1014 (7845027676501) test=false items=1
2026-09-01T03:06:27.478Z [INFO] ITEM PLUTO-PLOT-004926: class=S grant=100 wallet=0xD197fEA004F3c6Fd3B7657b2eD32D8eCFA9EE880 (DIRECT_WALLET) region=Hillary
2026-09-01T03:06:27.478Z [INFO] RUN grant 100 → 0xD197fEA004F3c6Fd3B7657b2eD32D8eCFA9EE880: node scripts/grant-cosmo.mjs --to 0xD197fEA004F3c6Fd3B7657b2eD32D8eCFA9EE880 --amount 100
2026-09-01T03:06:33.082Z [INFO]   | GRANT_OK tx=0xeee0f7bd160fd70664639b138caeca648b5851cbbc2a5c9c497cbbf4583ae236 amount=100 wei=100000000000000000000 to=0xD197fEA004F3c6Fd3B7657b2eD32D8eCFA9EE880 block=46231851
2026-09-01T03:06:33.082Z [INFO] GRANT OK 100 COSMO → 0xD197fEA004F3c6Fd3B7657b2eD32D8eCFA9EE880 tx=0xeee0f7bd160fd70664639b138caeca648b5851cbbc2a5c9c497cbbf4583ae236
2026-09-01T03:06:33.082Z [WARN] EMAIL SKIP (PLUTO-PLOT-004926): email_enabled=false (np. blokada IP SMTP) — dokończy kolejny obieg
2026-09-01T03:06:33.083Z [INFO] === ORDER #1014 DONE (processed[])
2026-09-01T03:06:33.083Z [INFO] === ORDER #1013 (7845027643733) test=false items=1
2026-09-01T03:06:33.220Z [INFO] ITEM PLUTO-PLOT-004865: class=XL grant=2700 wallet=0xD197fEA004F3c6Fd3B7657b2eD32D8eCFA9EE880 (DIRECT_WALLET) region=Tenzing
2026-09-01T03:06:33.222Z [INFO] RUN grant 2700 → 0xD197fEA004F3c6Fd3B7657b2eD32D8eCFA9EE880: node scripts/grant-cosmo.mjs --to 0xD197fEA004F3c6Fd3B7657b2eD32D8eCFA9EE880 --amount 2700
2026-09-01T03:06:38.889Z [INFO]   | GRANT_OK tx=0x675aee3d8c5be710d331bd9fef37da5997d658ae0e0e019da2a21603f85eab17 amount=2700 wei=2700000000000000000000 to=0xD197fEA004F3c6Fd3B7657b2eD32D8eCFA9EE880 block=46231854
2026-09-01T03:06:38.889Z [INFO] GRANT OK 2700 COSMO → 0xD197fEA004F3c6Fd3B7657b2eD32D8eCFA9EE880 tx=0x675aee3d8c5be710d331bd9fef37da5997d658ae0e0e019da2a21603f85eab17
2026-09-01T03:06:38.890Z [WARN] EMAIL SKIP (PLUTO-PLOT-004865): email_enabled=false (np. blokada IP SMTP) — dokończy kolejny obieg
2026-09-01T03:06:38.890Z [INFO] === ORDER #1013 DONE (processed[])
2026-09-01T03:06:38.890Z [INFO] === ORDER #1012 (7845027610965) test=false items=1
2026-09-01T03:06:39.040Z [INFO] ITEM PLUTO-PLOT-004127: class=L grant=900 wallet=0xD197fEA004F3c6Fd3B7657b2eD32D8eCFA9EE880 (DIRECT_WALLET) region=Viking
2026-09-01T03:06:39.040Z [INFO] RUN grant 900 → 0xD197fEA004F3c6Fd3B7657b2eD32D8eCFA9EE880: node scripts/grant-cosmo.mjs --to 0xD197fEA004F3c6Fd3B7657b2eD32D8eCFA9EE880 --amount 900
2026-09-01T03:06:40.421Z [INFO]   | GRANT_OK tx=0xff30dd9227ca64cb72272e037539921fb9fc8fd5f6aef34bd9d72169aee66795 amount=900 wei=900000000000000000000 to=0xD197fEA004F3c6Fd3B7657b2eD32D8eCFA9EE880 block=46231857
2026-09-01T03:06:40.421Z [INFO] GRANT OK 900 COSMO → 0xD197fEA004F3c6Fd3B7657b2eD32D8eCFA9EE880 tx=0xff30dd9227ca64cb72272e037539921fb9fc8fd5f6aef34bd9d72169aee66795
2026-09-01T03:06:40.421Z [WARN] EMAIL SKIP (PLUTO-PLOT-004127): email_enabled=false (np. blokada IP SMTP) — dokończy kolejny obieg
2026-09-01T03:06:40.422Z [INFO] === ORDER #1012 DONE (processed[])
2026-09-01T03:06:40.422Z [INFO] === ORDER #1011 (7845027578197) test=false items=1
2026-09-01T03:06:40.577Z [INFO] ITEM PLUTO-PLOT-003327: class=M grant=300 wallet=0xD197fEA004F3c6Fd3B7657b2eD32D8eCFA9EE880 (DIRECT_WALLET) region=Puzzling
2026-09-01T03:06:40.577Z [INFO] RUN grant 300 → 0xD197fEA004F3c6Fd3B7657b2eD32D8eCFA9EE880: node scripts/grant-cosmo.mjs --to 0xD197fEA004F3c6Fd3B7657b2eD32D8eCFA9EE880 --amount 300
2026-09-01T03:06:46.130Z [INFO]   | GRANT_OK tx=0x09d6e7a01189c08172426a626dd36fc709c85cdabbdae83306b00924d32c3e58 amount=300 wei=300000000000000000000 to=0xD197fEA004F3c6Fd3B7657b2eD32D8eCFA9EE880 block=46231858
2026-09-01T03:06:46.131Z [INFO] GRANT OK 300 COSMO → 0xD197fEA004F3c6Fd3B7657b2eD32D8eCFA9EE880 tx=0x09d6e7a01189c08172426a626dd36fc709c85cdabbdae83306b00924d32c3e58
2026-09-01T03:06:46.131Z [WARN] EMAIL SKIP (PLUTO-PLOT-003327): email_enabled=false (np. blokada IP SMTP) — dokończy kolejny obieg
2026-09-01T03:06:46.132Z [INFO] === ORDER #1011 DONE (processed[])
2026-09-01T03:06:46.132Z [INFO] === ORDER #1010 (7845027545429) test=false items=1
2026-09-01T03:06:46.293Z [INFO] ITEM PLUTO-PLOT-002465: class=S grant=100 wallet=0xD197fEA004F3c6Fd3B7657b2eD32D8eCFA9EE880 (DIRECT_WALLET) region=Cthulhu
2026-09-01T03:06:46.294Z [INFO] RUN grant 100 → 0xD197fEA004F3c6Fd3B7657b2eD32D8eCFA9EE880: node scripts/grant-cosmo.mjs --to 0xD197fEA004F3c6Fd3B7657b2eD32D8eCFA9EE880 --amount 100
2026-09-01T03:06:51.930Z [INFO]   | GRANT_OK tx=0x796ee36ce63431f8737891d2b6b2c9a95c5c399255bb87a00631aad971e55b39 amount=100 wei=100000000000000000000 to=0xD197fEA004F3c6Fd3B7657b2eD32D8eCFA9EE880 block=46231860
2026-09-01T03:06:51.931Z [INFO] GRANT OK 100 COSMO → 0xD197fEA004F3c6Fd3B7657b2eD32D8eCFA9EE880 tx=0x796ee36ce63431f8737891d2b6b2c9a95c5c399255bb87a00631aad971e55b39
2026-09-01T03:06:51.932Z [WARN] EMAIL SKIP (PLUTO-PLOT-002465): email_enabled=false (np. blokada IP SMTP) — dokończy kolejny obieg
2026-09-01T03:06:51.933Z [INFO] === ORDER #1010 DONE (processed[])
2026-09-01T03:06:51.933Z [INFO] === ORDER #1009 (7845027447125) test=false items=1
2026-09-01T03:06:52.074Z [INFO] ITEM PLUTO-PLOT-002403: class=XL grant=2700 wallet=0xD197fEA004F3c6Fd3B7657b2eD32D8eCFA9EE880 (DIRECT_WALLET) region=Arrakis
2026-09-01T03:06:52.074Z [INFO] RUN grant 2700 → 0xD197fEA004F3c6Fd3B7657b2eD32D8eCFA9EE880: node scripts/grant-cosmo.mjs --to 0xD197fEA004F3c6Fd3B7657b2eD32D8eCFA9EE880 --amount 2700
2026-09-01T03:06:57.622Z [INFO]   | GRANT_OK tx=0x9780e3b4695d4e2a7b7305bdcef141766400502be0e5a97291f255dea83102cc amount=2700 wei=2700000000000000000000 to=0xD197fEA004F3c6Fd3B7657b2eD32D8eCFA9EE880 block=46231863
2026-09-01T03:06:57.622Z [INFO] GRANT OK 2700 COSMO → 0xD197fEA004F3c6Fd3B7657b2eD32D8eCFA9EE880 tx=0x9780e3b4695d4e2a7b7305bdcef141766400502be0e5a97291f255dea83102cc
2026-09-01T03:06:57.622Z [WARN] EMAIL SKIP (PLUTO-PLOT-002403): email_enabled=false (np. blokada IP SMTP) — dokończy kolejny obieg
2026-09-01T03:06:57.623Z [INFO] === ORDER #1009 DONE (processed[])
2026-09-01T03:06:57.623Z [INFO] === ORDER #1008 (7845027414357) test=false items=1
2026-09-01T03:06:57.788Z [INFO] ITEM PLUTO-PLOT-001664: class=L grant=900 wallet=0xD197fEA004F3c6Fd3B7657b2eD32D8eCFA9EE880 (DIRECT_WALLET) region=Lowell
2026-09-01T03:06:57.789Z [INFO] RUN grant 900 → 0xD197fEA004F3c6Fd3B7657b2eD32D8eCFA9EE880: node scripts/grant-cosmo.mjs --to 0xD197fEA004F3c6Fd3B7657b2eD32D8eCFA9EE880 --amount 900
2026-09-01T03:06:59.175Z [INFO]   | GRANT_OK tx=0xa53c0c50d304baeda0807403c53cd5dc7a06225558a84247461236a679e8687b amount=900 wei=900000000000000000000 to=0xD197fEA004F3c6Fd3B7657b2eD32D8eCFA9EE880 block=46231866
2026-09-01T03:06:59.175Z [INFO] GRANT OK 900 COSMO → 0xD197fEA004F3c6Fd3B7657b2eD32D8eCFA9EE880 tx=0xa53c0c50d304baeda0807403c53cd5dc7a06225558a84247461236a679e8687b
2026-09-01T03:06:59.176Z [WARN] EMAIL SKIP (PLUTO-PLOT-001664): email_enabled=false (np. blokada IP SMTP) — dokończy kolejny obieg
2026-09-01T03:06:59.177Z [INFO] === ORDER #1008 DONE (processed[])
2026-09-01T03:06:59.178Z [INFO] === ORDER #1007 (7845027348821) test=false items=1
2026-09-01T03:06:59.347Z [INFO] ITEM PLUTO-PLOT-000863: class=M grant=300 wallet=0xD197fEA004F3c6Fd3B7657b2eD32D8eCFA9EE880 (DIRECT_WALLET) region=Tombaugh
2026-09-01T03:06:59.347Z [INFO] RUN grant 300 → 0xD197fEA004F3c6Fd3B7657b2eD32D8eCFA9EE880: node scripts/grant-cosmo.mjs --to 0xD197fEA004F3c6Fd3B7657b2eD32D8eCFA9EE880 --amount 300
2026-09-01T03:07:00.777Z [INFO]   | GRANT_OK tx=0xdfe9e1e972d6f726e9e17d940eb1301c89f2e695770cd7a129fb2cd07ef3341b amount=300 wei=300000000000000000000 to=0xD197fEA004F3c6Fd3B7657b2eD32D8eCFA9EE880 block=46231867
2026-09-01T03:07:00.777Z [INFO] GRANT OK 300 COSMO → 0xD197fEA004F3c6Fd3B7657b2eD32D8eCFA9EE880 tx=0xdfe9e1e972d6f726e9e17d940eb1301c89f2e695770cd7a129fb2cd07ef3341b
2026-09-01T03:07:00.778Z [WARN] EMAIL SKIP (PLUTO-PLOT-000863): email_enabled=false (np. blokada IP SMTP) — dokończy kolejny obieg
2026-09-01T03:07:00.778Z [INFO] === ORDER #1007 DONE (processed[])
2026-09-01T03:07:00.778Z [INFO] === ORDER #1006 (7845027316053) test=false items=1
2026-09-01T03:07:00.932Z [INFO] ITEM PLUTO-PLOT-000001: class=S grant=100 wallet=0xD197fEA004F3c6Fd3B7657b2eD32D8eCFA9EE880 (DIRECT_WALLET) region=Sputnik
2026-09-01T03:07:00.933Z [INFO] RUN grant 100 → 0xD197fEA004F3c6Fd3B7657b2eD32D8eCFA9EE880: node scripts/grant-cosmo.mjs --to 0xD197fEA004F3c6Fd3B7657b2eD32D8eCFA9EE880 --amount 100
2026-09-01T03:07:02.478Z [INFO]   | GRANT_OK tx=0x1ea9274a5e8169d64815aa216da734cf1d396b9802b2103685643d3c61a9e1bd amount=100 wei=100000000000000000000 to=0xD197fEA004F3c6Fd3B7657b2eD32D8eCFA9EE880 block=46231868
2026-09-01T03:07:02.478Z [INFO] GRANT OK 100 COSMO → 0xD197fEA004F3c6Fd3B7657b2eD32D8eCFA9EE880 tx=0x1ea9274a5e8169d64815aa216da734cf1d396b9802b2103685643d3c61a9e1bd
2026-09-01T03:07:02.478Z [WARN] EMAIL SKIP (PLUTO-PLOT-000001): email_enabled=false (np. blokada IP SMTP) — dokończy kolejny obieg
2026-09-01T03:07:02.481Z [INFO] === ORDER #1006 DONE (processed[])
2026-09-01T03:55:54.030Z [INFO] Gas treasury: 0.1978 ETH
2026-09-01T03:55:54.031Z [INFO] 🚀 Cosmic Lands Orchestrator v1 start (mode=test, mail=kalosorama@gmail.com, dry_run=false)
2026-09-01T03:55:54.354Z [INFO] OAuth OK (TTL 86399 s)
2026-09-01T03:55:54.462Z [INFO] POLL: 0 paid orders (since=2026-09-01T03:07:02.481Z)
2026-09-01T03:56:28.188Z [INFO] Gas treasury: 0.1978 ETH
2026-09-01T03:56:28.189Z [INFO] 🚀 Cosmic Lands Orchestrator v1 start (mode=test, mail=kalosorama@gmail.com, dry_run=false)
2026-09-01T03:56:28.522Z [INFO] OAuth OK (TTL 86399 s)
2026-09-01T03:56:28.622Z [INFO] POLL: 14 paid orders (since=2026-09-01T00:00:00Z)
2026-09-01T03:56:28.623Z [INFO] === ORDER #1019 (7845039997269) test=true items=1
2026-09-01T03:56:28.836Z [INFO] ITEM MERCURY-PLOT-002465: class=S grant=100 wallet=0xD197fEA004F3c6Fd3B7657b2eD32D8eCFA9EE880 (TEST) region=Tolstoj
2026-09-01T03:56:28.837Z [INFO] RUN email MERCURY-PLOT-002465 → kalosorama@gmail.com: node scripts/send-email.mjs --to kalosorama@gmail.com --plot MERCURY-PLOT-002465 --pdf /opt/data/workspace/cosmiclands-nft/test-output/MERCURY-PLOT-002465-7845039997269.pdf
2026-09-01T03:56:31.223Z [INFO]   | ✅ Wysłano (SMTP mail.privateemail.com:587) do kalosorama@gmail.com — msgId <d7a5d8aa-6f07-5e11-2267-04e47b4e9fa3@cosmiclands.space>
2026-09-01T03:56:31.223Z [INFO] EMAIL OK → kalosorama@gmail.com msgId=<d7a5d8aa-6f07-5e11-2267-04e47b4e9fa3@cosmiclands.space>
2026-09-01T03:56:31.224Z [INFO] === ORDER #1019 DONE (processed[])
2026-09-01T03:56:31.224Z [INFO] === ORDER #1018 (7845027873109) test=false items=1
2026-09-01T03:56:31.381Z [INFO] ITEM PLUTO-PLOT-007386: class=S grant=100 wallet=0xD197fEA004F3c6Fd3B7657b2eD32D8eCFA9EE880 (DIRECT_WALLET) region=Veles
2026-09-01T03:56:31.383Z [INFO] RUN email PLUTO-PLOT-007386 → kalosorama@gmail.com: node scripts/send-email.mjs --to kalosorama@gmail.com --plot PLUTO-PLOT-007386 --pdf /opt/data/workspace/cosmiclands-nft/test-output/PLUTO-PLOT-007386-7845027873109.pdf
2026-09-01T03:56:33.645Z [INFO]   | ✅ Wysłano (SMTP mail.privateemail.com:587) do kalosorama@gmail.com — msgId <f0ab5073-0057-2f71-9810-19fe5f4f2815@cosmiclands.space>
2026-09-01T03:56:33.645Z [INFO] EMAIL OK → kalosorama@gmail.com msgId=<f0ab5073-0057-2f71-9810-19fe5f4f2815@cosmiclands.space>
2026-09-01T03:56:33.646Z [INFO] === ORDER #1018 DONE (processed[])
2026-09-01T03:56:33.646Z [INFO] === ORDER #1017 (7845027774805) test=false items=1
2026-09-01T03:56:33.805Z [INFO] ITEM PLUTO-PLOT-007325: class=XL grant=2700 wallet=0xD197fEA004F3c6Fd3B7657b2eD32D8eCFA9EE880 (DIRECT_WALLET) region=Meng-Po
2026-09-01T03:56:33.806Z [INFO] RUN email PLUTO-PLOT-007325 → kalosorama@gmail.com: node scripts/send-email.mjs --to kalosorama@gmail.com --plot PLUTO-PLOT-007325 --pdf /opt/data/workspace/cosmiclands-nft/test-output/PLUTO-PLOT-007325-7845027774805.pdf
2026-09-01T03:56:36.107Z [INFO]   | ✅ Wysłano (SMTP mail.privateemail.com:587) do kalosorama@gmail.com — msgId <3840c8c2-380b-3c85-afed-981a0b07ea81@cosmiclands.space>
2026-09-01T03:56:36.108Z [INFO] EMAIL OK → kalosorama@gmail.com msgId=<3840c8c2-380b-3c85-afed-981a0b07ea81@cosmiclands.space>
2026-09-01T03:56:36.108Z [INFO] === ORDER #1017 DONE (processed[])
2026-09-01T03:56:36.108Z [INFO] === ORDER #1016 (7845027742037) test=false items=1
2026-09-01T03:56:36.262Z [INFO] ITEM PLUTO-PLOT-006587: class=L grant=900 wallet=0xD197fEA004F3c6Fd3B7657b2eD32D8eCFA9EE880 (DIRECT_WALLET) region=Sleipnir
2026-09-01T03:56:36.262Z [INFO] RUN email PLUTO-PLOT-006587 → kalosorama@gmail.com: node scripts/send-email.mjs --to kalosorama@gmail.com --plot PLUTO-PLOT-006587 --pdf /opt/data/workspace/cosmiclands-nft/test-output/PLUTO-PLOT-006587-7845027742037.pdf
2026-09-01T03:56:38.572Z [INFO]   | ✅ Wysłano (SMTP mail.privateemail.com:587) do kalosorama@gmail.com — msgId <c5cfe4c8-13ff-cf64-cbd9-34c8ffe6772a@cosmiclands.space>
2026-09-01T03:56:38.573Z [INFO] EMAIL OK → kalosorama@gmail.com msgId=<c5cfe4c8-13ff-cf64-cbd9-34c8ffe6772a@cosmiclands.space>
2026-09-01T03:56:38.573Z [INFO] === ORDER #1016 DONE (processed[])
2026-09-01T03:56:38.573Z [INFO] === ORDER #1015 (7845027709269) test=false items=1
2026-09-01T03:56:38.724Z [INFO] ITEM PLUTO-PLOT-005787: class=M grant=300 wallet=0xD197fEA004F3c6Fd3B7657b2eD32D8eCFA9EE880 (DIRECT_WALLET) region=Norgay
2026-09-01T03:56:38.724Z [INFO] RUN email PLUTO-PLOT-005787 → kalosorama@gmail.com: node scripts/send-email.mjs --to kalosorama@gmail.com --plot PLUTO-PLOT-005787 --pdf /opt/data/workspace/cosmiclands-nft/test-output/PLUTO-PLOT-005787-7845027709269.pdf
2026-09-01T03:56:41.065Z [INFO]   | ✅ Wysłano (SMTP mail.privateemail.com:587) do kalosorama@gmail.com — msgId <7ee319d0-21c1-8773-f373-fa8ce147357a@cosmiclands.space>
2026-09-01T03:56:41.066Z [INFO] EMAIL OK → kalosorama@gmail.com msgId=<7ee319d0-21c1-8773-f373-fa8ce147357a@cosmiclands.space>
2026-09-01T03:56:41.066Z [INFO] === ORDER #1015 DONE (processed[])
2026-09-01T03:56:41.066Z [INFO] === ORDER #1014 (7845027676501) test=false items=1
2026-09-01T03:56:41.232Z [INFO] ITEM PLUTO-PLOT-004926: class=S grant=100 wallet=0xD197fEA004F3c6Fd3B7657b2eD32D8eCFA9EE880 (DIRECT_WALLET) region=Hillary
2026-09-01T03:56:41.233Z [INFO] RUN email PLUTO-PLOT-004926 → kalosorama@gmail.com: node scripts/send-email.mjs --to kalosorama@gmail.com --plot PLUTO-PLOT-004926 --pdf /opt/data/workspace/cosmiclands-nft/test-output/PLUTO-PLOT-004926-7845027676501.pdf
2026-09-01T03:56:43.647Z [INFO]   | ✅ Wysłano (SMTP mail.privateemail.com:587) do kalosorama@gmail.com — msgId <73243b19-d002-f9d2-dcea-435507f40d39@cosmiclands.space>
2026-09-01T03:56:43.647Z [INFO] EMAIL OK → kalosorama@gmail.com msgId=<73243b19-d002-f9d2-dcea-435507f40d39@cosmiclands.space>
2026-09-01T03:56:43.648Z [INFO] === ORDER #1014 DONE (processed[])
2026-09-01T03:56:43.648Z [INFO] === ORDER #1013 (7845027643733) test=false items=1
2026-09-01T03:56:43.811Z [INFO] ITEM PLUTO-PLOT-004865: class=XL grant=2700 wallet=0xD197fEA004F3c6Fd3B7657b2eD32D8eCFA9EE880 (DIRECT_WALLET) region=Tenzing
2026-09-01T03:56:43.811Z [INFO] RUN email PLUTO-PLOT-004865 → kalosorama@gmail.com: node scripts/send-email.mjs --to kalosorama@gmail.com --plot PLUTO-PLOT-004865 --pdf /opt/data/workspace/cosmiclands-nft/test-output/PLUTO-PLOT-004865-7845027643733.pdf
2026-09-01T03:56:46.087Z [INFO]   | ✅ Wysłano (SMTP mail.privateemail.com:587) do kalosorama@gmail.com — msgId <62153853-6c26-8c27-6110-2cc6c196aff3@cosmiclands.space>
2026-09-01T03:56:46.088Z [INFO] EMAIL OK → kalosorama@gmail.com msgId=<62153853-6c26-8c27-6110-2cc6c196aff3@cosmiclands.space>
2026-09-01T03:56:46.088Z [INFO] === ORDER #1013 DONE (processed[])
2026-09-01T03:56:46.088Z [INFO] === ORDER #1012 (7845027610965) test=false items=1
2026-09-01T03:56:46.239Z [INFO] ITEM PLUTO-PLOT-004127: class=L grant=900 wallet=0xD197fEA004F3c6Fd3B7657b2eD32D8eCFA9EE880 (DIRECT_WALLET) region=Viking
2026-09-01T03:56:46.240Z [INFO] RUN email PLUTO-PLOT-004127 → kalosorama@gmail.com: node scripts/send-email.mjs --to kalosorama@gmail.com --plot PLUTO-PLOT-004127 --pdf /opt/data/workspace/cosmiclands-nft/test-output/PLUTO-PLOT-004127-7845027610965.pdf
2026-09-01T03:56:48.538Z [INFO]   | ✅ Wysłano (SMTP mail.privateemail.com:587) do kalosorama@gmail.com — msgId <1b368061-0238-7e2a-9736-7cdc269cda48@cosmiclands.space>
2026-09-01T03:56:48.539Z [INFO] EMAIL OK → kalosorama@gmail.com msgId=<1b368061-0238-7e2a-9736-7cdc269cda48@cosmiclands.space>
2026-09-01T03:56:48.539Z [INFO] === ORDER #1012 DONE (processed[])
2026-09-01T03:56:48.539Z [INFO] === ORDER #1011 (7845027578197) test=false items=1
2026-09-01T03:56:48.695Z [INFO] ITEM PLUTO-PLOT-003327: class=M grant=300 wallet=0xD197fEA004F3c6Fd3B7657b2eD32D8eCFA9EE880 (DIRECT_WALLET) region=Puzzling
2026-09-01T03:56:48.696Z [INFO] RUN email PLUTO-PLOT-003327 → kalosorama@gmail.com: node scripts/send-email.mjs --to kalosorama@gmail.com --plot PLUTO-PLOT-003327 --pdf /opt/data/workspace/cosmiclands-nft/test-output/PLUTO-PLOT-003327-7845027578197.pdf
2026-09-01T03:56:51.115Z [INFO]   | ✅ Wysłano (SMTP mail.privateemail.com:587) do kalosorama@gmail.com — msgId <0fdd53d7-b1c3-1e3c-8365-2f378873d2a7@cosmiclands.space>
2026-09-01T03:56:51.115Z [INFO] EMAIL OK → kalosorama@gmail.com msgId=<0fdd53d7-b1c3-1e3c-8365-2f378873d2a7@cosmiclands.space>
2026-09-01T03:56:51.116Z [INFO] === ORDER #1011 DONE (processed[])
2026-09-01T03:56:51.116Z [INFO] === ORDER #1010 (7845027545429) test=false items=1
2026-09-01T03:56:51.271Z [INFO] ITEM PLUTO-PLOT-002465: class=S grant=100 wallet=0xD197fEA004F3c6Fd3B7657b2eD32D8eCFA9EE880 (DIRECT_WALLET) region=Cthulhu
2026-09-01T03:56:51.271Z [INFO] RUN email PLUTO-PLOT-002465 → kalosorama@gmail.com: node scripts/send-email.mjs --to kalosorama@gmail.com --plot PLUTO-PLOT-002465 --pdf /opt/data/workspace/cosmiclands-nft/test-output/PLUTO-PLOT-002465-7845027545429.pdf
2026-09-01T03:56:53.430Z [INFO]   | ✅ Wysłano (SMTP mail.privateemail.com:587) do kalosorama@gmail.com — msgId <42065ef2-0745-55d4-5dd1-f262717885e3@cosmiclands.space>
2026-09-01T03:56:53.430Z [INFO] EMAIL OK → kalosorama@gmail.com msgId=<42065ef2-0745-55d4-5dd1-f262717885e3@cosmiclands.space>
2026-09-01T03:56:53.431Z [INFO] === ORDER #1010 DONE (processed[])
2026-09-01T03:56:53.431Z [INFO] === ORDER #1009 (7845027447125) test=false items=1
2026-09-01T03:56:53.594Z [INFO] ITEM PLUTO-PLOT-002403: class=XL grant=2700 wallet=0xD197fEA004F3c6Fd3B7657b2eD32D8eCFA9EE880 (DIRECT_WALLET) region=Arrakis
2026-09-01T03:56:53.594Z [INFO] RUN email PLUTO-PLOT-002403 → kalosorama@gmail.com: node scripts/send-email.mjs --to kalosorama@gmail.com --plot PLUTO-PLOT-002403 --pdf /opt/data/workspace/cosmiclands-nft/test-output/PLUTO-PLOT-002403-7845027447125.pdf
2026-09-01T03:56:55.910Z [INFO]   | ✅ Wysłano (SMTP mail.privateemail.com:587) do kalosorama@gmail.com — msgId <56a6456c-2a2f-d0d8-0d0c-533f03809e75@cosmiclands.space>
2026-09-01T03:56:55.911Z [INFO] EMAIL OK → kalosorama@gmail.com msgId=<56a6456c-2a2f-d0d8-0d0c-533f03809e75@cosmiclands.space>
2026-09-01T03:56:55.911Z [INFO] === ORDER #1009 DONE (processed[])
2026-09-01T03:56:55.911Z [INFO] === ORDER #1008 (7845027414357) test=false items=1
2026-09-01T03:56:56.070Z [INFO] ITEM PLUTO-PLOT-001664: class=L grant=900 wallet=0xD197fEA004F3c6Fd3B7657b2eD32D8eCFA9EE880 (DIRECT_WALLET) region=Lowell
2026-09-01T03:56:56.070Z [INFO] RUN email PLUTO-PLOT-001664 → kalosorama@gmail.com: node scripts/send-email.mjs --to kalosorama@gmail.com --plot PLUTO-PLOT-001664 --pdf /opt/data/workspace/cosmiclands-nft/test-output/PLUTO-PLOT-001664-7845027414357.pdf
2026-09-01T03:56:58.393Z [INFO]   | ✅ Wysłano (SMTP mail.privateemail.com:587) do kalosorama@gmail.com — msgId <0d0253ea-84f5-107b-2750-ecbdd60174dc@cosmiclands.space>
2026-09-01T03:56:58.393Z [INFO] EMAIL OK → kalosorama@gmail.com msgId=<0d0253ea-84f5-107b-2750-ecbdd60174dc@cosmiclands.space>
2026-09-01T03:56:58.394Z [INFO] === ORDER #1008 DONE (processed[])
2026-09-01T03:56:58.394Z [INFO] === ORDER #1007 (7845027348821) test=false items=1
2026-09-01T03:56:58.546Z [INFO] ITEM PLUTO-PLOT-000863: class=M grant=300 wallet=0xD197fEA004F3c6Fd3B7657b2eD32D8eCFA9EE880 (DIRECT_WALLET) region=Tombaugh
2026-09-01T03:56:58.547Z [INFO] RUN email PLUTO-PLOT-000863 → kalosorama@gmail.com: node scripts/send-email.mjs --to kalosorama@gmail.com --plot PLUTO-PLOT-000863 --pdf /opt/data/workspace/cosmiclands-nft/test-output/PLUTO-PLOT-000863-7845027348821.pdf
2026-09-01T03:57:00.849Z [INFO]   | ✅ Wysłano (SMTP mail.privateemail.com:587) do kalosorama@gmail.com — msgId <a6f7b48d-ce08-6521-8758-ef0766022d47@cosmiclands.space>
2026-09-01T03:57:00.850Z [INFO] EMAIL OK → kalosorama@gmail.com msgId=<a6f7b48d-ce08-6521-8758-ef0766022d47@cosmiclands.space>
2026-09-01T03:57:00.850Z [INFO] === ORDER #1007 DONE (processed[])
2026-09-01T03:57:00.850Z [INFO] === ORDER #1006 (7845027316053) test=false items=1
2026-09-01T03:57:01.026Z [INFO] ITEM PLUTO-PLOT-000001: class=S grant=100 wallet=0xD197fEA004F3c6Fd3B7657b2eD32D8eCFA9EE880 (DIRECT_WALLET) region=Sputnik
2026-09-01T03:57:01.026Z [INFO] RUN email PLUTO-PLOT-000001 → kalosorama@gmail.com: node scripts/send-email.mjs --to kalosorama@gmail.com --plot PLUTO-PLOT-000001 --pdf /opt/data/workspace/cosmiclands-nft/test-output/PLUTO-PLOT-000001-7845027316053.pdf
2026-09-01T03:57:03.281Z [INFO]   | ✅ Wysłano (SMTP mail.privateemail.com:587) do kalosorama@gmail.com — msgId <b909c1df-7d84-7879-d78d-32d071189dfb@cosmiclands.space>
2026-09-01T03:57:03.281Z [INFO] EMAIL OK → kalosorama@gmail.com msgId=<b909c1df-7d84-7879-d78d-32d071189dfb@cosmiclands.space>
2026-09-01T03:57:03.282Z [INFO] === ORDER #1006 DONE (processed[])
2026-09-01T08:07:13.174Z [INFO] DRY-RUN: pokażę plan działań, zero transakcji (flaga dry_run w config.json / --dry-run).
2026-09-01T08:07:13.388Z [INFO] Gas treasury: 0.1978 ETH
2026-09-01T08:07:13.388Z [INFO] 🚀 Cosmic Lands Orchestrator v1 start (mode=test, mail=kalosorama@gmail.com, dry_run=true)
2026-09-01T08:07:45.037Z [INFO] DRY-RUN: pokażę plan działań, zero transakcji (flaga dry_run w config.json / --dry-run).
2026-09-01T08:07:45.208Z [INFO] Gas treasury: 0.1978 ETH
2026-09-01T08:07:45.208Z [INFO] 🚀 Cosmic Lands Orchestrator v1 start (mode=test, mail=kalosorama@gmail.com, dry_run=true)
2026-09-01T08:07:57.000Z [INFO] DRY-RUN: pokażę plan działań, zero transakcji (flaga dry_run w config.json / --dry-run).
2026-09-01T08:07:57.165Z [INFO] Gas treasury: 0.1978 ETH
2026-09-01T08:07:57.166Z [INFO] 🚀 Cosmic Lands Orchestrator v1 start (mode=test, mail=kalosorama@gmail.com, dry_run=true)
2026-09-01T08:12:31.854Z [INFO] DRY-RUN: pokażę plan działań, zero transakcji (flaga dry_run w config.json / --dry-run).
2026-09-01T08:12:31.986Z [INFO] Gas treasury: 0.1978 ETH
2026-09-01T08:12:31.986Z [INFO] 🚀 Cosmic Lands Orchestrator v1 start (puste wallet_address → Cosmic Bank 0xb66AF…055A, mail=kalosorama@gmail.com, dry_run=true)
2026-09-01T08:12:32.293Z [INFO] OAuth OK (TTL 86399 s)
2026-09-01T08:12:32.698Z [INFO] POLL: 1 paid orders (since=2026-09-01T03:57:03.282Z)
2026-09-01T08:12:32.699Z [INFO] === ORDER #1020 (7845091770709) test=true items=1
2026-09-01T08:12:32.920Z [INFO] ITEM MARS-PLOT-003327: class=M grant=300 wallet=0xb66AF38AC26b9023F138399f7633094AA85b055A (COSMIC_BANK) region=Tharsis/Marineris
2026-09-01T08:12:33.267Z [INFO] RUN mint MARS-PLOT-003327 → 0xb66AF38AC26b9023F138399f7633094AA85b055A: node scripts/mint-test.mjs 
2026-09-01T08:12:34.195Z [ERROR] [RETRY 1/3] mint: Command failed: /usr/local/bin/node /opt/data/workspace/cosmiclands-nft/scripts/mint-test.mjs
file:///opt/data/workspace/cosmiclands-nft/node_modules/ethers/lib.esm/utils/errors.js:132
            error = new Error(message);
                    ^

Error: execution reverted: "plot already minted" (action="estimateGas", data="0x08c379a000000000000000000000000000000000000000000000000000000000000000200000000000000000000000000000000000000000000000000000000000000013706c6f7420616c7265616479206d696e74656400000000000000000000000000", reason="plot already minted", transaction={ "data": "0xe3ff1354000000000000000000000000b66af38ac26b9023f138399f7633094aa85b055a000000000000000000000000000000000000000000000000000000000000006000000000000000000000000000000000000000000000000000000000000000a000000000000000000000000000000000000000000000000000000000000000104d4152532d504c4f542d303033333237000000000000000000000000000000000000000000000000000000000000000000000000000000000000000000000000", "from": "0xb66AF38AC26b9023F138399f7633094AA85b055A", "to": "0xeB503fEC1a553d6d8E85cC4d9E4c7B04ceb664C4" }, invocation=null, revert={ "args": [ "plot already minted" ], "name": "Error", "signature": "Error(string)" }, code=CALL_EXCEPTION, version=6.17.0)
    at makeError (file:///opt/data/workspace/cosmiclands-nft/node_modules/ethers/lib.esm/utils/errors.js:132:21)
    at getBuiltinCallException (file:///opt/data/workspace/cosmiclands-nft/node_modules/ethers/lib.esm/abi/abi-coder.js:102:12)
    at AbiCoder.getBuiltinCallException (file:///opt/data/workspace/cosmiclands-nft/node_modules/ethers/lib.esm/abi/abi-coder.js:203:16)
    at JsonRpcProvider.getRpcError (file:///opt/data/workspace/cosmiclands-nft/node_modules/ethers/lib.esm/providers/provider-jsonrpc.js:691:32)
    at file:///opt/data/workspace/cosmiclands-nft/node_modules/ethers/lib.esm/providers/provider-jsonrpc.js:298:45
    at process.processTicksAndRejections (node:internal/process/task_queues:104:5) {
  code: 'CALL_EXCEPTION',
  action: 'estimateGas',
  data: '0x08c379a000000000000000000000000000000000000000000000000000000000000000200000000000000000000000000000000000000000000000000000000000000013706c6f7420616c7265616479206d696e74656400000000000000000000000000',
  reason: 'plot already minted',
  transaction: {
    to: '0xeB503fEC1a553d6d8E85cC4d9E4c7B04ceb664C4',
    data: '0xe3ff1354000000000000000000000000b66af38ac26b9023f138399f7633094aa85b055a000000000000000000000000000000000000000000000000000000000000006000000000000000000000000000000000000000000000000000000000000000a000000000000000000000000000000000000000000000000000000000000000104d4152532d504c4f542d303033333237000000000000000000000000000000000000000000000000000000000000000000000000000000000000000000000000',
    from: '0xb66AF38AC26b9023F138399f7633094AA85b055A'
  },
  invocation: null,
  revert: {
    signature: 'Error(string)',
    name: 'Error',
    args: [ 'plot already minted' ]
  },
  shortMessage: 'execution reverted: "plot already minted"',
  info: {
    error: {
      code: 3,
      message: 'execution reverted: plot already minted',
      data: '0x08c379a000000000000000000000000000000000000000000000000000000000000000200000000000000000000000000000000000000000000000000000000000000013706c6f7420616c7265616479206d696e74656400000000000000000000000000'
    },
    payload: {
      method: 'eth_estimateGas',
      params: [
        {
          nonce: '0x160',
          from: '0xb66af38ac26b9023f138399f7633094aa85b055a',
          to: '0xeb503fec1a553d6d8e85cc4d9e4c7b04ceb664c4',
          data: '0xe3ff1354000000000000000000000000b66af38ac26b9023f138399f7633094aa85b055a000000000000000000000000000000000000000000000000000000000000006000000000000000000000000000000000000000000000000000000000000000a000000000000000000000000000000000000000000000000000000000000000104d4152532d504c4f542d303033333237000000000000000000000000000000000000000000000000000000000000000000000000000000000000000000000000'
        }
      ],
      id: 3,
      jsonrpc: '2.0'
    }
  }
}

Node.js v26.5.1

2026-09-01T08:12:39.199Z [INFO] RUN mint MARS-PLOT-003327 → 0xb66AF38AC26b9023F138399f7633094AA85b055A: node scripts/mint-test.mjs 
2026-09-01T08:12:39.797Z [ERROR] [RETRY 2/3] mint: Command failed: /usr/local/bin/node /opt/data/workspace/cosmiclands-nft/scripts/mint-test.mjs
file:///opt/data/workspace/cosmiclands-nft/node_modules/ethers/lib.esm/utils/errors.js:132
            error = new Error(message);
                    ^

Error: execution reverted: "plot already minted" (action="estimateGas", data="0x08c379a000000000000000000000000000000000000000000000000000000000000000200000000000000000000000000000000000000000000000000000000000000013706c6f7420616c7265616479206d696e74656400000000000000000000000000", reason="plot already minted", transaction={ "data": "0xe3ff1354000000000000000000000000b66af38ac26b9023f138399f7633094aa85b055a000000000000000000000000000000000000000000000000000000000000006000000000000000000000000000000000000000000000000000000000000000a000000000000000000000000000000000000000000000000000000000000000104d4152532d504c4f542d303033333237000000000000000000000000000000000000000000000000000000000000000000000000000000000000000000000000", "from": "0xb66AF38AC26b9023F138399f7633094AA85b055A", "to": "0xeB503fEC1a553d6d8E85cC4d9E4c7B04ceb664C4" }, invocation=null, revert={ "args": [ "plot already minted" ], "name": "Error", "signature": "Error(string)" }, code=CALL_EXCEPTION, version=6.17.0)
    at makeError (file:///opt/data/workspace/cosmiclands-nft/node_modules/ethers/lib.esm/utils/errors.js:132:21)
    at getBuiltinCallException (file:///opt/data/workspace/cosmiclands-nft/node_modules/ethers/lib.esm/abi/abi-coder.js:102:12)
    at AbiCoder.getBuiltinCallException (file:///opt/data/workspace/cosmiclands-nft/node_modules/ethers/lib.esm/abi/abi-coder.js:203:16)
    at JsonRpcProvider.getRpcError (file:///opt/data/workspace/cosmiclands-nft/node_modules/ethers/lib.esm/providers/provider-jsonrpc.js:691:32)
    at file:///opt/data/workspace/cosmiclands-nft/node_modules/ethers/lib.esm/providers/provider-jsonrpc.js:298:45
    at process.processTicksAndRejections (node:internal/process/task_queues:104:5) {
  code: 'CALL_EXCEPTION',
  action: 'estimateGas',
  data: '0x08c379a000000000000000000000000000000000000000000000000000000000000000200000000000000000000000000000000000000000000000000000000000000013706c6f7420616c7265616479206d696e74656400000000000000000000000000',
  reason: 'plot already minted',
  transaction: {
    to: '0xeB503fEC1a553d6d8E85cC4d9E4c7B04ceb664C4',
    data: '0xe3ff1354000000000000000000000000b66af38ac26b9023f138399f7633094aa85b055a000000000000000000000000000000000000000000000000000000000000006000000000000000000000000000000000000000000000000000000000000000a000000000000000000000000000000000000000000000000000000000000000104d4152532d504c4f542d303033333237000000000000000000000000000000000000000000000000000000000000000000000000000000000000000000000000',
    from: '0xb66AF38AC26b9023F138399f7633094AA85b055A'
  },
  invocation: null,
  revert: {
    signature: 'Error(string)',
    name: 'Error',
    args: [ 'plot already minted' ]
  },
  shortMessage: 'execution reverted: "plot already minted"',
  info: {
    error: {
      code: 3,
      message: 'execution reverted: plot already minted',
      data: '0x08c379a000000000000000000000000000000000000000000000000000000000000000200000000000000000000000000000000000000000000000000000000000000013706c6f7420616c7265616479206d696e74656400000000000000000000000000'
    },
    payload: {
      method: 'eth_estimateGas',
      params: [
        {
          nonce: '0x160',
          from: '0xb66af38ac26b9023f138399f7633094aa85b055a',
          to: '0xeb503fec1a553d6d8e85cc4d9e4c7b04ceb664c4',
          data: '0xe3ff1354000000000000000000000000b66af38ac26b9023f138399f7633094aa85b055a000000000000000000000000000000000000000000000000000000000000006000000000000000000000000000000000000000000000000000000000000000a000000000000000000000000000000000000000000000000000000000000000104d4152532d504c4f542d303033333237000000000000000000000000000000000000000000000000000000000000000000000000000000000000000000000000'
        }
      ],
      id: 3,
      jsonrpc: '2.0'
    }
  }
}

Node.js v26.5.1

2026-09-01T08:12:49.797Z [INFO] RUN mint MARS-PLOT-003327 → 0xb66AF38AC26b9023F138399f7633094AA85b055A: node scripts/mint-test.mjs 
2026-09-01T08:12:50.384Z [ERROR] [RETRY 3/3] mint: Command failed: /usr/local/bin/node /opt/data/workspace/cosmiclands-nft/scripts/mint-test.mjs
file:///opt/data/workspace/cosmiclands-nft/node_modules/ethers/lib.esm/utils/errors.js:132
            error = new Error(message);
                    ^

Error: execution reverted: "plot already minted" (action="estimateGas", data="0x08c379a000000000000000000000000000000000000000000000000000000000000000200000000000000000000000000000000000000000000000000000000000000013706c6f7420616c7265616479206d696e74656400000000000000000000000000", reason="plot already minted", transaction={ "data": "0xe3ff1354000000000000000000000000b66af38ac26b9023f138399f7633094aa85b055a000000000000000000000000000000000000000000000000000000000000006000000000000000000000000000000000000000000000000000000000000000a000000000000000000000000000000000000000000000000000000000000000104d4152532d504c4f542d303033333237000000000000000000000000000000000000000000000000000000000000000000000000000000000000000000000000", "from": "0xb66AF38AC26b9023F138399f7633094AA85b055A", "to": "0xeB503fEC1a553d6d8E85cC4d9E4c7B04ceb664C4" }, invocation=null, revert={ "args": [ "plot already minted" ], "name": "Error", "signature": "Error(string)" }, code=CALL_EXCEPTION, version=6.17.0)
    at makeError (file:///opt/data/workspace/cosmiclands-nft/node_modules/ethers/lib.esm/utils/errors.js:132:21)
    at getBuiltinCallException (file:///opt/data/workspace/cosmiclands-nft/node_modules/ethers/lib.esm/abi/abi-coder.js:102:12)
    at AbiCoder.getBuiltinCallException (file:///opt/data/workspace/cosmiclands-nft/node_modules/ethers/lib.esm/abi/abi-coder.js:203:16)
    at JsonRpcProvider.getRpcError (file:///opt/data/workspace/cosmiclands-nft/node_modules/ethers/lib.esm/providers/provider-jsonrpc.js:691:32)
    at file:///opt/data/workspace/cosmiclands-nft/node_modules/ethers/lib.esm/providers/provider-jsonrpc.js:298:45
    at process.processTicksAndRejections (node:internal/process/task_queues:104:5) {
  code: 'CALL_EXCEPTION',
  action: 'estimateGas',
  data: '0x08c379a000000000000000000000000000000000000000000000000000000000000000200000000000000000000000000000000000000000000000000000000000000013706c6f7420616c7265616479206d696e74656400000000000000000000000000',
  reason: 'plot already minted',
  transaction: {
    to: '0xeB503fEC1a553d6d8E85cC4d9E4c7B04ceb664C4',
    data: '0xe3ff1354000000000000000000000000b66af38ac26b9023f138399f7633094aa85b055a000000000000000000000000000000000000000000000000000000000000006000000000000000000000000000000000000000000000000000000000000000a000000000000000000000000000000000000000000000000000000000000000104d4152532d504c4f542d303033333237000000000000000000000000000000000000000000000000000000000000000000000000000000000000000000000000',
    from: '0xb66AF38AC26b9023F138399f7633094AA85b055A'
  },
  invocation: null,
  revert: {
    signature: 'Error(string)',
    name: 'Error',
    args: [ 'plot already minted' ]
  },
  shortMessage: 'execution reverted: "plot already minted"',
  info: {
    error: {
      code: 3,
      message: 'execution reverted: plot already minted',
      data: '0x08c379a000000000000000000000000000000000000000000000000000000000000000200000000000000000000000000000000000000000000000000000000000000013706c6f7420616c7265616479206d696e74656400000000000000000000000000'
    },
    payload: {
      method: 'eth_estimateGas',
      params: [
        {
          nonce: '0x160',
          from: '0xb66af38ac26b9023f138399f7633094aa85b055a',
          to: '0xeb503fec1a553d6d8e85cc4d9e4c7b04ceb664c4',
          data: '0xe3ff1354000000000000000000000000b66af38ac26b9023f138399f7633094aa85b055a000000000000000000000000000000000000000000000000000000000000006000000000000000000000000000000000000000000000000000000000000000a000000000000000000000000000000000000000000000000000000000000000104d4152532d504c4f542d303033333237000000000000000000000000000000000000000000000000000000000000000000000000000000000000000000000000'
        }
      ],
      id: 3,
      jsonrpc: '2.0'
    }
  }
}

Node.js v26.5.1

2026-09-01T08:12:50.385Z [ERROR] ORDER #1020: Command failed: /usr/local/bin/node /opt/data/workspace/cosmiclands-nft/scripts/mint-test.mjs
file:///opt/data/workspace/cosmiclands-nft/node_modules/ethers/lib.esm/utils/errors.js:132
            error = new Error(message);
                    ^

Error: execution reverted: "plot already minted" (action="estimateGas", data="0x08c379a000000000000000000000000000000000000000000000000000000000000000200000000000000000000000000000000000000000000000000000000000000013706c6f7420616c7265616479206d696e74656400000000000000000000000000", reason="plot already minted", transaction={ "data": "0xe3ff1354000000000000000000000000b66af38ac26b9023f138399f7633094aa85b055a000000000000000000000000000000000000000000000000000000000000006000000000000000000000000000000000000000000000000000000000000000a000000000000000000000000000000000000000000000000000000000000000104d4152532d504c4f542d303033333237000000000000000000000000000000000000000000000000000000000000000000000000000000000000000000000000", "from": "0xb66AF38AC26b9023F138399f7633094AA85b055A", "to": "0xeB503fEC1a553d6d8E85cC4d9E4c7B04ceb664C4" }, invocation=null, revert={ "args": [ "plot already minted" ], "name": "Error", "signature": "Error(string)" }, code=CALL_EXCEPTION, version=6.17.0)
    at makeError (file:///opt/data/workspace/cosmiclands-nft/node_modules/ethers/lib.esm/utils/errors.js:132:21)
    at getBuiltinCallException (file:///opt/data/workspace/cosmiclands-nft/node_modules/ethers/lib.esm/abi/abi-coder.js:102:12)
    at AbiCoder.getBuiltinCallException (file:///opt/data/workspace/cosmiclands-nft/node_modules/ethers/lib.esm/abi/abi-coder.js:203:16)
    at JsonRpcProvider.getRpcError (file:///opt/data/workspace/cosmiclands-nft/node_modules/ethers/lib.esm/providers/provider-jsonrpc.js:691:32)
    at file:///opt/data/workspace/cosmiclands-nft/node_modules/ethers/lib.esm/providers/provider-jsonrpc.js:298:45
    at process.processTicksAndRejections (node:internal/process/task_queues:104:5) {
  code: 'CALL_EXCEPTION',
  action: 'estimateGas',
  data: '0x08c379a000000000000000000000000000000000000000000000000000000000000000200000000000000000000000000000000000000000000000000000000000000013706c6f7420616c7265616479206d696e74656400000000000000000000000000',
  reason: 'plot already minted',
  transaction: {
    to: '0xeB503fEC1a553d6d8E85cC4d9E4c7B04ceb664C4',
    data: '0xe3ff1354000000000000000000000000b66af38ac26b9023f138399f7633094aa85b055a000000000000000000000000000000000000000000000000000000000000006000000000000000000000000000000000000000000000000000000000000000a000000000000000000000000000000000000000000000000000000000000000104d4152532d504c4f542d303033333237000000000000000000000000000000000000000000000000000000000000000000000000000000000000000000000000',
    from: '0xb66AF38AC26b9023F138399f7633094AA85b055A'
  },
  invocation: null,
  revert: {
    signature: 'Error(string)',
    name: 'Error',
    args: [ 'plot already minted' ]
  },
  shortMessage: 'execution reverted: "plot already minted"',
  info: {
    error: {
      code: 3,
      message: 'execution reverted: plot already minted',
      data: '0x08c379a000000000000000000000000000000000000000000000000000000000000000200000000000000000000000000000000000000000000000000000000000000013706c6f7420616c7265616479206d696e74656400000000000000000000000000'
    },
    payload: {
      method: 'eth_estimateGas',
      params: [
        {
          nonce: '0x160',
          from: '0xb66af38ac26b9023f138399f7633094aa85b055a',
          to: '0xeb503fec1a553d6d8e85cc4d9e4c7b04ceb664c4',
          data: '0xe3ff1354000000000000000000000000b66af38ac26b9023f138399f7633094aa85b055a000000000000000000000000000000000000000000000000000000000000006000000000000000000000000000000000000000000000000000000000000000a000000000000000000000000000000000000000000000000000000000000000104d4152532d504c4f542d303033333237000000000000000000000000000000000000000000000000000000000000000000000000000000000000000000000000'
        }
      ],
      id: 3,
      jsonrpc: '2.0'
    }
  }
}

Node.js v26.5.1
 — pozostaje w kolejce (MT-12)
2026-09-01T08:15:11.614Z [INFO] DRY-RUN: pokażę plan działań, zero transakcji (flaga dry_run w config.json / --dry-run).
2026-09-01T08:15:11.771Z [INFO] Gas treasury: 0.1978 ETH
2026-09-01T08:15:11.771Z [INFO] 🚀 Cosmic Lands Orchestrator v1 start (puste wallet_address → Cosmic Bank 0xb66AF…055A, mail=kalosorama@gmail.com, dry_run=true)
2026-09-01T08:15:12.105Z [INFO] OAuth OK (TTL 86399 s)
2026-09-01T08:15:12.184Z [INFO] POLL: 0 paid orders (since=2026-09-01T08:12:50.385Z)
2026-09-01T08:17:39.106Z [INFO] Gas treasury: 0.1978 ETH
2026-09-01T08:17:39.107Z [INFO] 🚀 Cosmic Lands Orchestrator v1 start (puste wallet_address → Cosmic Bank 0xb66AF…055A, mail=kalosorama@gmail.com, dry_run=false)
2026-09-01T08:17:39.439Z [INFO] OAuth OK (TTL 86399 s)
2026-09-01T08:17:39.559Z [INFO] POLL: 0 paid orders (since=2026-09-01T08:15:12.184Z)
2026-09-01T08:18:39.677Z [INFO] POLL: 0 paid orders (since=2026-09-01T08:17:39.559Z)
2026-09-01T08:19:39.654Z [INFO] POLL: 0 paid orders (since=2026-09-01T08:18:39.677Z)
2026-09-01T08:20:39.704Z [INFO] POLL: 0 paid orders (since=2026-09-01T08:19:39.654Z)
2026-09-01T08:21:39.671Z [INFO] POLL: 0 paid orders (since=2026-09-01T08:20:39.704Z)
2026-09-01T08:22:39.684Z [INFO] POLL: 0 paid orders (since=2026-09-01T08:21:39.672Z)
2026-09-01T08:23:39.674Z [INFO] POLL: 0 paid orders (since=2026-09-01T08:22:39.684Z)
2026-09-01T08:24:39.698Z [INFO] POLL: 0 paid orders (since=2026-09-01T08:23:39.675Z)
2026-09-01T08:25:39.702Z [INFO] POLL: 0 paid orders (since=2026-09-01T08:24:39.698Z)
2026-09-01T08:26:39.840Z [INFO] POLL: 1 paid orders (since=2026-09-01T08:25:39.702Z)
2026-09-01T08:26:39.840Z [INFO] === ORDER #1021 (7845500780885) test=true items=2
2026-09-01T08:26:40.013Z [INFO] ITEM MARS-PLOT-001479: class=M grant=300 wallet=0xb66AF38AC26b9023F138399f7633094AA85b055A (COSMIC_BANK) region=Tempe
2026-09-01T08:26:40.256Z [INFO] RUN mint MARS-PLOT-001479 → 0xb66AF38AC26b9023F138399f7633094AA85b055A: node scripts/mint-test.mjs 
2026-09-01T08:26:40.767Z [ERROR] [RETRY 1/3] mint: Command failed: /usr/local/bin/node /opt/data/workspace/cosmiclands-nft/scripts/mint-test.mjs
file:///opt/data/workspace/cosmiclands-nft/node_modules/ethers/lib.esm/utils/errors.js:132
            error = new Error(message);
                    ^

Error: execution reverted: "plot already minted" (action="estimateGas", data="0x08c379a000000000000000000000000000000000000000000000000000000000000000200000000000000000000000000000000000000000000000000000000000000013706c6f7420616c7265616479206d696e74656400000000000000000000000000", reason="plot already minted", transaction={ "data": "0xe3ff1354000000000000000000000000b66af38ac26b9023f138399f7633094aa85b055a000000000000000000000000000000000000000000000000000000000000006000000000000000000000000000000000000000000000000000000000000000a000000000000000000000000000000000000000000000000000000000000000104d4152532d504c4f542d303031343739000000000000000000000000000000000000000000000000000000000000000000000000000000000000000000000000", "from": "0xb66AF38AC26b9023F138399f7633094AA85b055A", "to": "0xeB503fEC1a553d6d8E85cC4d9E4c7B04ceb664C4" }, invocation=null, revert={ "args": [ "plot already minted" ], "name": "Error", "signature": "Error(string)" }, code=CALL_EXCEPTION, version=6.17.0)
    at makeError (file:///opt/data/workspace/cosmiclands-nft/node_modules/ethers/lib.esm/utils/errors.js:132:21)
    at getBuiltinCallException (file:///opt/data/workspace/cosmiclands-nft/node_modules/ethers/lib.esm/abi/abi-coder.js:102:12)
    at AbiCoder.getBuiltinCallException (file:///opt/data/workspace/cosmiclands-nft/node_modules/ethers/lib.esm/abi/abi-coder.js:203:16)
    at JsonRpcProvider.getRpcError (file:///opt/data/workspace/cosmiclands-nft/node_modules/ethers/lib.esm/providers/provider-jsonrpc.js:691:32)
    at file:///opt/data/workspace/cosmiclands-nft/node_modules/ethers/lib.esm/providers/provider-jsonrpc.js:298:45
    at process.processTicksAndRejections (node:internal/process/task_queues:104:5) {
  code: 'CALL_EXCEPTION',
  action: 'estimateGas',
  data: '0x08c379a000000000000000000000000000000000000000000000000000000000000000200000000000000000000000000000000000000000000000000000000000000013706c6f7420616c7265616479206d696e74656400000000000000000000000000',
  reason: 'plot already minted',
  transaction: {
    to: '0xeB503fEC1a553d6d8E85cC4d9E4c7B04ceb664C4',
    data: '0xe3ff1354000000000000000000000000b66af38ac26b9023f138399f7633094aa85b055a000000000000000000000000000000000000000000000000000000000000006000000000000000000000000000000000000000000000000000000000000000a000000000000000000000000000000000000000000000000000000000000000104d4152532d504c4f542d303031343739000000000000000000000000000000000000000000000000000000000000000000000000000000000000000000000000',
    from: '0xb66AF38AC26b9023F138399f7633094AA85b055A'
  },
  invocation: null,
  revert: {
    signature: 'Error(string)',
    name: 'Error',
    args: [ 'plot already minted' ]
  },
  shortMessage: 'execution reverted: "plot already minted"',
  info: {
    error: {
      code: 3,
      message: 'execution reverted: plot already minted',
      data: '0x08c379a000000000000000000000000000000000000000000000000000000000000000200000000000000000000000000000000000000000000000000000000000000013706c6f7420616c7265616479206d696e74656400000000000000000000000000'
    },
    payload: {
      method: 'eth_estimateGas',
      params: [
        {
          nonce: '0x160',
          from: '0xb66af38ac26b9023f138399f7633094aa85b055a',
          to: '0xeb503fec1a553d6d8e85cc4d9e4c7b04ceb664c4',
          data: '0xe3ff1354000000000000000000000000b66af38ac26b9023f138399f7633094aa85b055a000000000000000000000000000000000000000000000000000000000000006000000000000000000000000000000000000000000000000000000000000000a000000000000000000000000000000000000000000000000000000000000000104d4152532d504c4f542d303031343739000000000000000000000000000000000000000000000000000000000000000000000000000000000000000000000000'
        }
      ],
      id: 3,
      jsonrpc: '2.0'
    }
  }
}

Node.js v26.5.1

2026-09-01T08:26:45.768Z [INFO] RUN mint MARS-PLOT-001479 → 0xb66AF38AC26b9023F138399f7633094AA85b055A: node scripts/mint-test.mjs 
2026-09-01T08:26:46.319Z [ERROR] [RETRY 2/3] mint: Command failed: /usr/local/bin/node /opt/data/workspace/cosmiclands-nft/scripts/mint-test.mjs
file:///opt/data/workspace/cosmiclands-nft/node_modules/ethers/lib.esm/utils/errors.js:132
            error = new Error(message);
                    ^

Error: execution reverted: "plot already minted" (action="estimateGas", data="0x08c379a000000000000000000000000000000000000000000000000000000000000000200000000000000000000000000000000000000000000000000000000000000013706c6f7420616c7265616479206d696e74656400000000000000000000000000", reason="plot already minted", transaction={ "data": "0xe3ff1354000000000000000000000000b66af38ac26b9023f138399f7633094aa85b055a000000000000000000000000000000000000000000000000000000000000006000000000000000000000000000000000000000000000000000000000000000a000000000000000000000000000000000000000000000000000000000000000104d4152532d504c4f542d303031343739000000000000000000000000000000000000000000000000000000000000000000000000000000000000000000000000", "from": "0xb66AF38AC26b9023F138399f7633094AA85b055A", "to": "0xeB503fEC1a553d6d8E85cC4d9E4c7B04ceb664C4" }, invocation=null, revert={ "args": [ "plot already minted" ], "name": "Error", "signature": "Error(string)" }, code=CALL_EXCEPTION, version=6.17.0)
    at makeError (file:///opt/data/workspace/cosmiclands-nft/node_modules/ethers/lib.esm/utils/errors.js:132:21)
    at getBuiltinCallException (file:///opt/data/workspace/cosmiclands-nft/node_modules/ethers/lib.esm/abi/abi-coder.js:102:12)
    at AbiCoder.getBuiltinCallException (file:///opt/data/workspace/cosmiclands-nft/node_modules/ethers/lib.esm/abi/abi-coder.js:203:16)
    at JsonRpcProvider.getRpcError (file:///opt/data/workspace/cosmiclands-nft/node_modules/ethers/lib.esm/providers/provider-jsonrpc.js:691:32)
    at file:///opt/data/workspace/cosmiclands-nft/node_modules/ethers/lib.esm/providers/provider-jsonrpc.js:298:45
    at process.processTicksAndRejections (node:internal/process/task_queues:104:5) {
  code: 'CALL_EXCEPTION',
  action: 'estimateGas',
  data: '0x08c379a000000000000000000000000000000000000000000000000000000000000000200000000000000000000000000000000000000000000000000000000000000013706c6f7420616c7265616479206d696e74656400000000000000000000000000',
  reason: 'plot already minted',
  transaction: {
    to: '0xeB503fEC1a553d6d8E85cC4d9E4c7B04ceb664C4',
    data: '0xe3ff1354000000000000000000000000b66af38ac26b9023f138399f7633094aa85b055a000000000000000000000000000000000000000000000000000000000000006000000000000000000000000000000000000000000000000000000000000000a000000000000000000000000000000000000000000000000000000000000000104d4152532d504c4f542d303031343739000000000000000000000000000000000000000000000000000000000000000000000000000000000000000000000000',
    from: '0xb66AF38AC26b9023F138399f7633094AA85b055A'
  },
  invocation: null,
  revert: {
    signature: 'Error(string)',
    name: 'Error',
    args: [ 'plot already minted' ]
  },
  shortMessage: 'execution reverted: "plot already minted"',
  info: {
    error: {
      code: 3,
      message: 'execution reverted: plot already minted',
      data: '0x08c379a000000000000000000000000000000000000000000000000000000000000000200000000000000000000000000000000000000000000000000000000000000013706c6f7420616c7265616479206d696e74656400000000000000000000000000'
    },
    payload: {
      method: 'eth_estimateGas',
      params: [
        {
          nonce: '0x160',
          from: '0xb66af38ac26b9023f138399f7633094aa85b055a',
          to: '0xeb503fec1a553d6d8e85cc4d9e4c7b04ceb664c4',
          data: '0xe3ff1354000000000000000000000000b66af38ac26b9023f138399f7633094aa85b055a000000000000000000000000000000000000000000000000000000000000006000000000000000000000000000000000000000000000000000000000000000a000000000000000000000000000000000000000000000000000000000000000104d4152532d504c4f542d303031343739000000000000000000000000000000000000000000000000000000000000000000000000000000000000000000000000'
        }
      ],
      id: 3,
      jsonrpc: '2.0'
    }
  }
}

Node.js v26.5.1

2026-09-01T08:26:56.319Z [INFO] RUN mint MARS-PLOT-001479 → 0xb66AF38AC26b9023F138399f7633094AA85b055A: node scripts/mint-test.mjs 
2026-09-01T08:26:56.842Z [ERROR] [RETRY 3/3] mint: Command failed: /usr/local/bin/node /opt/data/workspace/cosmiclands-nft/scripts/mint-test.mjs
file:///opt/data/workspace/cosmiclands-nft/node_modules/ethers/lib.esm/utils/errors.js:132
            error = new Error(message);
                    ^

Error: execution reverted: "plot already minted" (action="estimateGas", data="0x08c379a000000000000000000000000000000000000000000000000000000000000000200000000000000000000000000000000000000000000000000000000000000013706c6f7420616c7265616479206d696e74656400000000000000000000000000", reason="plot already minted", transaction={ "data": "0xe3ff1354000000000000000000000000b66af38ac26b9023f138399f7633094aa85b055a000000000000000000000000000000000000000000000000000000000000006000000000000000000000000000000000000000000000000000000000000000a000000000000000000000000000000000000000000000000000000000000000104d4152532d504c4f542d303031343739000000000000000000000000000000000000000000000000000000000000000000000000000000000000000000000000", "from": "0xb66AF38AC26b9023F138399f7633094AA85b055A", "to": "0xeB503fEC1a553d6d8E85cC4d9E4c7B04ceb664C4" }, invocation=null, revert={ "args": [ "plot already minted" ], "name": "Error", "signature": "Error(string)" }, code=CALL_EXCEPTION, version=6.17.0)
    at makeError (file:///opt/data/workspace/cosmiclands-nft/node_modules/ethers/lib.esm/utils/errors.js:132:21)
    at getBuiltinCallException (file:///opt/data/workspace/cosmiclands-nft/node_modules/ethers/lib.esm/abi/abi-coder.js:102:12)
    at AbiCoder.getBuiltinCallException (file:///opt/data/workspace/cosmiclands-nft/node_modules/ethers/lib.esm/abi/abi-coder.js:203:16)
    at JsonRpcProvider.getRpcError (file:///opt/data/workspace/cosmiclands-nft/node_modules/ethers/lib.esm/providers/provider-jsonrpc.js:691:32)
    at file:///opt/data/workspace/cosmiclands-nft/node_modules/ethers/lib.esm/providers/provider-jsonrpc.js:298:45
    at process.processTicksAndRejections (node:internal/process/task_queues:104:5) {
  code: 'CALL_EXCEPTION',
  action: 'estimateGas',
  data: '0x08c379a000000000000000000000000000000000000000000000000000000000000000200000000000000000000000000000000000000000000000000000000000000013706c6f7420616c7265616479206d696e74656400000000000000000000000000',
  reason: 'plot already minted',
  transaction: {
    to: '0xeB503fEC1a553d6d8E85cC4d9E4c7B04ceb664C4',
    data: '0xe3ff1354000000000000000000000000b66af38ac26b9023f138399f7633094aa85b055a000000000000000000000000000000000000000000000000000000000000006000000000000000000000000000000000000000000000000000000000000000a000000000000000000000000000000000000000000000000000000000000000104d4152532d504c4f542d303031343739000000000000000000000000000000000000000000000000000000000000000000000000000000000000000000000000',
    from: '0xb66AF38AC26b9023F138399f7633094AA85b055A'
  },
  invocation: null,
  revert: {
    signature: 'Error(string)',
    name: 'Error',
    args: [ 'plot already minted' ]
  },
  shortMessage: 'execution reverted: "plot already minted"',
  info: {
    error: {
      code: 3,
      message: 'execution reverted: plot already minted',
      data: '0x08c379a000000000000000000000000000000000000000000000000000000000000000200000000000000000000000000000000000000000000000000000000000000013706c6f7420616c7265616479206d696e74656400000000000000000000000000'
    },
    payload: {
      method: 'eth_estimateGas',
      params: [
        {
          nonce: '0x160',
          from: '0xb66af38ac26b9023f138399f7633094aa85b055a',
          to: '0xeb503fec1a553d6d8e85cc4d9e4c7b04ceb664c4',
          data: '0xe3ff1354000000000000000000000000b66af38ac26b9023f138399f7633094aa85b055a000000000000000000000000000000000000000000000000000000000000006000000000000000000000000000000000000000000000000000000000000000a000000000000000000000000000000000000000000000000000000000000000104d4152532d504c4f542d303031343739000000000000000000000000000000000000000000000000000000000000000000000000000000000000000000000000'
        }
      ],
      id: 3,
      jsonrpc: '2.0'
    }
  }
}

Node.js v26.5.1

2026-09-01T08:26:56.842Z [ERROR] ORDER #1021: Command failed: /usr/local/bin/node /opt/data/workspace/cosmiclands-nft/scripts/mint-test.mjs
file:///opt/data/workspace/cosmiclands-nft/node_modules/ethers/lib.esm/utils/errors.js:132
            error = new Error(message);
                    ^

Error: execution reverted: "plot already minted" (action="estimateGas", data="0x08c379a000000000000000000000000000000000000000000000000000000000000000200000000000000000000000000000000000000000000000000000000000000013706c6f7420616c7265616479206d696e74656400000000000000000000000000", reason="plot already minted", transaction={ "data": "0xe3ff1354000000000000000000000000b66af38ac26b9023f138399f7633094aa85b055a000000000000000000000000000000000000000000000000000000000000006000000000000000000000000000000000000000000000000000000000000000a000000000000000000000000000000000000000000000000000000000000000104d4152532d504c4f542d303031343739000000000000000000000000000000000000000000000000000000000000000000000000000000000000000000000000", "from": "0xb66AF38AC26b9023F138399f7633094AA85b055A", "to": "0xeB503fEC1a553d6d8E85cC4d9E4c7B04ceb664C4" }, invocation=null, revert={ "args": [ "plot already minted" ], "name": "Error", "signature": "Error(string)" }, code=CALL_EXCEPTION, version=6.17.0)
    at makeError (file:///opt/data/workspace/cosmiclands-nft/node_modules/ethers/lib.esm/utils/errors.js:132:21)
    at getBuiltinCallException (file:///opt/data/workspace/cosmiclands-nft/node_modules/ethers/lib.esm/abi/abi-coder.js:102:12)
    at AbiCoder.getBuiltinCallException (file:///opt/data/workspace/cosmiclands-nft/node_modules/ethers/lib.esm/abi/abi-coder.js:203:16)
    at JsonRpcProvider.getRpcError (file:///opt/data/workspace/cosmiclands-nft/node_modules/ethers/lib.esm/providers/provider-jsonrpc.js:691:32)
    at file:///opt/data/workspace/cosmiclands-nft/node_modules/ethers/lib.esm/providers/provider-jsonrpc.js:298:45
    at process.processTicksAndRejections (node:internal/process/task_queues:104:5) {
  code: 'CALL_EXCEPTION',
  action: 'estimateGas',
  data: '0x08c379a000000000000000000000000000000000000000000000000000000000000000200000000000000000000000000000000000000000000000000000000000000013706c6f7420616c7265616479206d696e74656400000000000000000000000000',
  reason: 'plot already minted',
  transaction: {
    to: '0xeB503fEC1a553d6d8E85cC4d9E4c7B04ceb664C4',
    data: '0xe3ff1354000000000000000000000000b66af38ac26b9023f138399f7633094aa85b055a000000000000000000000000000000000000000000000000000000000000006000000000000000000000000000000000000000000000000000000000000000a000000000000000000000000000000000000000000000000000000000000000104d4152532d504c4f542d303031343739000000000000000000000000000000000000000000000000000000000000000000000000000000000000000000000000',
    from: '0xb66AF38AC26b9023F138399f7633094AA85b055A'
  },
  invocation: null,
  revert: {
    signature: 'Error(string)',
    name: 'Error',
    args: [ 'plot already minted' ]
  },
  shortMessage: 'execution reverted: "plot already minted"',
  info: {
    error: {
      code: 3,
      message: 'execution reverted: plot already minted',
      data: '0x08c379a000000000000000000000000000000000000000000000000000000000000000200000000000000000000000000000000000000000000000000000000000000013706c6f7420616c7265616479206d696e74656400000000000000000000000000'
    },
    payload: {
      method: 'eth_estimateGas',
      params: [
        {
          nonce: '0x160',
          from: '0xb66af38ac26b9023f138399f7633094aa85b055a',
          to: '0xeb503fec1a553d6d8e85cc4d9e4c7b04ceb664c4',
          data: '0xe3ff1354000000000000000000000000b66af38ac26b9023f138399f7633094aa85b055a000000000000000000000000000000000000000000000000000000000000006000000000000000000000000000000000000000000000000000000000000000a000000000000000000000000000000000000000000000000000000000000000104d4152532d504c4f542d303031343739000000000000000000000000000000000000000000000000000000000000000000000000000000000000000000000000'
        }
      ],
      id: 3,
      jsonrpc: '2.0'
    }
  }
}

Node.js v26.5.1
 — pozostaje w kolejce (MT-12)
2026-09-01T08:27:39.767Z [INFO] POLL: 0 paid orders (since=2026-09-01T08:26:56.842Z)
2026-09-01T08:28:39.696Z [INFO] POLL: 0 paid orders (since=2026-09-01T08:27:39.768Z)
2026-09-01T08:29:39.698Z [INFO] POLL: 0 paid orders (since=2026-09-01T08:28:39.696Z)
2026-09-01T08:30:39.723Z [INFO] POLL: 0 paid orders (since=2026-09-01T08:29:39.698Z)
2026-09-01T08:31:39.723Z [INFO] POLL: 0 paid orders (since=2026-09-01T08:30:39.723Z)
2026-09-01T08:32:39.727Z [INFO] POLL: 0 paid orders (since=2026-09-01T08:31:39.724Z)
2026-09-01T08:33:39.771Z [INFO] POLL: 0 paid orders (since=2026-09-01T08:32:39.727Z)
2026-09-01T08:34:39.794Z [INFO] POLL: 0 paid orders (since=2026-09-01T08:33:39.771Z)
2026-09-01T08:35:39.787Z [INFO] POLL: 0 paid orders (since=2026-09-01T08:34:39.794Z)
2026-09-01T08:36:39.771Z [INFO] POLL: 0 paid orders (since=2026-09-01T08:35:39.789Z)
2026-09-01T08:37:39.805Z [INFO] POLL: 0 paid orders (since=2026-09-01T08:36:39.771Z)
2026-09-01T08:38:39.849Z [INFO] POLL: 0 paid orders (since=2026-09-01T08:37:39.805Z)
2026-09-01T08:39:39.817Z [INFO] POLL: 0 paid orders (since=2026-09-01T08:38:39.849Z)
2026-09-01T08:40:39.809Z [INFO] POLL: 0 paid orders (since=2026-09-01T08:39:39.817Z)
2026-09-01T08:41:39.836Z [INFO] POLL: 0 paid orders (since=2026-09-01T08:40:39.809Z)
2026-09-01T08:42:39.816Z [INFO] POLL: 0 paid orders (since=2026-09-01T08:41:39.837Z)
2026-09-01T08:43:39.818Z [INFO] POLL: 0 paid orders (since=2026-09-01T08:42:39.816Z)
2026-09-01T08:44:39.820Z [INFO] POLL: 0 paid orders (since=2026-09-01T08:43:39.818Z)
2026-09-01T08:45:39.842Z [INFO] POLL: 0 paid orders (since=2026-09-01T08:44:39.820Z)
2026-09-01T08:46:39.836Z [INFO] POLL: 0 paid orders (since=2026-09-01T08:45:39.843Z)
2026-09-01T08:47:39.898Z [INFO] POLL: 0 paid orders (since=2026-09-01T08:46:39.836Z)
2026-09-01T08:48:39.834Z [INFO] POLL: 0 paid orders (since=2026-09-01T08:47:39.898Z)
2026-09-01T08:49:39.851Z [INFO] POLL: 0 paid orders (since=2026-09-01T08:48:39.834Z)
2026-09-01T08:50:39.843Z [INFO] POLL: 0 paid orders (since=2026-09-01T08:49:39.851Z)
2026-09-01T08:51:39.836Z [INFO] POLL: 0 paid orders (since=2026-09-01T08:50:39.843Z)
2026-09-01T08:52:13.899Z [INFO] Gas treasury: 0.1978 ETH
2026-09-01T08:52:13.900Z [INFO] 🚀 Cosmic Lands Orchestrator v1 start (puste wallet_address → Cosmic Bank 0xb66AF…055A, mail=kalosorama@gmail.com, dry_run=false)
2026-09-01T08:52:14.215Z [INFO] OAuth OK (TTL 86399 s)
2026-09-01T08:52:14.300Z [INFO] POLL: 0 paid orders (since=2026-09-01T08:51:39.838Z)
2026-09-01T08:53:14.404Z [INFO] POLL: 0 paid orders (since=2026-09-01T08:52:14.300Z)
2026-09-01T08:54:14.403Z [INFO] POLL: 0 paid orders (since=2026-09-01T08:53:14.404Z)
2026-09-01T08:55:46.337Z [INFO] Gas treasury: 0.1978 ETH
2026-09-01T08:55:46.339Z [INFO] 🚀 Cosmic Lands Orchestrator v1 start (puste wallet_address → Cosmic Bank 0xb66AF…055A, mail=kalosorama@gmail.com, dry_run=false)
2026-09-01T08:55:46.652Z [INFO] OAuth OK (TTL 86399 s)
2026-09-01T08:55:46.955Z [INFO] POLL: 2 paid orders (since=2026-09-01T03:57:03.282Z)
2026-09-01T08:55:46.956Z [INFO] === ORDER #1021 (7845500780885) test=true items=2
2026-09-01T08:55:47.165Z [INFO] ITEM MARS-PLOT-001479: class=M grant=300 wallet=0xb66AF38AC26b9023F138399f7633094AA85b055A (COSMIC_BANK) region=Tempe
2026-09-01T08:55:47.561Z [ERROR] DOUBLE-SELL MARS-PLOT-001479: on-chain owner=0xd197fea004f3c6fd3b7657b2ed32d8ecfa9ee880, zamówienie oczekiwało 0xb66af38ac26b9023f138399f7633094aa85b055a — item pominięty, order poza processed (MT-12)
2026-09-01T08:55:47.745Z [INFO] ITEM MARS-PLOT-000432: class=L grant=900 wallet=0xb66AF38AC26b9023F138399f7633094AA85b055A (COSMIC_BANK) region=Acidalia
2026-09-01T08:55:48.246Z [ERROR] DOUBLE-SELL MARS-PLOT-000432: on-chain owner=0xd197fea004f3c6fd3b7657b2ed32d8ecfa9ee880, zamówienie oczekiwało 0xb66af38ac26b9023f138399f7633094aa85b055a — item pominięty, order poza processed (MT-12)
2026-09-01T08:55:48.247Z [INFO] === ORDER #1021 DONE (processed[])
2026-09-01T08:55:48.247Z [INFO] === ORDER #1020 (7845091770709) test=true items=1
2026-09-01T08:55:48.420Z [INFO] ITEM MARS-PLOT-003327: class=M grant=300 wallet=0xb66AF38AC26b9023F138399f7633094AA85b055A (COSMIC_BANK) region=Tharsis/Marineris
2026-09-01T08:55:48.658Z [INFO] MINT SKIP MARS-PLOT-003327: już on-chain tokenId=2025 owner=0xb66af38ac26b9023f138399f7633094aa85b055a — adoptuję (pre-check)
2026-09-01T08:55:50.009Z [INFO] RUN grant 300 → 0xb66AF38AC26b9023F138399f7633094AA85b055A: node scripts/grant-cosmo.mjs --to 0xb66AF38AC26b9023F138399f7633094AA85b055A --amount 300
2026-09-01T08:55:51.415Z [INFO]   | GRANT_OK tx=0x1deced3c0d415f7f8931999ac48747bbcbdf23f5d29f3d3880de27712a390f64 amount=300 wei=300000000000000000000 to=0xb66AF38AC26b9023F138399f7633094AA85b055A block=46242332
2026-09-01T08:55:51.416Z [INFO] GRANT OK 300 COSMO → 0xb66AF38AC26b9023F138399f7633094AA85b055A tx=0x1deced3c0d415f7f8931999ac48747bbcbdf23f5d29f3d3880de27712a390f64
2026-09-01T08:55:51.417Z [INFO] RUN pdf MARS-PLOT-003327: node scripts/generate-certificate-v3.mjs --planet mars --plot MARS-PLOT-003327 --owner Kalosorama --class M --region Tharsis/Marineris --coords — --area 1.5 ha --price 129 EUR --cosmo 300 --cert CL-TEST-7845091770709 --token-id 2025 --tx 0x5d499ad15da557404529103ffedcb55a64ff949f236c028a621235b74e314223 --out /opt/data/workspace/cosmiclands-nft/test-output/MARS-PLOT-003327-7845091770709.pdf
2026-09-01T08:55:51.922Z [INFO]   | ✅ MARS-PLOT-003327-7845091770709.pdf (MARS premium, QR → https://map.cosmiclands.space/?plot=MARS-PLOT-003327)
2026-09-01T08:55:51.922Z [INFO] PDF OK /opt/data/workspace/cosmiclands-nft/test-output/MARS-PLOT-003327-7845091770709.pdf
2026-09-01T08:55:51.923Z [INFO] RUN email MARS-PLOT-003327 → kalosorama@gmail.com [+Cosmic Bank notice]: node scripts/send-email.mjs --to kalosorama@gmail.com --plot MARS-PLOT-003327 --pdf /opt/data/workspace/cosmiclands-nft/test-output/MARS-PLOT-003327-7845091770709.pdf --bank
2026-09-01T08:55:54.361Z [INFO]   | ✅ Wysłano (SMTP mail.privateemail.com:587) do kalosorama@gmail.com — msgId <a328ad99-bb12-6763-1985-1fb721d6ec88@cosmiclands.space>
2026-09-01T08:55:54.361Z [INFO] EMAIL OK → kalosorama@gmail.com msgId=<a328ad99-bb12-6763-1985-1fb721d6ec88@cosmiclands.space>
2026-09-01T08:55:54.362Z [INFO] === ORDER #1020 DONE (processed[])
2026-09-01T08:56:54.474Z [INFO] POLL: 0 paid orders (since=2026-09-01T08:55:54.362Z)
2026-09-01T08:57:54.520Z [INFO] POLL: 0 paid orders (since=2026-09-01T08:56:54.475Z)
2026-09-01T08:58:54.481Z [INFO] POLL: 0 paid orders (since=2026-09-01T08:57:54.520Z)
2026-09-01T08:59:54.511Z [INFO] POLL: 0 paid orders (since=2026-09-01T08:58:54.481Z)
2026-09-01T09:00:54.579Z [INFO] POLL: 0 paid orders (since=2026-09-01T08:59:54.511Z)
2026-09-01T09:01:54.565Z [INFO] POLL: 0 paid orders (since=2026-09-01T09:00:54.579Z)
2026-09-01T09:02:54.641Z [INFO] POLL: 0 paid orders (since=2026-09-01T09:01:54.565Z)
2026-09-01T09:03:54.689Z [INFO] POLL: 0 paid orders (since=2026-09-01T09:02:54.641Z)
2026-09-01T09:04:54.725Z [INFO] POLL: 0 paid orders (since=2026-09-01T09:03:54.690Z)
2026-09-01T09:05:54.714Z [INFO] POLL: 0 paid orders (since=2026-09-01T09:04:54.725Z)
2026-09-01T09:06:54.772Z [INFO] POLL: 0 paid orders (since=2026-09-01T09:05:54.714Z)
2026-09-01T09:07:54.853Z [INFO] POLL: 0 paid orders (since=2026-09-01T09:06:54.772Z)
2026-09-01T09:08:54.862Z [INFO] POLL: 0 paid orders (since=2026-09-01T09:07:54.854Z)
2026-09-01T09:09:54.914Z [INFO] POLL: 0 paid orders (since=2026-09-01T09:08:54.863Z)
2026-09-01T09:10:54.903Z [INFO] POLL: 0 paid orders (since=2026-09-01T09:09:54.915Z)
2026-09-01T09:11:54.975Z [INFO] POLL: 0 paid orders (since=2026-09-01T09:10:54.903Z)
2026-09-01T09:12:55.027Z [INFO] POLL: 0 paid orders (since=2026-09-01T09:11:54.975Z)
2026-09-01T09:13:55.046Z [INFO] POLL: 0 paid orders (since=2026-09-01T09:12:55.027Z)
2026-09-01T09:14:55.076Z [INFO] POLL: 0 paid orders (since=2026-09-01T09:13:55.047Z)
2026-09-01T09:15:55.083Z [INFO] POLL: 0 paid orders (since=2026-09-01T09:14:55.076Z)
2026-09-01T09:16:55.133Z [INFO] POLL: 0 paid orders (since=2026-09-01T09:15:55.083Z)
2026-09-01T09:17:55.203Z [INFO] POLL: 0 paid orders (since=2026-09-01T09:16:55.133Z)
2026-09-01T09:18:55.236Z [INFO] POLL: 0 paid orders (since=2026-09-01T09:17:55.204Z)
2026-09-01T09:19:55.262Z [INFO] POLL: 0 paid orders (since=2026-09-01T09:18:55.236Z)
2026-09-01T09:20:55.260Z [INFO] POLL: 0 paid orders (since=2026-09-01T09:19:55.263Z)
2026-09-01T09:21:55.296Z [INFO] POLL: 0 paid orders (since=2026-09-01T09:20:55.260Z)
2026-09-01T09:22:55.350Z [INFO] POLL: 0 paid orders (since=2026-09-01T09:21:55.296Z)
2026-09-01T09:23:55.413Z [INFO] POLL: 0 paid orders (since=2026-09-01T09:22:55.350Z)
2026-09-01T09:24:55.425Z [INFO] POLL: 0 paid orders (since=2026-09-01T09:23:55.413Z)
2026-09-01T09:25:55.435Z [INFO] POLL: 0 paid orders (since=2026-09-01T09:24:55.426Z)
2026-09-01T09:26:55.473Z [INFO] POLL: 0 paid orders (since=2026-09-01T09:25:55.435Z)
2026-09-01T09:27:55.700Z [INFO] POLL: 1 paid orders (since=2026-09-01T09:26:55.473Z)
2026-09-01T09:27:55.701Z [INFO] === ORDER #1022 (7845654823253) test=true items=1
2026-09-01T09:27:55.871Z [INFO] ITEM MARS-PLOT-001233: class=S grant=100 wallet=0xD197fEA004F3c6Fd3B7657b2eD32D8eCFA9EE880 (DIRECT_WALLET) region=Tempe
2026-09-01T09:27:56.109Z [INFO] MINT SKIP MARS-PLOT-001233: już on-chain tokenId=2014 owner=0xd197fea004f3c6fd3b7657b2ed32d8ecfa9ee880 — adoptuję (pre-check)
2026-09-01T09:27:57.341Z [INFO] RUN grant 100 → 0xD197fEA004F3c6Fd3B7657b2eD32D8eCFA9EE880: node scripts/grant-cosmo.mjs --to 0xD197fEA004F3c6Fd3B7657b2eD32D8eCFA9EE880 --amount 100
2026-09-01T09:27:58.961Z [INFO]   | GRANT_OK tx=0x57a2746b597a60615d668009f845f7eb97335158599d42540cb0182a215b0e0d amount=100 wei=100000000000000000000 to=0xD197fEA004F3c6Fd3B7657b2eD32D8eCFA9EE880 block=46243296
2026-09-01T09:27:58.961Z [INFO] GRANT OK 100 COSMO → 0xD197fEA004F3c6Fd3B7657b2eD32D8eCFA9EE880 tx=0x57a2746b597a60615d668009f845f7eb97335158599d42540cb0182a215b0e0d
2026-09-01T09:27:58.961Z [INFO] RUN pdf MARS-PLOT-001233: node scripts/generate-certificate-v3.mjs --planet mars --plot MARS-PLOT-001233 --owner Kalosorama --class S --region Tempe --coords — --area 0.5 ha --price 50 EUR --cosmo 100 --cert CL-TEST-7845654823253 --token-id 2014 --tx 0x2bbc1ee45344792a271336eac04cb035264a3895c0f18bb3a90bbc8426fad209 --out /opt/data/workspace/cosmiclands-nft/test-output/MARS-PLOT-001233-7845654823253.pdf
2026-09-01T09:27:59.361Z [INFO]   | ✅ MARS-PLOT-001233-7845654823253.pdf (MARS premium, QR → https://map.cosmiclands.space/?plot=MARS-PLOT-001233)
2026-09-01T09:27:59.361Z [INFO] PDF OK /opt/data/workspace/cosmiclands-nft/test-output/MARS-PLOT-001233-7845654823253.pdf
2026-09-01T09:27:59.362Z [INFO] RUN email MARS-PLOT-001233 → kalosorama@gmail.com: node scripts/send-email.mjs --to kalosorama@gmail.com --plot MARS-PLOT-001233 --pdf /opt/data/workspace/cosmiclands-nft/test-output/MARS-PLOT-001233-7845654823253.pdf
2026-09-01T09:28:01.664Z [INFO]   | ✅ Wysłano (SMTP mail.privateemail.com:587) do kalosorama@gmail.com — msgId <4c517b70-8e82-85e5-d9a2-af4140174aa3@cosmiclands.space>
2026-09-01T09:28:01.665Z [INFO] EMAIL OK → kalosorama@gmail.com msgId=<4c517b70-8e82-85e5-d9a2-af4140174aa3@cosmiclands.space>
2026-09-01T09:28:01.669Z [INFO] === ORDER #1022 DONE (processed[])
2026-09-01T09:28:55.530Z [INFO] POLL: 0 paid orders (since=2026-09-01T09:28:01.669Z)
2026-09-01T09:29:55.601Z [INFO] POLL: 0 paid orders (since=2026-09-01T09:28:55.530Z)
2026-09-01T09:30:55.588Z [INFO] POLL: 0 paid orders (since=2026-09-01T09:29:55.602Z)
2026-09-01T09:31:55.797Z [INFO] POLL: 1 paid orders (since=2026-09-01T09:30:55.588Z)
2026-09-01T09:31:55.797Z [INFO] === ORDER #1023 (7845663572309) test=true items=1
2026-09-01T09:31:55.985Z [INFO] ITEM PLUTO-PLOT-007017: class=M grant=300 wallet=0xD197fEA004F3c6Fd3B7657b2eD32D8eCFA9EE880 (DIRECT_WALLET) region=Meng-Po
2026-09-01T09:31:56.356Z [INFO] RUN mint PLUTO-PLOT-007017 → 0xD197fEA004F3c6Fd3B7657b2eD32D8eCFA9EE880: node scripts/mint-test.mjs 
2026-09-01T09:32:02.742Z [INFO]   | [mint] base-sepolia deed=0xeB503fEC1a553d6d8E85cC4d9E4c7B04ceb664C4 plot=PLUTO-PLOT-007017 -> 0xD197fEA004F3c6Fd3B7657b2eD32D8eCFA9EE880
2026-09-01T09:32:02.743Z [INFO]   | ✅ minted tokenId, tx=0x0aa376fdc1fe22023e3da20a996a6eeacc57c98f8596f975e1af0ce262c5bd99
2026-09-01T09:32:02.743Z [INFO]   |    Explorer: https://sepolia.basescan.org/tx/0x0aa376fdc1fe22023e3da20a996a6eeacc57c98f8596f975e1af0ce262c5bd99
2026-09-01T09:32:02.744Z [INFO]   |    ownerOf(2138) = 0xD197fEA004F3c6Fd3B7657b2eD32D8eCFA9EE880
2026-09-01T09:32:02.744Z [INFO]   |    tokenURI = ipfs://2138
2026-09-01T09:32:02.745Z [INFO] MINT OK PLUTO-PLOT-007017 → 0xD197fEA004F3c6Fd3B7657b2eD32D8eCFA9EE880 tx=0x0aa376fdc1fe22023e3da20a996a6eeacc57c98f8596f975e1af0ce262c5bd99 tokenId=2138
2026-09-01T09:32:02.746Z [INFO] RUN grant 300 → 0xD197fEA004F3c6Fd3B7657b2eD32D8eCFA9EE880: node scripts/grant-cosmo.mjs --to 0xD197fEA004F3c6Fd3B7657b2eD32D8eCFA9EE880 --amount 300
2026-09-01T09:32:08.927Z [INFO]   | GRANT_OK tx=0x71a78fa247c99bf1947528f0eef97245371aecf85d3d05e2629615f5d5a8237e amount=300 wei=300000000000000000000 to=0xD197fEA004F3c6Fd3B7657b2eD32D8eCFA9EE880 block=46243419
2026-09-01T09:32:08.928Z [INFO] GRANT OK 300 COSMO → 0xD197fEA004F3c6Fd3B7657b2eD32D8eCFA9EE880 tx=0x71a78fa247c99bf1947528f0eef97245371aecf85d3d05e2629615f5d5a8237e
2026-09-01T09:32:08.929Z [INFO] RUN pdf PLUTO-PLOT-007017: node scripts/generate-certificate-v3.mjs --planet pluto --plot PLUTO-PLOT-007017 --owner Kalosorama --class M --region Meng-Po --coords — --area 1.5 ha --price 129 EUR --cosmo 300 --cert CL-TEST-7845663572309 --token-id 2138 --tx 0x0aa376fdc1fe22023e3da20a996a6eeacc57c98f8596f975e1af0ce262c5bd99 --out /opt/data/workspace/cosmiclands-nft/test-output/PLUTO-PLOT-007017-7845663572309.pdf
2026-09-01T09:32:09.437Z [INFO]   | ✅ PLUTO-PLOT-007017-7845663572309.pdf (PLUTO premium, QR → https://map.cosmiclands.space/?plot=PLUTO-PLOT-007017)
2026-09-01T09:32:09.438Z [INFO] PDF OK /opt/data/workspace/cosmiclands-nft/test-output/PLUTO-PLOT-007017-7845663572309.pdf
2026-09-01T09:32:09.439Z [INFO] RUN email PLUTO-PLOT-007017 → kalosorama@gmail.com: node scripts/send-email.mjs --to kalosorama@gmail.com --plot PLUTO-PLOT-007017 --pdf /opt/data/workspace/cosmiclands-nft/test-output/PLUTO-PLOT-007017-7845663572309.pdf
2026-09-01T09:32:11.664Z [INFO]   | ✅ Wysłano (SMTP mail.privateemail.com:587) do kalosorama@gmail.com — msgId <4bbe18bd-cb9f-18bb-ce0d-39e9f4d965c7@cosmiclands.space>
2026-09-01T09:32:11.665Z [INFO] EMAIL OK → kalosorama@gmail.com msgId=<4bbe18bd-cb9f-18bb-ce0d-39e9f4d965c7@cosmiclands.space>
2026-09-01T09:32:11.665Z [INFO] === ORDER #1023 DONE (processed[])
2026-09-01T09:32:55.636Z [INFO] POLL: 0 paid orders (since=2026-09-01T09:32:11.665Z)
2026-09-01T09:33:55.710Z [INFO] POLL: 0 paid orders (since=2026-09-01T09:32:55.636Z)
2026-09-01T09:34:55.736Z [INFO] POLL: 0 paid orders (since=2026-09-01T09:33:55.710Z)
2026-09-01T09:35:55.731Z [INFO] POLL: 0 paid orders (since=2026-09-01T09:34:55.736Z)
2026-09-01T09:36:55.770Z [INFO] POLL: 0 paid orders (since=2026-09-01T09:35:55.731Z)
2026-09-01T09:37:55.851Z [INFO] POLL: 0 paid orders (since=2026-09-01T09:36:55.770Z)
2026-09-01T09:38:55.871Z [INFO] POLL: 0 paid orders (since=2026-09-01T09:37:55.851Z)
2026-09-01T09:39:55.913Z [INFO] POLL: 0 paid orders (since=2026-09-01T09:38:55.872Z)
2026-09-01T09:40:55.905Z [INFO] POLL: 0 paid orders (since=2026-09-01T09:39:55.913Z)
2026-09-01T09:41:55.971Z [INFO] POLL: 0 paid orders (since=2026-09-01T09:40:55.905Z)
2026-09-01T09:42:56.024Z [INFO] POLL: 0 paid orders (since=2026-09-01T09:41:55.971Z)
2026-09-01T09:43:56.061Z [INFO] POLL: 0 paid orders (since=2026-09-01T09:42:56.025Z)
2026-09-01T09:44:56.138Z [INFO] POLL: 0 paid orders (since=2026-09-01T09:43:56.062Z)
2026-09-01T09:45:56.121Z [INFO] POLL: 0 paid orders (since=2026-09-01T09:44:56.139Z)
2026-09-01T09:46:56.143Z [INFO] POLL: 0 paid orders (since=2026-09-01T09:45:56.121Z)
2026-09-01T09:47:56.252Z [INFO] POLL: 0 paid orders (since=2026-09-01T09:46:56.143Z)
2026-09-01T09:48:56.256Z [INFO] POLL: 0 paid orders (since=2026-09-01T09:47:56.252Z)
2026-09-01T09:49:56.299Z [INFO] POLL: 0 paid orders (since=2026-09-01T09:48:56.256Z)
2026-09-01T09:50:56.294Z [INFO] POLL: 0 paid orders (since=2026-09-01T09:49:56.300Z)
2026-09-01T09:51:56.359Z [INFO] POLL: 0 paid orders (since=2026-09-01T09:50:56.294Z)
2026-09-01T09:52:56.380Z [INFO] POLL: 0 paid orders (since=2026-09-01T09:51:56.359Z)
2026-09-01T09:53:56.421Z [INFO] POLL: 0 paid orders (since=2026-09-01T09:52:56.380Z)
2026-09-01T09:54:56.464Z [INFO] POLL: 0 paid orders (since=2026-09-01T09:53:56.423Z)
2026-09-01T09:55:56.495Z [INFO] POLL: 0 paid orders (since=2026-09-01T09:54:56.464Z)
2026-09-01T09:56:56.474Z [INFO] POLL: 0 paid orders (since=2026-09-01T09:55:56.495Z)
2026-09-01T09:57:56.541Z [INFO] POLL: 0 paid orders (since=2026-09-01T09:56:56.474Z)
2026-09-01T09:58:56.591Z [INFO] POLL: 0 paid orders (since=2026-09-01T09:57:56.541Z)
2026-09-01T09:59:56.845Z [INFO] POLL: 1 paid orders (since=2026-09-01T09:58:56.591Z)
2026-09-01T09:59:56.845Z [INFO] === ORDER #1025 (7845729599829) test=true items=1
2026-09-01T09:59:57.069Z [INFO] ITEM MERCURY-PLOT-007202: class=L grant=900 wallet=0xF01ce557F135ed04fa2d042584CFBF7457ee927c (DIRECT_WALLET) region=Schubert
2026-09-01T09:59:57.573Z [INFO] RUN mint MERCURY-PLOT-007202 → 0xF01ce557F135ed04fa2d042584CFBF7457ee927c: node scripts/mint-test.mjs 
2026-09-01T09:59:59.158Z [INFO]   | [mint] base-sepolia deed=0xeB503fEC1a553d6d8E85cC4d9E4c7B04ceb664C4 plot=MERCURY-PLOT-007202 -> 0xF01ce557F135ed04fa2d042584CFBF7457ee927c
2026-09-01T09:59:59.158Z [INFO]   | ✅ minted tokenId, tx=0x162a1df7a371daca264caecaba59b6f3a44f7cff4992b5451ba8b5ec21e8b60a
2026-09-01T09:59:59.158Z [INFO]   |    Explorer: https://sepolia.basescan.org/tx/0x162a1df7a371daca264caecaba59b6f3a44f7cff4992b5451ba8b5ec21e8b60a
2026-09-01T09:59:59.158Z [INFO]   |    ownerOf(2138) = 0xD197fEA004F3c6Fd3B7657b2eD32D8eCFA9EE880
2026-09-01T09:59:59.158Z [INFO]   |    tokenURI = ipfs://2138
2026-09-01T09:59:59.159Z [INFO] MINT OK MERCURY-PLOT-007202 → 0xF01ce557F135ed04fa2d042584CFBF7457ee927c tx=0x162a1df7a371daca264caecaba59b6f3a44f7cff4992b5451ba8b5ec21e8b60a tokenId=2138
2026-09-01T09:59:59.160Z [INFO] RUN grant 900 → 0xF01ce557F135ed04fa2d042584CFBF7457ee927c: node scripts/grant-cosmo.mjs --to 0xF01ce557F135ed04fa2d042584CFBF7457ee927c --amount 900
2026-09-01T10:00:00.781Z [INFO]   | GRANT_OK tx=0x8889e0db683dc268a837ed6ad0201b2ce6d4dd3f64ddb35c93ba4a82f538be0e amount=900 wei=900000000000000000000 to=0xF01ce557F135ed04fa2d042584CFBF7457ee927c block=46244257
2026-09-01T10:00:00.784Z [INFO] GRANT OK 900 COSMO → 0xF01ce557F135ed04fa2d042584CFBF7457ee927c tx=0x8889e0db683dc268a837ed6ad0201b2ce6d4dd3f64ddb35c93ba4a82f538be0e
2026-09-01T10:00:00.792Z [INFO] RUN pdf MERCURY-PLOT-007202: node scripts/generate-certificate-v3.mjs --planet mercury --plot MERCURY-PLOT-007202 --owner Kalosorama --class L --region Schubert --coords — --area 4.5 ha --price 369 EUR --cosmo 900 --cert CL-TEST-7845729599829 --token-id 2138 --tx 0x162a1df7a371daca264caecaba59b6f3a44f7cff4992b5451ba8b5ec21e8b60a --out /opt/data/workspace/cosmiclands-nft/test-output/MERCURY-PLOT-007202-7845729599829.pdf
2026-09-01T10:00:03.537Z [INFO]   | ✅ MERCURY-PLOT-007202-7845729599829.pdf (MERCURY premium, QR → https://map.cosmiclands.space/?plot=MERCURY-PLOT-007202)
2026-09-01T10:00:03.546Z [INFO] PDF OK /opt/data/workspace/cosmiclands-nft/test-output/MERCURY-PLOT-007202-7845729599829.pdf
2026-09-01T10:00:03.569Z [INFO] RUN email MERCURY-PLOT-007202 → kalosorama@gmail.com: node scripts/send-email.mjs --to kalosorama@gmail.com --plot MERCURY-PLOT-007202 --pdf /opt/data/workspace/cosmiclands-nft/test-output/MERCURY-PLOT-007202-7845729599829.pdf
2026-09-01T10:00:06.592Z [INFO]   | ✅ Wysłano (SMTP mail.privateemail.com:587) do kalosorama@gmail.com — msgId <7699d815-96cc-c0ef-9445-d06da6ee6cc5@cosmiclands.space>
2026-09-01T10:00:06.593Z [INFO] EMAIL OK → kalosorama@gmail.com msgId=<7699d815-96cc-c0ef-9445-d06da6ee6cc5@cosmiclands.space>
2026-09-01T10:00:06.609Z [INFO] === ORDER #1025 DONE (processed[])
2026-09-01T10:00:56.659Z [INFO] POLL: 0 paid orders (since=2026-09-01T10:00:06.620Z)
2026-09-01T10:01:56.767Z [INFO] POLL: 0 paid orders (since=2026-09-01T10:00:56.660Z)
2026-09-01T10:02:56.768Z [INFO] POLL: 0 paid orders (since=2026-09-01T10:01:56.768Z)
2026-09-01T10:03:56.871Z [INFO] POLL: 0 paid orders (since=2026-09-01T10:02:56.769Z)
2026-09-01T10:04:56.876Z [INFO] POLL: 0 paid orders (since=2026-09-01T10:03:56.873Z)
2026-09-01T10:05:56.885Z [INFO] POLL: 0 paid orders (since=2026-09-01T10:04:56.876Z)
2026-09-01T10:06:56.920Z [INFO] POLL: 0 paid orders (since=2026-09-01T10:05:56.885Z)
2026-09-01T10:07:57.215Z [INFO] POLL: 1 paid orders (since=2026-09-01T10:06:56.920Z)
2026-09-01T10:07:57.216Z [INFO] === ORDER #1026 (7845748638037) test=true items=1
2026-09-01T10:07:57.421Z [INFO] ITEM SATURN-PLOT-004557: class=M grant=300 wallet=0xbd5F9E61eA0633097054607351bE648e55b6AdD5 (DIRECT_WALLET) region=Hyperion
2026-09-01T10:07:58.059Z [INFO] RUN mint SATURN-PLOT-004557 → 0xbd5F9E61eA0633097054607351bE648e55b6AdD5: node scripts/mint-test.mjs 
2026-09-01T10:08:04.178Z [INFO]   | [mint] base-sepolia deed=0xeB503fEC1a553d6d8E85cC4d9E4c7B04ceb664C4 plot=SATURN-PLOT-004557 -> 0xbd5F9E61eA0633097054607351bE648e55b6AdD5
2026-09-01T10:08:04.179Z [INFO]   | ✅ minted tokenId, tx=0x5d957397f2056f869b23e0e602117b2780f095666fc2250c5ab1358c5d2551ae
2026-09-01T10:08:04.179Z [INFO]   |    Explorer: https://sepolia.basescan.org/tx/0x5d957397f2056f869b23e0e602117b2780f095666fc2250c5ab1358c5d2551ae
2026-09-01T10:08:04.179Z [INFO]   |    ownerOf(2140) = 0xbd5F9E61eA0633097054607351bE648e55b6AdD5
2026-09-01T10:08:04.179Z [INFO]   |    tokenURI = ipfs://2140
2026-09-01T10:08:04.179Z [INFO] MINT OK SATURN-PLOT-004557 → 0xbd5F9E61eA0633097054607351bE648e55b6AdD5 tx=0x5d957397f2056f869b23e0e602117b2780f095666fc2250c5ab1358c5d2551ae tokenId=2140
2026-09-01T10:08:04.180Z [INFO] RUN grant 300 → 0xbd5F9E61eA0633097054607351bE648e55b6AdD5: node scripts/grant-cosmo.mjs --to 0xbd5F9E61eA0633097054607351bE648e55b6AdD5 --amount 300
2026-09-01T10:08:10.500Z [INFO]   | GRANT_OK tx=0xb615e5194ef1e37ec7564b59d33790b477187443c3a0402f4c3406f28a671b65 amount=300 wei=300000000000000000000 to=0xbd5F9E61eA0633097054607351bE648e55b6AdD5 block=46244500
2026-09-01T10:08:10.501Z [INFO] GRANT OK 300 COSMO → 0xbd5F9E61eA0633097054607351bE648e55b6AdD5 tx=0xb615e5194ef1e37ec7564b59d33790b477187443c3a0402f4c3406f28a671b65
2026-09-01T10:08:10.502Z [INFO] RUN pdf SATURN-PLOT-004557: node scripts/generate-certificate-v3.mjs --planet saturn --plot SATURN-PLOT-004557 --owner Kalosorama --class M --region Hyperion --coords — --area 1.5 ha --price 129 EUR --cosmo 300 --cert CL-TEST-7845748638037 --token-id 2140 --tx 0x5d957397f2056f869b23e0e602117b2780f095666fc2250c5ab1358c5d2551ae --out /opt/data/workspace/cosmiclands-nft/test-output/SATURN-PLOT-004557-7845748638037.pdf
2026-09-01T10:08:10.879Z [INFO]   | ✅ SATURN-PLOT-004557-7845748638037.pdf (SATURN premium, QR → https://map.cosmiclands.space/?plot=SATURN-PLOT-004557)
2026-09-01T10:08:10.879Z [INFO] PDF OK /opt/data/workspace/cosmiclands-nft/test-output/SATURN-PLOT-004557-7845748638037.pdf
2026-09-01T10:08:10.880Z [INFO] RUN email SATURN-PLOT-004557 → kalosorama@gmail.com: node scripts/send-email.mjs --to kalosorama@gmail.com --plot SATURN-PLOT-004557 --pdf /opt/data/workspace/cosmiclands-nft/test-output/SATURN-PLOT-004557-7845748638037.pdf
2026-09-01T10:08:13.222Z [INFO]   | ✅ Wysłano (SMTP mail.privateemail.com:587) do kalosorama@gmail.com — msgId <156d48e5-58c2-d813-0da8-128c9fe41b58@cosmiclands.space>
2026-09-01T10:08:13.222Z [INFO] EMAIL OK → kalosorama@gmail.com msgId=<156d48e5-58c2-d813-0da8-128c9fe41b58@cosmiclands.space>
2026-09-01T10:08:13.223Z [INFO] === ORDER #1026 DONE (processed[])
2026-09-01T10:08:56.993Z [INFO] POLL: 0 paid orders (since=2026-09-01T10:08:13.223Z)
2026-09-01T10:10:02.679Z [INFO] Gas treasury: 0.1978 ETH
2026-09-01T10:10:02.681Z [INFO] 🚀 Cosmic Lands Orchestrator v1 start (puste wallet_address → Cosmic Bank 0xb66AF…055A, mail=kalosorama@gmail.com, dry_run=false)
2026-09-01T10:10:03.029Z [INFO] OAuth OK (TTL 86399 s)
2026-09-01T10:10:03.151Z [INFO] POLL: 0 paid orders (since=2026-09-01T10:08:56.993Z)
2026-09-01T10:11:03.266Z [INFO] POLL: 0 paid orders (since=2026-09-01T10:10:03.152Z)
2026-09-01T10:12:03.272Z [INFO] POLL: 0 paid orders (since=2026-09-01T10:11:03.266Z)
2026-09-01T10:13:03.277Z [INFO] POLL: 0 paid orders (since=2026-09-01T10:12:03.273Z)
2026-09-01T10:14:03.319Z [INFO] POLL: 0 paid orders (since=2026-09-01T10:13:03.278Z)
2026-09-01T10:15:03.305Z [INFO] POLL: 0 paid orders (since=2026-09-01T10:14:03.320Z)
2026-09-01T10:16:03.348Z [INFO] POLL: 0 paid orders (since=2026-09-01T10:15:03.308Z)
2026-09-01T10:17:03.483Z [INFO] POLL: 1 paid orders (since=2026-09-01T10:16:03.349Z)
2026-09-01T10:17:03.485Z [INFO] === ORDER #1027 (7845775180117) test=true items=1
2026-09-01T10:17:03.680Z [INFO] ITEM SATURN-PLOT-006095: class=XL grant=2700 wallet=0xbd5F9E61eA0633097054607351bE648e55b6AdD5 (DIRECT_WALLET) region=Janus
2026-09-01T10:17:04.278Z [INFO] RUN mint SATURN-PLOT-006095 → 0xbd5F9E61eA0633097054607351bE648e55b6AdD5: node scripts/mint-test.mjs 
2026-09-01T10:17:10.073Z [INFO]   | [mint] base-sepolia deed=0xeB503fEC1a553d6d8E85cC4d9E4c7B04ceb664C4 plot=SATURN-PLOT-006095 -> 0xbd5F9E61eA0633097054607351bE648e55b6AdD5
2026-09-01T10:17:10.074Z [INFO]   | ✅ minted tokenId, tx=0xf7f553ba2b6f11da1ab529a910b7355126ef701c114fd6531998d8c8fb5b8b8e
2026-09-01T10:17:10.074Z [INFO]   |    Explorer: https://sepolia.basescan.org/tx/0xf7f553ba2b6f11da1ab529a910b7355126ef701c114fd6531998d8c8fb5b8b8e
2026-09-01T10:17:10.074Z [INFO]   |    ownerOf(2141) = 0xbd5F9E61eA0633097054607351bE648e55b6AdD5
2026-09-01T10:17:10.074Z [INFO]   |    tokenURI = ipfs://2141
2026-09-01T10:17:10.074Z [INFO] MINT OK SATURN-PLOT-006095 → 0xbd5F9E61eA0633097054607351bE648e55b6AdD5 tx=0xf7f553ba2b6f11da1ab529a910b7355126ef701c114fd6531998d8c8fb5b8b8e tokenId=2141
2026-09-01T10:17:10.076Z [INFO] RUN grant 2700 → 0xbd5F9E61eA0633097054607351bE648e55b6AdD5: node scripts/grant-cosmo.mjs --to 0xbd5F9E61eA0633097054607351bE648e55b6AdD5 --amount 2700
2026-09-01T10:17:15.937Z [INFO]   | GRANT_OK tx=0xec715ba1bf2fd2f0c2e1e997dc2a6a31e29cf9d8d71c26ed804f1219059d65de amount=2700 wei=2700000000000000000000 to=0xbd5F9E61eA0633097054607351bE648e55b6AdD5 block=46244773
2026-09-01T10:17:15.938Z [INFO] GRANT OK 2700 COSMO → 0xbd5F9E61eA0633097054607351bE648e55b6AdD5 tx=0xec715ba1bf2fd2f0c2e1e997dc2a6a31e29cf9d8d71c26ed804f1219059d65de
2026-09-01T10:17:15.939Z [INFO] RUN pdf SATURN-PLOT-006095: node scripts/generate-certificate-v3.mjs --planet saturn --plot SATURN-PLOT-006095 --owner Kalosorama --class XL --region Janus --coords — --area 13.5 ha --price 999 EUR --cosmo 2700 --cert CL-TEST-7845775180117 --token-id 2141 --tx 0xf7f553ba2b6f11da1ab529a910b7355126ef701c114fd6531998d8c8fb5b8b8e --out /opt/data/workspace/cosmiclands-nft/test-output/SATURN-PLOT-006095-7845775180117.pdf
2026-09-01T10:17:16.332Z [INFO]   | ✅ SATURN-PLOT-006095-7845775180117.pdf (SATURN premium, QR → https://map.cosmiclands.space/?plot=SATURN-PLOT-006095)
2026-09-01T10:17:16.333Z [INFO] PDF OK /opt/data/workspace/cosmiclands-nft/test-output/SATURN-PLOT-006095-7845775180117.pdf
2026-09-01T10:17:16.334Z [INFO] RUN email SATURN-PLOT-006095 → kalosorama@gmail.com: node scripts/send-email.mjs --to kalosorama@gmail.com --plot SATURN-PLOT-006095 --pdf /opt/data/workspace/cosmiclands-nft/test-output/SATURN-PLOT-006095-7845775180117.pdf
2026-09-01T10:17:18.906Z [INFO]   | ✅ Wysłano (SMTP mail.privateemail.com:587) do kalosorama@gmail.com — msgId <b2502315-eafd-bbfa-8891-f675599b693f@cosmiclands.space>
2026-09-01T10:17:18.907Z [INFO] EMAIL OK → kalosorama@gmail.com msgId=<b2502315-eafd-bbfa-8891-f675599b693f@cosmiclands.space>
2026-09-01T10:17:18.907Z [INFO] === ORDER #1027 DONE (processed[])
2026-09-01T10:18:03.325Z [INFO] POLL: 0 paid orders (since=2026-09-01T10:17:18.907Z)
2026-09-01T10:19:03.315Z [INFO] POLL: 0 paid orders (since=2026-09-01T10:18:03.327Z)
2026-09-01T10:20:03.331Z [INFO] POLL: 0 paid orders (since=2026-09-01T10:19:03.316Z)
2026-09-01T10:21:03.348Z [INFO] POLL: 0 paid orders (since=2026-09-01T10:20:03.331Z)
2026-09-01T10:22:03.332Z [INFO] POLL: 0 paid orders (since=2026-09-01T10:21:03.349Z)
2026-09-01T10:23:03.387Z [INFO] POLL: 0 paid orders (since=2026-09-01T10:22:03.334Z)
2026-09-01T10:24:03.439Z [INFO] POLL: 0 paid orders (since=2026-09-01T10:23:03.388Z)
2026-09-01T10:25:03.430Z [INFO] POLL: 0 paid orders (since=2026-09-01T10:24:03.441Z)
2026-09-01T10:26:03.475Z [INFO] POLL: 0 paid orders (since=2026-09-01T10:25:03.431Z)
2026-09-01T10:27:03.525Z [INFO] POLL: 0 paid orders (since=2026-09-01T10:26:03.475Z)
2026-09-01T10:28:03.605Z [INFO] POLL: 0 paid orders (since=2026-09-01T10:27:03.525Z)
2026-09-01T10:29:03.650Z [INFO] POLL: 0 paid orders (since=2026-09-01T10:28:03.605Z)
2026-09-01T10:30:03.834Z [INFO] POLL: 0 paid orders (since=2026-09-01T10:29:03.650Z)
2026-09-01T10:31:03.691Z [INFO] POLL: 0 paid orders (since=2026-09-01T10:30:03.834Z)
2026-09-01T10:32:03.713Z [INFO] POLL: 0 paid orders (since=2026-09-01T10:31:03.691Z)
2026-09-01T10:33:03.756Z [INFO] POLL: 0 paid orders (since=2026-09-01T10:32:03.713Z)
2026-09-01T10:34:03.805Z [INFO] POLL: 0 paid orders (since=2026-09-01T10:33:03.756Z)
2026-09-01T10:35:03.849Z [INFO] POLL: 0 paid orders (since=2026-09-01T10:34:03.805Z)
2026-09-01T10:36:03.875Z [INFO] POLL: 0 paid orders (since=2026-09-01T10:35:03.850Z)
2026-09-01T10:37:03.917Z [INFO] POLL: 0 paid orders (since=2026-09-01T10:36:03.875Z)
2026-09-01T10:38:04.004Z [INFO] POLL: 0 paid orders (since=2026-09-01T10:37:03.918Z)
2026-09-01T10:39:04.040Z [INFO] POLL: 0 paid orders (since=2026-09-01T10:38:04.004Z)
2026-09-01T10:40:04.069Z [INFO] POLL: 0 paid orders (since=2026-09-01T10:39:04.040Z)
2026-09-01T10:41:04.069Z [INFO] POLL: 0 paid orders (since=2026-09-01T10:40:04.071Z)
2026-09-01T10:42:04.154Z [INFO] POLL: 0 paid orders (since=2026-09-01T10:41:04.070Z)
2026-09-01T10:43:04.169Z [INFO] POLL: 0 paid orders (since=2026-09-01T10:42:04.156Z)
2026-09-01T10:44:04.241Z [INFO] POLL: 0 paid orders (since=2026-09-01T10:43:04.170Z)
2026-09-01T10:45:04.244Z [INFO] POLL: 0 paid orders (since=2026-09-01T10:44:04.241Z)
2026-09-01T10:46:04.302Z [INFO] POLL: 0 paid orders (since=2026-09-01T10:45:04.246Z)
2026-09-01T10:47:04.287Z [INFO] POLL: 0 paid orders (since=2026-09-01T10:46:04.303Z)
2026-09-01T10:48:04.385Z [INFO] POLL: 0 paid orders (since=2026-09-01T10:47:04.287Z)
2026-09-01T10:49:04.407Z [INFO] POLL: 0 paid orders (since=2026-09-01T10:48:04.385Z)
2026-09-01T10:50:04.414Z [INFO] POLL: 0 paid orders (since=2026-09-01T10:49:04.407Z)
2026-09-01T10:51:04.474Z [INFO] POLL: 0 paid orders (since=2026-09-01T10:50:04.416Z)
2026-09-01T10:52:04.504Z [INFO] POLL: 0 paid orders (since=2026-09-01T10:51:04.474Z)
2026-09-01T10:53:04.547Z [INFO] POLL: 0 paid orders (since=2026-09-01T10:52:04.504Z)
2026-09-01T10:54:04.984Z [INFO] POLL: 0 paid orders (since=2026-09-01T10:53:04.547Z)
2026-09-01T10:55:04.607Z [INFO] POLL: 0 paid orders (since=2026-09-01T10:54:04.984Z)
2026-09-01T10:56:04.652Z [INFO] POLL: 0 paid orders (since=2026-09-01T10:55:04.607Z)
2026-09-01T10:57:04.691Z [INFO] POLL: 0 paid orders (since=2026-09-01T10:56:04.653Z)
2026-09-01T10:58:04.723Z [INFO] POLL: 0 paid orders (since=2026-09-01T10:57:04.691Z)
2026-09-01T10:59:04.776Z [INFO] POLL: 0 paid orders (since=2026-09-01T10:58:04.723Z)
2026-09-01T11:00:04.856Z [INFO] POLL: 0 paid orders (since=2026-09-01T10:59:04.776Z)
2026-09-01T11:01:04.905Z [INFO] POLL: 0 paid orders (since=2026-09-01T11:00:04.861Z)
2026-09-01T11:02:04.926Z [INFO] POLL: 0 paid orders (since=2026-09-01T11:01:04.905Z)
2026-09-01T11:03:04.946Z [INFO] POLL: 0 paid orders (since=2026-09-01T11:02:04.926Z)
2026-09-01T11:04:05.016Z [INFO] POLL: 0 paid orders (since=2026-09-01T11:03:04.946Z)
2026-09-01T11:05:05.024Z [INFO] POLL: 0 paid orders (since=2026-09-01T11:04:05.017Z)
2026-09-01T11:06:05.019Z [INFO] POLL: 0 paid orders (since=2026-09-01T11:05:05.025Z)
2026-09-01T11:07:05.069Z [INFO] POLL: 0 paid orders (since=2026-09-01T11:06:05.019Z)
2026-09-01T11:08:05.142Z [INFO] POLL: 0 paid orders (since=2026-09-01T11:07:05.070Z)
2026-09-01T11:09:05.171Z [INFO] POLL: 0 paid orders (since=2026-09-01T11:08:05.143Z)
2026-09-01T11:10:05.227Z [INFO] POLL: 0 paid orders (since=2026-09-01T11:09:05.171Z)
2026-09-01T11:11:05.182Z [INFO] POLL: 0 paid orders (since=2026-09-01T11:10:05.227Z)
2026-09-01T11:12:05.242Z [INFO] POLL: 0 paid orders (since=2026-09-01T11:11:05.183Z)
2026-09-01T11:13:05.278Z [INFO] POLL: 0 paid orders (since=2026-09-01T11:12:05.244Z)
2026-09-01T11:14:05.341Z [INFO] POLL: 0 paid orders (since=2026-09-01T11:13:05.278Z)
2026-09-01T11:15:05.343Z [INFO] POLL: 0 paid orders (since=2026-09-01T11:14:05.342Z)
2026-09-01T11:16:05.372Z [INFO] POLL: 0 paid orders (since=2026-09-01T11:15:05.344Z)
2026-09-01T11:17:05.440Z [INFO] POLL: 0 paid orders (since=2026-09-01T11:16:05.373Z)
2026-09-01T11:18:05.511Z [INFO] POLL: 0 paid orders (since=2026-09-01T11:17:05.440Z)
2026-09-01T11:19:05.522Z [INFO] POLL: 0 paid orders (since=2026-09-01T11:18:05.511Z)
2026-09-01T11:20:05.570Z [INFO] POLL: 0 paid orders (since=2026-09-01T11:19:05.522Z)
2026-09-01T11:21:05.575Z [INFO] POLL: 0 paid orders (since=2026-09-01T11:20:05.571Z)
2026-09-01T11:22:05.587Z [INFO] POLL: 0 paid orders (since=2026-09-01T11:21:05.576Z)
2026-09-01T11:23:05.667Z [INFO] POLL: 0 paid orders (since=2026-09-01T11:22:05.587Z)
2026-09-01T11:24:05.695Z [INFO] POLL: 0 paid orders (since=2026-09-01T11:23:05.668Z)
2026-09-01T11:25:05.686Z [INFO] POLL: 0 paid orders (since=2026-09-01T11:24:05.697Z)
2026-09-01T11:26:05.727Z [INFO] POLL: 0 paid orders (since=2026-09-01T11:25:05.686Z)
2026-09-01T11:27:05.774Z [INFO] POLL: 0 paid orders (since=2026-09-01T11:26:05.727Z)
2026-09-01T11:28:05.825Z [INFO] POLL: 0 paid orders (since=2026-09-01T11:27:05.775Z)
2026-09-01T11:29:05.858Z [INFO] POLL: 0 paid orders (since=2026-09-01T11:28:05.825Z)
2026-09-01T11:30:05.872Z [INFO] POLL: 0 paid orders (since=2026-09-01T11:29:05.859Z)
2026-09-01T11:31:05.876Z [INFO] POLL: 0 paid orders (since=2026-09-01T11:30:05.872Z)
2026-09-01T11:32:05.882Z [INFO] POLL: 0 paid orders (since=2026-09-01T11:31:05.876Z)
2026-09-01T11:33:05.913Z [INFO] POLL: 0 paid orders (since=2026-09-01T11:32:05.882Z)
2026-09-01T11:34:05.993Z [INFO] POLL: 0 paid orders (since=2026-09-01T11:33:05.913Z)
2026-09-01T11:35:05.981Z [INFO] POLL: 0 paid orders (since=2026-09-01T11:34:05.993Z)
2026-09-01T11:36:06.021Z [INFO] POLL: 0 paid orders (since=2026-09-01T11:35:05.982Z)
2026-09-01T11:37:06.053Z [INFO] POLL: 0 paid orders (since=2026-09-01T11:36:06.022Z)
2026-09-01T11:38:06.128Z [INFO] POLL: 0 paid orders (since=2026-09-01T11:37:06.053Z)
2026-09-01T11:39:06.158Z [INFO] POLL: 0 paid orders (since=2026-09-01T11:38:06.128Z)
2026-09-01T11:40:06.182Z [INFO] POLL: 0 paid orders (since=2026-09-01T11:39:06.158Z)
2026-09-01T11:41:06.233Z [INFO] POLL: 0 paid orders (since=2026-09-01T11:40:06.182Z)
2026-09-01T11:42:06.251Z [INFO] POLL: 0 paid orders (since=2026-09-01T11:41:06.234Z)
2026-09-01T11:43:06.302Z [INFO] POLL: 0 paid orders (since=2026-09-01T11:42:06.252Z)
2026-09-01T11:44:06.376Z [INFO] POLL: 0 paid orders (since=2026-09-01T11:43:06.302Z)
2026-09-01T11:45:06.403Z [INFO] POLL: 0 paid orders (since=2026-09-01T11:44:06.376Z)
2026-09-01T11:46:06.445Z [INFO] POLL: 0 paid orders (since=2026-09-01T11:45:06.404Z)
2026-09-01T11:47:06.472Z [INFO] POLL: 0 paid orders (since=2026-09-01T11:46:06.446Z)
2026-09-01T11:48:06.519Z [INFO] POLL: 0 paid orders (since=2026-09-01T11:47:06.472Z)
2026-09-01T11:49:06.573Z [INFO] POLL: 0 paid orders (since=2026-09-01T11:48:06.520Z)
2026-09-01T11:50:06.582Z [INFO] POLL: 0 paid orders (since=2026-09-01T11:49:06.573Z)
2026-09-01T11:51:06.591Z [INFO] POLL: 0 paid orders (since=2026-09-01T11:50:06.586Z)
2026-09-01T11:52:06.655Z [INFO] POLL: 0 paid orders (since=2026-09-01T11:51:06.592Z)
2026-09-01T11:53:06.692Z [INFO] POLL: 0 paid orders (since=2026-09-01T11:52:06.655Z)
2026-09-01T11:54:06.783Z [INFO] POLL: 0 paid orders (since=2026-09-01T11:53:06.693Z)
2026-09-01T11:55:06.752Z [INFO] POLL: 0 paid orders (since=2026-09-01T11:54:06.784Z)
2026-09-01T11:56:06.767Z [INFO] POLL: 0 paid orders (since=2026-09-01T11:55:06.752Z)
2026-09-01T11:57:06.804Z [INFO] POLL: 0 paid orders (since=2026-09-01T11:56:06.767Z)
2026-09-01T11:58:06.859Z [INFO] POLL: 0 paid orders (since=2026-09-01T11:57:06.805Z)
2026-09-01T11:59:06.902Z [INFO] POLL: 0 paid orders (since=2026-09-01T11:58:06.859Z)
2026-09-01T12:00:06.978Z [INFO] POLL: 0 paid orders (since=2026-09-01T11:59:06.902Z)
2026-09-01T12:01:07.159Z [INFO] POLL: 0 paid orders (since=2026-09-01T12:00:06.979Z)
2026-09-01T12:02:06.999Z [INFO] POLL: 0 paid orders (since=2026-09-01T12:01:07.160Z)
2026-09-01T12:03:07.072Z [INFO] POLL: 0 paid orders (since=2026-09-01T12:02:07.000Z)
2026-09-01T12:04:07.101Z [INFO] POLL: 0 paid orders (since=2026-09-01T12:03:07.072Z)
2026-09-01T12:05:07.073Z [INFO] POLL: 0 paid orders (since=2026-09-01T12:04:07.101Z)
2026-09-01T12:06:07.118Z [INFO] POLL: 0 paid orders (since=2026-09-01T12:05:07.073Z)
2026-09-01T12:07:07.152Z [INFO] POLL: 0 paid orders (since=2026-09-01T12:06:07.118Z)
2026-09-01T12:08:07.260Z [INFO] POLL: 0 paid orders (since=2026-09-01T12:07:07.152Z)
2026-09-01T12:09:07.262Z [INFO] POLL: 0 paid orders (since=2026-09-01T12:08:07.261Z)
2026-09-01T12:10:07.274Z [INFO] POLL: 0 paid orders (since=2026-09-01T12:09:07.263Z)
2026-09-01T12:11:07.309Z [INFO] POLL: 0 paid orders (since=2026-09-01T12:10:07.274Z)
2026-09-01T12:12:07.350Z [INFO] POLL: 0 paid orders (since=2026-09-01T12:11:07.309Z)
2026-09-01T12:13:07.410Z [INFO] POLL: 0 paid orders (since=2026-09-01T12:12:07.352Z)
2026-09-01T12:14:07.454Z [INFO] POLL: 0 paid orders (since=2026-09-01T12:13:07.410Z)
2026-09-01T12:15:07.421Z [INFO] POLL: 0 paid orders (since=2026-09-01T12:14:07.454Z)
2026-09-01T12:16:07.482Z [INFO] POLL: 0 paid orders (since=2026-09-01T12:15:07.421Z)
2026-09-01T12:17:07.540Z [INFO] POLL: 0 paid orders (since=2026-09-01T12:16:07.482Z)
2026-09-01T12:18:07.608Z [INFO] POLL: 0 paid orders (since=2026-09-01T12:17:07.540Z)
2026-09-01T12:19:07.629Z [INFO] POLL: 0 paid orders (since=2026-09-01T12:18:07.608Z)
2026-09-01T12:20:07.691Z [INFO] POLL: 0 paid orders (since=2026-09-01T12:19:07.630Z)
2026-09-01T12:21:07.654Z [INFO] POLL: 0 paid orders (since=2026-09-01T12:20:07.692Z)
2026-09-01T12:22:07.692Z [INFO] POLL: 0 paid orders (since=2026-09-01T12:21:07.654Z)
2026-09-01T12:23:07.710Z [INFO] POLL: 0 paid orders (since=2026-09-01T12:22:07.692Z)
2026-09-01T12:24:07.763Z [INFO] POLL: 0 paid orders (since=2026-09-01T12:23:07.710Z)
2026-09-01T12:25:07.750Z [INFO] POLL: 0 paid orders (since=2026-09-01T12:24:07.763Z)
2026-09-01T12:26:07.797Z [INFO] POLL: 0 paid orders (since=2026-09-01T12:25:07.750Z)
2026-09-01T12:27:07.849Z [INFO] POLL: 0 paid orders (since=2026-09-01T12:26:07.797Z)
2026-09-01T12:28:07.941Z [INFO] POLL: 0 paid orders (since=2026-09-01T12:27:07.849Z)
2026-09-01T12:29:07.967Z [INFO] POLL: 0 paid orders (since=2026-09-01T12:28:07.941Z)
2026-09-01T12:30:07.989Z [INFO] POLL: 0 paid orders (since=2026-09-01T12:29:07.968Z)
2026-09-01T12:31:08.016Z [INFO] POLL: 0 paid orders (since=2026-09-01T12:30:07.989Z)
2026-09-01T12:32:08.029Z [INFO] POLL: 0 paid orders (since=2026-09-01T12:31:08.016Z)
2026-09-01T12:33:08.068Z [INFO] POLL: 0 paid orders (since=2026-09-01T12:32:08.030Z)
2026-09-01T12:34:08.131Z [INFO] POLL: 0 paid orders (since=2026-09-01T12:33:08.068Z)
2026-09-01T12:35:08.138Z [INFO] POLL: 0 paid orders (since=2026-09-01T12:34:08.131Z)
2026-09-01T12:36:08.160Z [INFO] POLL: 0 paid orders (since=2026-09-01T12:35:08.142Z)
2026-09-01T12:37:08.201Z [INFO] POLL: 0 paid orders (since=2026-09-01T12:36:08.161Z)
2026-09-01T12:38:08.284Z [INFO] POLL: 0 paid orders (since=2026-09-01T12:37:08.201Z)
2026-09-01T12:39:08.339Z [INFO] POLL: 0 paid orders (since=2026-09-01T12:38:08.284Z)
2026-09-01T12:40:08.322Z [INFO] POLL: 0 paid orders (since=2026-09-01T12:39:08.340Z)
2026-09-01T12:41:08.382Z [INFO] POLL: 0 paid orders (since=2026-09-01T12:40:08.323Z)
2026-09-01T12:42:08.426Z [INFO] POLL: 0 paid orders (since=2026-09-01T12:41:08.383Z)
2026-09-01T12:43:08.450Z [INFO] POLL: 0 paid orders (since=2026-09-01T12:42:08.427Z)
2026-09-01T12:44:08.481Z [INFO] POLL: 0 paid orders (since=2026-09-01T12:43:08.451Z)
2026-09-01T12:45:08.510Z [INFO] POLL: 0 paid orders (since=2026-09-01T12:44:08.482Z)
2026-09-01T12:46:08.556Z [INFO] POLL: 0 paid orders (since=2026-09-01T12:45:08.511Z)
2026-09-01T12:47:08.580Z [INFO] POLL: 0 paid orders (since=2026-09-01T12:46:08.556Z)
2026-09-01T12:48:08.667Z [INFO] POLL: 0 paid orders (since=2026-09-01T12:47:08.580Z)
2026-09-01T12:49:08.688Z [INFO] POLL: 0 paid orders (since=2026-09-01T12:48:08.667Z)
2026-09-01T12:50:08.691Z [INFO] POLL: 0 paid orders (since=2026-09-01T12:49:08.688Z)
2026-09-01T12:51:08.706Z [INFO] POLL: 0 paid orders (since=2026-09-01T12:50:08.693Z)
2026-09-01T12:52:08.724Z [INFO] POLL: 0 paid orders (since=2026-09-01T12:51:08.706Z)
2026-09-01T12:53:08.775Z [INFO] POLL: 0 paid orders (since=2026-09-01T12:52:08.725Z)
2026-09-01T12:54:08.843Z [INFO] POLL: 0 paid orders (since=2026-09-01T12:53:08.776Z)
2026-09-01T12:55:08.860Z [INFO] POLL: 0 paid orders (since=2026-09-01T12:54:08.843Z)
2026-09-01T12:56:08.891Z [INFO] POLL: 0 paid orders (since=2026-09-01T12:55:08.861Z)
2026-09-01T12:57:08.904Z [INFO] POLL: 0 paid orders (since=2026-09-01T12:56:08.891Z)
2026-09-01T12:58:08.980Z [INFO] POLL: 0 paid orders (since=2026-09-01T12:57:08.905Z)
2026-09-01T12:59:08.958Z [INFO] POLL: 0 paid orders (since=2026-09-01T12:58:08.980Z)
2026-09-01T13:00:08.993Z [INFO] POLL: 0 paid orders (since=2026-09-01T12:59:08.958Z)
2026-09-01T13:01:09.002Z [INFO] POLL: 0 paid orders (since=2026-09-01T13:00:08.995Z)
2026-09-01T13:02:09.053Z [INFO] POLL: 0 paid orders (since=2026-09-01T13:01:09.003Z)
2026-09-01T13:03:09.112Z [INFO] POLL: 0 paid orders (since=2026-09-01T13:02:09.053Z)
2026-09-01T13:04:09.329Z [INFO] POLL: 0 paid orders (since=2026-09-01T13:03:09.112Z)
2026-09-01T13:05:09.171Z [INFO] POLL: 0 paid orders (since=2026-09-01T13:04:09.329Z)
2026-09-01T13:06:09.214Z [INFO] POLL: 0 paid orders (since=2026-09-01T13:05:09.172Z)
2026-09-01T13:07:09.264Z [INFO] POLL: 0 paid orders (since=2026-09-01T13:06:09.214Z)
2026-09-01T13:08:09.336Z [INFO] POLL: 0 paid orders (since=2026-09-01T13:07:09.265Z)
2026-09-01T13:09:09.316Z [INFO] POLL: 0 paid orders (since=2026-09-01T13:08:09.336Z)
2026-09-01T13:10:09.342Z [INFO] POLL: 0 paid orders (since=2026-09-01T13:09:09.317Z)
2026-09-01T13:11:09.352Z [INFO] POLL: 0 paid orders (since=2026-09-01T13:10:09.342Z)
2026-09-01T13:12:09.401Z [INFO] POLL: 0 paid orders (since=2026-09-01T13:11:09.352Z)
2026-09-01T13:13:09.429Z [INFO] POLL: 0 paid orders (since=2026-09-01T13:12:09.401Z)
2026-09-01T13:14:09.496Z [INFO] POLL: 0 paid orders (since=2026-09-01T13:13:09.429Z)
2026-09-01T13:15:09.516Z [INFO] POLL: 0 paid orders (since=2026-09-01T13:14:09.496Z)
2026-09-01T13:16:09.543Z [INFO] POLL: 0 paid orders (since=2026-09-01T13:15:09.516Z)
2026-09-01T13:17:09.579Z [INFO] POLL: 0 paid orders (since=2026-09-01T13:16:09.544Z)
2026-09-01T13:18:09.693Z [INFO] POLL: 0 paid orders (since=2026-09-01T13:17:09.579Z)
2026-09-01T13:19:09.700Z [INFO] POLL: 0 paid orders (since=2026-09-01T13:18:09.693Z)
2026-09-01T13:20:09.693Z [INFO] POLL: 0 paid orders (since=2026-09-01T13:19:09.701Z)
2026-09-01T13:21:09.743Z [INFO] POLL: 0 paid orders (since=2026-09-01T13:20:09.694Z)
2026-09-01T13:22:09.882Z [INFO] POLL: 0 paid orders (since=2026-09-01T13:21:09.743Z)
2026-09-01T13:23:09.855Z [INFO] POLL: 0 paid orders (since=2026-09-01T13:22:09.882Z)
2026-09-01T13:24:09.908Z [INFO] POLL: 0 paid orders (since=2026-09-01T13:23:09.855Z)
2026-09-01T13:25:09.908Z [INFO] POLL: 0 paid orders (since=2026-09-01T13:24:09.908Z)
2026-09-01T13:26:09.979Z [INFO] POLL: 0 paid orders (since=2026-09-01T13:25:09.908Z)
2026-09-01T13:27:09.987Z [INFO] POLL: 0 paid orders (since=2026-09-01T13:26:09.979Z)
2026-09-01T13:28:10.038Z [INFO] POLL: 0 paid orders (since=2026-09-01T13:27:09.987Z)
2026-09-01T13:29:10.079Z [INFO] POLL: 0 paid orders (since=2026-09-01T13:28:10.039Z)
2026-09-01T13:30:10.099Z [INFO] POLL: 0 paid orders (since=2026-09-01T13:29:10.079Z)
2026-09-01T13:31:10.129Z [INFO] POLL: 0 paid orders (since=2026-09-01T13:30:10.099Z)
2026-09-01T13:32:10.161Z [INFO] POLL: 0 paid orders (since=2026-09-01T13:31:10.130Z)
2026-09-01T13:33:10.231Z [INFO] POLL: 0 paid orders (since=2026-09-01T13:32:10.161Z)
2026-09-01T13:34:10.255Z [INFO] POLL: 0 paid orders (since=2026-09-01T13:33:10.231Z)
2026-09-01T13:35:10.237Z [INFO] POLL: 0 paid orders (since=2026-09-01T13:34:10.256Z)
2026-09-01T13:36:10.270Z [INFO] POLL: 0 paid orders (since=2026-09-01T13:35:10.237Z)
2026-09-01T13:37:10.337Z [INFO] POLL: 0 paid orders (since=2026-09-01T13:36:10.270Z)
2026-09-01T13:38:10.401Z [INFO] POLL: 0 paid orders (since=2026-09-01T13:37:10.337Z)
2026-09-01T13:39:10.433Z [INFO] POLL: 0 paid orders (since=2026-09-01T13:38:10.401Z)
2026-09-01T13:40:10.460Z [INFO] POLL: 0 paid orders (since=2026-09-01T13:39:10.433Z)
2026-09-01T13:41:10.491Z [INFO] POLL: 0 paid orders (since=2026-09-01T13:40:10.460Z)
2026-09-01T13:42:10.536Z [INFO] POLL: 0 paid orders (since=2026-09-01T13:41:10.491Z)
2026-09-01T13:43:10.583Z [INFO] POLL: 0 paid orders (since=2026-09-01T13:42:10.537Z)
2026-09-01T13:44:10.653Z [INFO] POLL: 0 paid orders (since=2026-09-01T13:43:10.583Z)
2026-09-01T13:45:10.648Z [INFO] POLL: 0 paid orders (since=2026-09-01T13:44:10.653Z)
2026-09-01T13:46:10.740Z [INFO] POLL: 0 paid orders (since=2026-09-01T13:45:10.648Z)
2026-09-01T13:47:10.754Z [INFO] POLL: 0 paid orders (since=2026-09-01T13:46:10.740Z)
2026-09-01T13:48:10.832Z [INFO] POLL: 0 paid orders (since=2026-09-01T13:47:10.754Z)
2026-09-01T13:49:10.846Z [INFO] POLL: 0 paid orders (since=2026-09-01T13:48:10.832Z)
2026-09-01T13:50:10.852Z [INFO] POLL: 0 paid orders (since=2026-09-01T13:49:10.846Z)
2026-09-01T13:51:10.870Z [INFO] POLL: 0 paid orders (since=2026-09-01T13:50:10.852Z)
2026-09-01T13:52:10.873Z [INFO] POLL: 0 paid orders (since=2026-09-01T13:51:10.871Z)
2026-09-01T13:53:10.888Z [INFO] POLL: 0 paid orders (since=2026-09-01T13:52:10.874Z)
2026-09-01T13:54:10.922Z [INFO] POLL: 0 paid orders (since=2026-09-01T13:53:10.888Z)
2026-09-01T13:55:10.971Z [INFO] POLL: 0 paid orders (since=2026-09-01T13:54:10.923Z)
2026-09-01T13:56:10.953Z [INFO] POLL: 0 paid orders (since=2026-09-01T13:55:10.972Z)
2026-09-01T13:57:11.032Z [INFO] POLL: 0 paid orders (since=2026-09-01T13:56:10.953Z)
2026-09-01T13:58:11.092Z [INFO] POLL: 0 paid orders (since=2026-09-01T13:57:11.032Z)
2026-09-01T13:59:11.123Z [INFO] POLL: 0 paid orders (since=2026-09-01T13:58:11.092Z)
2026-09-01T14:00:11.115Z [INFO] POLL: 0 paid orders (since=2026-09-01T13:59:11.123Z)
2026-09-01T14:01:11.182Z [INFO] POLL: 0 paid orders (since=2026-09-01T14:00:11.115Z)
2026-09-01T14:02:11.194Z [INFO] POLL: 0 paid orders (since=2026-09-01T14:01:11.183Z)
2026-09-01T14:03:11.255Z [INFO] POLL: 0 paid orders (since=2026-09-01T14:02:11.194Z)
2026-09-01T14:04:11.338Z [INFO] POLL: 0 paid orders (since=2026-09-01T14:03:11.255Z)
2026-09-01T14:05:11.325Z [INFO] POLL: 0 paid orders (since=2026-09-01T14:04:11.339Z)
2026-09-01T14:06:11.375Z [INFO] POLL: 0 paid orders (since=2026-09-01T14:05:11.325Z)
2026-09-01T14:07:11.429Z [INFO] POLL: 0 paid orders (since=2026-09-01T14:06:11.375Z)
2026-09-01T14:08:11.560Z [INFO] POLL: 0 paid orders (since=2026-09-01T14:07:11.429Z)
2026-09-01T14:09:11.538Z [INFO] POLL: 0 paid orders (since=2026-09-01T14:08:11.560Z)
2026-09-01T14:10:11.570Z [INFO] POLL: 0 paid orders (since=2026-09-01T14:09:11.538Z)
2026-09-01T14:11:11.583Z [INFO] POLL: 0 paid orders (since=2026-09-01T14:10:11.570Z)
2026-09-01T14:12:11.614Z [INFO] POLL: 0 paid orders (since=2026-09-01T14:11:11.583Z)
2026-09-01T14:13:11.624Z [INFO] POLL: 0 paid orders (since=2026-09-01T14:12:11.615Z)
2026-09-01T14:14:11.694Z [INFO] POLL: 0 paid orders (since=2026-09-01T14:13:11.624Z)
2026-09-01T14:15:11.701Z [INFO] POLL: 0 paid orders (since=2026-09-01T14:14:11.694Z)
2026-09-01T14:16:11.759Z [INFO] POLL: 0 paid orders (since=2026-09-01T14:15:11.701Z)
2026-09-01T14:17:11.790Z [INFO] POLL: 0 paid orders (since=2026-09-01T14:16:11.759Z)
2026-09-01T14:18:11.865Z [INFO] POLL: 0 paid orders (since=2026-09-01T14:17:11.790Z)
2026-09-01T14:19:11.905Z [INFO] POLL: 0 paid orders (since=2026-09-01T14:18:11.865Z)
2026-09-01T14:20:11.906Z [INFO] POLL: 0 paid orders (since=2026-09-01T14:19:11.905Z)
2026-09-01T14:21:11.936Z [INFO] POLL: 0 paid orders (since=2026-09-01T14:20:11.907Z)
2026-09-01T14:22:11.942Z [INFO] POLL: 0 paid orders (since=2026-09-01T14:21:11.936Z)
2026-09-01T14:23:11.965Z [INFO] POLL: 0 paid orders (since=2026-09-01T14:22:11.942Z)
2026-09-01T14:24:12.023Z [INFO] POLL: 0 paid orders (since=2026-09-01T14:23:11.966Z)
2026-09-01T14:25:12.029Z [INFO] POLL: 0 paid orders (since=2026-09-01T14:24:12.023Z)
2026-09-01T14:26:12.082Z [INFO] POLL: 0 paid orders (since=2026-09-01T14:25:12.029Z)
2026-09-01T14:27:12.124Z [INFO] POLL: 0 paid orders (since=2026-09-01T14:26:12.082Z)
2026-09-01T14:28:12.198Z [INFO] POLL: 0 paid orders (since=2026-09-01T14:27:12.125Z)
2026-09-01T14:29:12.229Z [INFO] POLL: 0 paid orders (since=2026-09-01T14:28:12.198Z)
2026-09-01T14:30:12.246Z [INFO] POLL: 0 paid orders (since=2026-09-01T14:29:12.229Z)
2026-09-01T14:31:12.289Z [INFO] POLL: 0 paid orders (since=2026-09-01T14:30:12.247Z)
2026-09-01T14:32:12.312Z [INFO] POLL: 0 paid orders (since=2026-09-01T14:31:12.290Z)
2026-09-01T14:33:12.366Z [INFO] POLL: 0 paid orders (since=2026-09-01T14:32:12.312Z)
2026-09-01T14:34:12.415Z [INFO] POLL: 0 paid orders (since=2026-09-01T14:33:12.367Z)
2026-09-01T14:35:12.414Z [INFO] POLL: 0 paid orders (since=2026-09-01T14:34:12.415Z)
2026-09-01T14:36:12.425Z [INFO] POLL: 0 paid orders (since=2026-09-01T14:35:12.414Z)
2026-09-01T14:37:12.493Z [INFO] POLL: 0 paid orders (since=2026-09-01T14:36:12.425Z)
2026-09-01T14:38:12.575Z [INFO] POLL: 0 paid orders (since=2026-09-01T14:37:12.493Z)
2026-09-01T14:39:12.608Z [INFO] POLL: 0 paid orders (since=2026-09-01T14:38:12.575Z)
2026-09-01T14:40:12.617Z [INFO] POLL: 0 paid orders (since=2026-09-01T14:39:12.608Z)
2026-09-01T14:41:12.639Z [INFO] POLL: 0 paid orders (since=2026-09-01T14:40:12.618Z)
2026-09-01T14:42:12.704Z [INFO] POLL: 0 paid orders (since=2026-09-01T14:41:12.640Z)
2026-09-01T14:43:12.709Z [INFO] POLL: 0 paid orders (since=2026-09-01T14:42:12.704Z)
2026-09-01T14:44:12.746Z [INFO] POLL: 0 paid orders (since=2026-09-01T14:43:12.709Z)
2026-09-01T14:45:12.734Z [INFO] POLL: 0 paid orders (since=2026-09-01T14:44:12.746Z)
2026-09-01T14:46:12.747Z [INFO] POLL: 0 paid orders (since=2026-09-01T14:45:12.734Z)
2026-09-01T14:47:12.793Z [INFO] POLL: 0 paid orders (since=2026-09-01T14:46:12.747Z)
2026-09-01T14:48:12.877Z [INFO] POLL: 0 paid orders (since=2026-09-01T14:47:12.793Z)
2026-09-01T14:49:12.917Z [INFO] POLL: 0 paid orders (since=2026-09-01T14:48:12.877Z)
2026-09-01T14:50:12.909Z [INFO] POLL: 0 paid orders (since=2026-09-01T14:49:12.918Z)
2026-09-01T14:51:12.932Z [INFO] POLL: 0 paid orders (since=2026-09-01T14:50:12.909Z)
2026-09-01T14:52:12.972Z [INFO] POLL: 0 paid orders (since=2026-09-01T14:51:12.932Z)
2026-09-01T14:53:13.039Z [INFO] POLL: 0 paid orders (since=2026-09-01T14:52:12.973Z)
2026-09-01T14:54:13.113Z [INFO] POLL: 0 paid orders (since=2026-09-01T14:53:13.039Z)
2026-09-01T14:55:13.087Z [INFO] POLL: 0 paid orders (since=2026-09-01T14:54:13.113Z)
2026-09-01T14:56:13.110Z [INFO] POLL: 0 paid orders (since=2026-09-01T14:55:13.087Z)
2026-09-01T14:57:13.145Z [INFO] POLL: 0 paid orders (since=2026-09-01T14:56:13.110Z)
2026-09-01T14:58:13.200Z [INFO] POLL: 0 paid orders (since=2026-09-01T14:57:13.146Z)
2026-09-01T14:59:13.281Z [INFO] POLL: 0 paid orders (since=2026-09-01T14:58:13.200Z)
2026-09-01T15:00:13.240Z [INFO] POLL: 0 paid orders (since=2026-09-01T14:59:13.281Z)
2026-09-01T15:01:13.274Z [INFO] POLL: 0 paid orders (since=2026-09-01T15:00:13.240Z)
2026-09-01T15:02:13.310Z [INFO] POLL: 0 paid orders (since=2026-09-01T15:01:13.274Z)
2026-09-01T15:03:13.361Z [INFO] POLL: 0 paid orders (since=2026-09-01T15:02:13.310Z)
2026-09-01T15:04:13.416Z [INFO] POLL: 0 paid orders (since=2026-09-01T15:03:13.361Z)
2026-09-01T15:05:13.411Z [INFO] POLL: 0 paid orders (since=2026-09-01T15:04:13.416Z)
2026-09-01T15:06:13.438Z [INFO] POLL: 0 paid orders (since=2026-09-01T15:05:13.411Z)
2026-09-01T15:07:13.467Z [INFO] POLL: 0 paid orders (since=2026-09-01T15:06:13.438Z)
2026-09-01T15:08:13.539Z [INFO] POLL: 0 paid orders (since=2026-09-01T15:07:13.467Z)
2026-09-01T15:09:13.579Z [INFO] POLL: 0 paid orders (since=2026-09-01T15:08:13.539Z)
2026-09-01T15:10:13.646Z [INFO] POLL: 0 paid orders (since=2026-09-01T15:09:13.579Z)
2026-09-01T15:11:13.669Z [INFO] POLL: 0 paid orders (since=2026-09-01T15:10:13.646Z)
2026-09-01T15:12:13.667Z [INFO] POLL: 0 paid orders (since=2026-09-01T15:11:13.669Z)
2026-09-01T15:13:13.753Z [INFO] POLL: 0 paid orders (since=2026-09-01T15:12:13.667Z)
2026-09-01T15:14:13.798Z [INFO] POLL: 0 paid orders (since=2026-09-01T15:13:13.753Z)
2026-09-01T15:15:13.782Z [INFO] POLL: 0 paid orders (since=2026-09-01T15:14:13.798Z)
2026-09-01T15:16:13.826Z [INFO] POLL: 0 paid orders (since=2026-09-01T15:15:13.783Z)
2026-09-01T15:17:13.871Z [INFO] POLL: 0 paid orders (since=2026-09-01T15:16:13.826Z)
2026-09-01T15:18:13.951Z [INFO] POLL: 0 paid orders (since=2026-09-01T15:17:13.871Z)
2026-09-01T15:19:13.961Z [INFO] POLL: 0 paid orders (since=2026-09-01T15:18:13.951Z)
2026-09-01T15:20:13.981Z [INFO] POLL: 0 paid orders (since=2026-09-01T15:19:13.961Z)
2026-09-01T15:21:14.020Z [INFO] POLL: 0 paid orders (since=2026-09-01T15:20:13.981Z)
2026-09-01T15:22:14.079Z [INFO] POLL: 0 paid orders (since=2026-09-01T15:21:14.020Z)
2026-09-01T15:23:14.125Z [INFO] POLL: 0 paid orders (since=2026-09-01T15:22:14.080Z)
2026-09-01T15:24:14.186Z [INFO] POLL: 0 paid orders (since=2026-09-01T15:23:14.126Z)
2026-09-01T15:25:14.186Z [INFO] POLL: 0 paid orders (since=2026-09-01T15:24:14.186Z)
2026-09-01T15:26:14.219Z [INFO] POLL: 0 paid orders (since=2026-09-01T15:25:14.187Z)
2026-09-01T15:27:14.267Z [INFO] POLL: 0 paid orders (since=2026-09-01T15:26:14.219Z)
2026-09-01T15:28:14.339Z [INFO] POLL: 0 paid orders (since=2026-09-01T15:27:14.267Z)
2026-09-01T15:29:14.396Z [INFO] POLL: 0 paid orders (since=2026-09-01T15:28:14.339Z)
2026-09-01T15:30:14.386Z [INFO] POLL: 0 paid orders (since=2026-09-01T15:29:14.397Z)
2026-09-01T15:31:14.414Z [INFO] POLL: 0 paid orders (since=2026-09-01T15:30:14.386Z)
2026-09-01T15:32:14.449Z [INFO] POLL: 0 paid orders (since=2026-09-01T15:31:14.414Z)
2026-09-01T15:33:14.503Z [INFO] POLL: 0 paid orders (since=2026-09-01T15:32:14.449Z)
2026-09-01T15:34:14.566Z [INFO] POLL: 0 paid orders (since=2026-09-01T15:33:14.503Z)
2026-09-01T15:35:14.579Z [INFO] POLL: 0 paid orders (since=2026-09-01T15:34:14.567Z)
2026-09-01T15:36:14.602Z [INFO] POLL: 0 paid orders (since=2026-09-01T15:35:14.579Z)
2026-09-01T15:37:14.638Z [INFO] POLL: 0 paid orders (since=2026-09-01T15:36:14.602Z)
2026-09-01T15:38:14.738Z [INFO] POLL: 0 paid orders (since=2026-09-01T15:37:14.638Z)
2026-09-01T15:39:14.753Z [INFO] POLL: 0 paid orders (since=2026-09-01T15:38:14.738Z)
2026-09-01T15:40:14.772Z [INFO] POLL: 0 paid orders (since=2026-09-01T15:39:14.753Z)
2026-09-01T15:41:14.816Z [INFO] POLL: 0 paid orders (since=2026-09-01T15:40:14.772Z)
2026-09-01T15:42:14.851Z [INFO] POLL: 0 paid orders (since=2026-09-01T15:41:14.816Z)
2026-09-01T15:43:14.940Z [INFO] POLL: 0 paid orders (since=2026-09-01T15:42:14.851Z)
2026-09-01T15:44:14.992Z [INFO] POLL: 0 paid orders (since=2026-09-01T15:43:14.941Z)
2026-09-01T15:45:14.999Z [INFO] POLL: 0 paid orders (since=2026-09-01T15:44:14.992Z)
2026-09-01T15:46:15.001Z [INFO] POLL: 0 paid orders (since=2026-09-01T15:45:15.000Z)
2026-09-01T15:47:15.066Z [INFO] POLL: 0 paid orders (since=2026-09-01T15:46:15.002Z)
2026-09-01T15:48:15.126Z [INFO] POLL: 0 paid orders (since=2026-09-01T15:47:15.066Z)
2026-09-01T15:49:15.159Z [INFO] POLL: 0 paid orders (since=2026-09-01T15:48:15.126Z)
2026-09-01T15:50:18.354Z [INFO] POLL: 0 paid orders (since=2026-09-01T15:49:15.159Z)
2026-09-01T15:51:15.197Z [INFO] POLL: 0 paid orders (since=2026-09-01T15:50:18.354Z)
2026-09-01T15:52:15.222Z [INFO] POLL: 0 paid orders (since=2026-09-01T15:51:15.197Z)
2026-09-01T15:53:15.279Z [INFO] POLL: 0 paid orders (since=2026-09-01T15:52:15.223Z)
2026-09-01T15:54:15.321Z [INFO] POLL: 0 paid orders (since=2026-09-01T15:53:15.280Z)
2026-09-01T15:55:15.333Z [INFO] POLL: 0 paid orders (since=2026-09-01T15:54:15.321Z)
2026-09-01T15:56:15.375Z [INFO] POLL: 0 paid orders (since=2026-09-01T15:55:15.333Z)
2026-09-01T15:57:15.383Z [INFO] POLL: 0 paid orders (since=2026-09-01T15:56:15.375Z)
2026-09-01T15:58:15.517Z [INFO] POLL: 0 paid orders (since=2026-09-01T15:57:15.384Z)
2026-09-01T15:59:15.498Z [INFO] POLL: 0 paid orders (since=2026-09-01T15:58:15.517Z)
2026-09-01T16:00:15.514Z [INFO] POLL: 0 paid orders (since=2026-09-01T15:59:15.499Z)
2026-09-01T16:01:15.592Z [INFO] POLL: 0 paid orders (since=2026-09-01T16:00:15.514Z)
2026-09-01T16:02:15.609Z [INFO] POLL: 0 paid orders (since=2026-09-01T16:01:15.592Z)
2026-09-01T16:03:15.653Z [INFO] POLL: 0 paid orders (since=2026-09-01T16:02:15.609Z)
2026-09-01T16:04:15.740Z [INFO] POLL: 0 paid orders (since=2026-09-01T16:03:15.653Z)
2026-09-01T16:05:15.723Z [INFO] POLL: 0 paid orders (since=2026-09-01T16:04:15.740Z)
2026-09-01T16:06:15.752Z [INFO] POLL: 0 paid orders (since=2026-09-01T16:05:15.723Z)
2026-09-01T16:07:15.822Z [INFO] POLL: 0 paid orders (since=2026-09-01T16:06:15.753Z)
2026-09-01T16:08:15.869Z [INFO] POLL: 0 paid orders (since=2026-09-01T16:07:15.822Z)
2026-09-01T16:09:15.923Z [INFO] POLL: 0 paid orders (since=2026-09-01T16:08:15.869Z)
2026-09-01T16:10:15.901Z [INFO] POLL: 0 paid orders (since=2026-09-01T16:09:15.923Z)
2026-09-01T16:11:15.896Z [INFO] POLL: 0 paid orders (since=2026-09-01T16:10:15.902Z)
2026-09-01T16:12:15.962Z [INFO] POLL: 0 paid orders (since=2026-09-01T16:11:15.896Z)
2026-09-01T16:13:16.009Z [INFO] POLL: 0 paid orders (since=2026-09-01T16:12:15.963Z)
2026-09-01T16:14:16.054Z [INFO] POLL: 0 paid orders (since=2026-09-01T16:13:16.009Z)
2026-09-01T16:15:16.074Z [INFO] POLL: 0 paid orders (since=2026-09-01T16:14:16.055Z)
2026-09-01T16:16:16.137Z [INFO] POLL: 0 paid orders (since=2026-09-01T16:15:16.074Z)
2026-09-01T16:17:16.178Z [INFO] POLL: 0 paid orders (since=2026-09-01T16:16:16.137Z)
2026-09-01T16:18:16.231Z [INFO] POLL: 0 paid orders (since=2026-09-01T16:17:16.178Z)
2026-09-01T16:19:16.277Z [INFO] POLL: 0 paid orders (since=2026-09-01T16:18:16.232Z)
2026-09-01T16:20:16.265Z [INFO] POLL: 0 paid orders (since=2026-09-01T16:19:16.277Z)
2026-09-01T16:21:16.323Z [INFO] POLL: 0 paid orders (since=2026-09-01T16:20:16.266Z)
2026-09-01T16:22:16.348Z [INFO] POLL: 0 paid orders (since=2026-09-01T16:21:16.323Z)
2026-09-01T16:23:16.394Z [INFO] POLL: 0 paid orders (since=2026-09-01T16:22:16.348Z)
2026-09-01T16:24:16.428Z [INFO] POLL: 0 paid orders (since=2026-09-01T16:23:16.395Z)
2026-09-01T16:25:16.435Z [INFO] POLL: 0 paid orders (since=2026-09-01T16:24:16.429Z)
2026-09-01T16:26:16.466Z [INFO] POLL: 0 paid orders (since=2026-09-01T16:25:16.435Z)
2026-09-01T16:27:16.492Z [INFO] POLL: 0 paid orders (since=2026-09-01T16:26:16.466Z)
2026-09-01T16:28:16.544Z [INFO] POLL: 0 paid orders (since=2026-09-01T16:27:16.492Z)
2026-09-01T16:29:16.520Z [INFO] POLL: 0 paid orders (since=2026-09-01T16:28:16.544Z)
2026-09-01T16:30:16.531Z [INFO] POLL: 0 paid orders (since=2026-09-01T16:29:16.520Z)
2026-09-01T16:31:16.557Z [INFO] POLL: 0 paid orders (since=2026-09-01T16:30:16.531Z)
2026-09-01T16:32:16.599Z [INFO] POLL: 0 paid orders (since=2026-09-01T16:31:16.557Z)
2026-09-01T16:33:16.661Z [INFO] POLL: 0 paid orders (since=2026-09-01T16:32:16.599Z)
2026-09-01T16:34:16.717Z [INFO] POLL: 0 paid orders (since=2026-09-01T16:33:16.661Z)
2026-09-01T16:35:16.694Z [INFO] POLL: 0 paid orders (since=2026-09-01T16:34:16.717Z)
2026-09-01T16:36:20.402Z [INFO] POLL: 0 paid orders (since=2026-09-01T16:35:16.694Z)
2026-09-01T16:37:16.812Z [INFO] POLL: 0 paid orders (since=2026-09-01T16:36:20.402Z)
2026-09-01T16:38:16.879Z [INFO] POLL: 0 paid orders (since=2026-09-01T16:37:16.813Z)
2026-09-01T16:39:16.873Z [INFO] POLL: 0 paid orders (since=2026-09-01T16:38:16.879Z)
2026-09-01T16:40:16.887Z [INFO] POLL: 0 paid orders (since=2026-09-01T16:39:16.874Z)
2026-09-01T16:41:16.949Z [INFO] POLL: 0 paid orders (since=2026-09-01T16:40:16.888Z)
2026-09-01T16:42:16.977Z [INFO] POLL: 0 paid orders (since=2026-09-01T16:41:16.950Z)
2026-09-01T16:43:17.040Z [INFO] POLL: 0 paid orders (since=2026-09-01T16:42:16.978Z)
2026-09-01T16:44:17.070Z [INFO] POLL: 0 paid orders (since=2026-09-01T16:43:17.040Z)
2026-09-01T16:45:17.064Z [INFO] POLL: 0 paid orders (since=2026-09-01T16:44:17.070Z)
2026-09-01T16:46:17.075Z [INFO] POLL: 0 paid orders (since=2026-09-01T16:45:17.064Z)
2026-09-01T16:47:17.101Z [INFO] POLL: 0 paid orders (since=2026-09-01T16:46:17.075Z)
2026-09-01T16:48:17.162Z [INFO] POLL: 0 paid orders (since=2026-09-01T16:47:17.101Z)
2026-09-01T16:49:17.196Z [INFO] POLL: 0 paid orders (since=2026-09-01T16:48:17.162Z)
2026-09-01T16:50:17.186Z [INFO] POLL: 0 paid orders (since=2026-09-01T16:49:17.196Z)
2026-09-01T16:51:17.242Z [INFO] POLL: 0 paid orders (since=2026-09-01T16:50:17.186Z)
2026-09-01T16:52:17.287Z [INFO] POLL: 0 paid orders (since=2026-09-01T16:51:17.242Z)
2026-09-01T16:53:17.355Z [INFO] POLL: 0 paid orders (since=2026-09-01T16:52:17.287Z)
2026-09-01T16:54:17.373Z [INFO] POLL: 0 paid orders (since=2026-09-01T16:53:17.355Z)
2026-09-01T16:55:17.350Z [INFO] POLL: 0 paid orders (since=2026-09-01T16:54:17.374Z)
2026-09-01T16:56:17.429Z [INFO] POLL: 0 paid orders (since=2026-09-01T16:55:17.351Z)
2026-09-01T16:57:17.452Z [INFO] POLL: 0 paid orders (since=2026-09-01T16:56:17.430Z)
2026-09-01T16:58:17.505Z [INFO] POLL: 0 paid orders (since=2026-09-01T16:57:17.452Z)
2026-09-01T16:59:17.539Z [INFO] POLL: 0 paid orders (since=2026-09-01T16:58:17.506Z)
2026-09-01T17:00:17.540Z [INFO] POLL: 0 paid orders (since=2026-09-01T16:59:17.540Z)
2026-09-01T17:01:17.557Z [INFO] POLL: 0 paid orders (since=2026-09-01T17:00:17.541Z)
2026-09-01T17:02:17.612Z [INFO] POLL: 0 paid orders (since=2026-09-01T17:01:17.557Z)
2026-09-01T17:03:17.648Z [INFO] POLL: 0 paid orders (since=2026-09-01T17:02:17.613Z)
2026-09-01T17:04:17.726Z [INFO] POLL: 0 paid orders (since=2026-09-01T17:03:17.648Z)
2026-09-01T17:05:17.712Z [INFO] POLL: 0 paid orders (since=2026-09-01T17:04:17.726Z)
2026-09-01T17:06:17.721Z [INFO] POLL: 0 paid orders (since=2026-09-01T17:05:17.712Z)
2026-09-01T17:07:17.771Z [INFO] POLL: 0 paid orders (since=2026-09-01T17:06:17.721Z)
2026-09-01T17:08:17.894Z [INFO] POLL: 0 paid orders (since=2026-09-01T17:07:17.771Z)
2026-09-01T17:09:17.900Z [INFO] POLL: 0 paid orders (since=2026-09-01T17:08:17.894Z)
2026-09-01T17:10:17.894Z [INFO] POLL: 0 paid orders (since=2026-09-01T17:09:17.900Z)
2026-09-01T17:11:17.919Z [INFO] POLL: 0 paid orders (since=2026-09-01T17:10:17.894Z)
2026-09-01T17:12:17.966Z [INFO] POLL: 0 paid orders (since=2026-09-01T17:11:17.919Z)
2026-09-01T17:13:18.064Z [INFO] POLL: 0 paid orders (since=2026-09-01T17:12:17.966Z)
2026-09-01T17:14:18.071Z [INFO] POLL: 0 paid orders (since=2026-09-01T17:13:18.064Z)
2026-09-01T17:15:18.081Z [INFO] POLL: 0 paid orders (since=2026-09-01T17:14:18.071Z)
2026-09-01T17:16:18.141Z [INFO] POLL: 0 paid orders (since=2026-09-01T17:15:18.082Z)
2026-09-01T17:17:18.147Z [INFO] POLL: 0 paid orders (since=2026-09-01T17:16:18.142Z)
2026-09-01T17:18:18.234Z [INFO] POLL: 0 paid orders (since=2026-09-01T17:17:18.147Z)
2026-09-01T17:19:18.248Z [INFO] POLL: 0 paid orders (since=2026-09-01T17:18:18.234Z)
2026-09-01T17:20:18.247Z [INFO] POLL: 0 paid orders (since=2026-09-01T17:19:18.248Z)
2026-09-01T17:21:18.286Z [INFO] POLL: 0 paid orders (since=2026-09-01T17:20:18.247Z)
2026-09-01T17:22:18.299Z [INFO] POLL: 0 paid orders (since=2026-09-01T17:21:18.286Z)
2026-09-01T17:23:18.336Z [INFO] POLL: 0 paid orders (since=2026-09-01T17:22:18.300Z)
2026-09-01T17:24:19.033Z [INFO] POLL: 0 paid orders (since=2026-09-01T17:23:18.337Z)
2026-09-01T17:25:18.392Z [INFO] POLL: 0 paid orders (since=2026-09-01T17:24:19.033Z)
2026-09-01T17:26:18.434Z [INFO] POLL: 0 paid orders (since=2026-09-01T17:25:18.393Z)
2026-09-01T17:27:18.445Z [INFO] POLL: 0 paid orders (since=2026-09-01T17:26:18.435Z)
2026-09-01T17:28:18.539Z [INFO] POLL: 0 paid orders (since=2026-09-01T17:27:18.445Z)
2026-09-01T17:29:18.579Z [INFO] POLL: 0 paid orders (since=2026-09-01T17:28:18.539Z)
2026-09-01T17:30:18.555Z [INFO] POLL: 0 paid orders (since=2026-09-01T17:29:18.579Z)
2026-09-01T17:31:18.620Z [INFO] POLL: 0 paid orders (since=2026-09-01T17:30:18.555Z)
2026-09-01T17:32:18.669Z [INFO] POLL: 0 paid orders (since=2026-09-01T17:31:18.620Z)
2026-09-01T17:33:18.688Z [INFO] POLL: 0 paid orders (since=2026-09-01T17:32:18.669Z)
2026-09-01T17:34:18.748Z [INFO] POLL: 0 paid orders (since=2026-09-01T17:33:18.689Z)
2026-09-01T17:35:18.728Z [INFO] POLL: 0 paid orders (since=2026-09-01T17:34:18.748Z)
2026-09-01T17:36:18.782Z [INFO] POLL: 0 paid orders (since=2026-09-01T17:35:18.728Z)
2026-09-01T17:37:18.848Z [INFO] POLL: 0 paid orders (since=2026-09-01T17:36:18.782Z)
2026-09-01T17:38:18.899Z [INFO] POLL: 0 paid orders (since=2026-09-01T17:37:18.848Z)
2026-09-01T17:39:18.938Z [INFO] POLL: 0 paid orders (since=2026-09-01T17:38:18.899Z)
2026-09-01T17:40:18.940Z [INFO] POLL: 0 paid orders (since=2026-09-01T17:39:18.938Z)
2026-09-01T17:41:18.988Z [INFO] POLL: 0 paid orders (since=2026-09-01T17:40:18.941Z)
2026-09-01T17:42:19.027Z [INFO] POLL: 0 paid orders (since=2026-09-01T17:41:18.988Z)
2026-09-01T17:43:19.078Z [INFO] POLL: 0 paid orders (since=2026-09-01T17:42:19.028Z)
2026-09-01T17:44:19.121Z [INFO] POLL: 0 paid orders (since=2026-09-01T17:43:19.078Z)
2026-09-01T17:45:19.119Z [INFO] POLL: 0 paid orders (since=2026-09-01T17:44:19.121Z)
2026-09-01T17:46:19.163Z [INFO] POLL: 0 paid orders (since=2026-09-01T17:45:19.119Z)
2026-09-01T17:47:19.192Z [INFO] POLL: 0 paid orders (since=2026-09-01T17:46:19.163Z)
2026-09-01T17:48:19.269Z [INFO] POLL: 0 paid orders (since=2026-09-01T17:47:19.193Z)
2026-09-01T17:49:19.308Z [INFO] POLL: 0 paid orders (since=2026-09-01T17:48:19.269Z)
2026-09-01T17:50:19.308Z [INFO] POLL: 0 paid orders (since=2026-09-01T17:49:19.308Z)
2026-09-01T17:51:19.345Z [INFO] POLL: 0 paid orders (since=2026-09-01T17:50:19.308Z)
2026-09-01T17:52:19.374Z [INFO] POLL: 0 paid orders (since=2026-09-01T17:51:19.345Z)
2026-09-01T17:53:19.384Z [INFO] POLL: 0 paid orders (since=2026-09-01T17:52:19.374Z)
2026-09-01T17:54:19.456Z [INFO] POLL: 0 paid orders (since=2026-09-01T17:53:19.384Z)
2026-09-01T17:55:19.437Z [INFO] POLL: 0 paid orders (since=2026-09-01T17:54:19.456Z)
2026-09-01T17:56:19.501Z [INFO] POLL: 0 paid orders (since=2026-09-01T17:55:19.437Z)
2026-09-01T17:57:19.554Z [INFO] POLL: 0 paid orders (since=2026-09-01T17:56:19.501Z)
2026-09-01T17:58:19.613Z [INFO] POLL: 0 paid orders (since=2026-09-01T17:57:19.554Z)
2026-09-01T17:59:19.651Z [INFO] POLL: 0 paid orders (since=2026-09-01T17:58:19.614Z)
2026-09-01T18:00:19.758Z [INFO] POLL: 0 paid orders (since=2026-09-01T17:59:19.651Z)
2026-09-01T18:01:19.687Z [INFO] POLL: 0 paid orders (since=2026-09-01T18:00:19.763Z)
2026-09-01T18:02:19.763Z [INFO] POLL: 0 paid orders (since=2026-09-01T18:01:19.687Z)
2026-09-01T18:03:19.855Z [INFO] POLL: 0 paid orders (since=2026-09-01T18:02:19.764Z)
2026-09-01T18:04:19.868Z [INFO] POLL: 0 paid orders (since=2026-09-01T18:03:19.855Z)
2026-09-01T18:05:19.866Z [INFO] POLL: 0 paid orders (since=2026-09-01T18:04:19.869Z)
2026-09-01T18:06:19.902Z [INFO] POLL: 0 paid orders (since=2026-09-01T18:05:19.866Z)
2026-09-01T18:07:19.964Z [INFO] POLL: 0 paid orders (since=2026-09-01T18:06:19.902Z)
2026-09-01T18:08:20.065Z [INFO] POLL: 0 paid orders (since=2026-09-01T18:07:19.964Z)
2026-09-01T18:09:20.076Z [INFO] POLL: 0 paid orders (since=2026-09-01T18:08:20.065Z)
2026-09-01T18:10:20.084Z [INFO] POLL: 0 paid orders (since=2026-09-01T18:09:20.076Z)
2026-09-01T18:11:20.123Z [INFO] POLL: 0 paid orders (since=2026-09-01T18:10:20.084Z)
2026-09-01T18:12:20.161Z [INFO] POLL: 0 paid orders (since=2026-09-01T18:11:20.123Z)
2026-09-01T18:13:20.225Z [INFO] POLL: 0 paid orders (since=2026-09-01T18:12:20.161Z)
2026-09-01T18:14:20.257Z [INFO] POLL: 0 paid orders (since=2026-09-01T18:13:20.225Z)
2026-09-01T18:15:20.265Z [INFO] POLL: 0 paid orders (since=2026-09-01T18:14:20.257Z)
2026-09-01T18:16:20.290Z [INFO] POLL: 0 paid orders (since=2026-09-01T18:15:20.265Z)
2026-09-01T18:17:24.782Z [INFO] POLL: 0 paid orders (since=2026-09-01T18:16:20.291Z)
2026-09-01T18:18:20.406Z [INFO] POLL: 0 paid orders (since=2026-09-01T18:17:24.782Z)
2026-09-01T18:19:20.432Z [INFO] POLL: 0 paid orders (since=2026-09-01T18:18:20.406Z)
2026-09-01T18:20:20.442Z [INFO] POLL: 0 paid orders (since=2026-09-01T18:19:20.432Z)
2026-09-01T18:21:20.481Z [INFO] POLL: 0 paid orders (since=2026-09-01T18:20:20.442Z)
2026-09-01T18:22:20.514Z [INFO] POLL: 0 paid orders (since=2026-09-01T18:21:20.481Z)
2026-09-01T18:23:20.565Z [INFO] POLL: 0 paid orders (since=2026-09-01T18:22:20.515Z)
2026-09-01T18:24:20.627Z [INFO] POLL: 0 paid orders (since=2026-09-01T18:23:20.565Z)
2026-09-01T18:25:20.612Z [INFO] POLL: 0 paid orders (since=2026-09-01T18:24:20.627Z)
2026-09-01T18:26:20.641Z [INFO] POLL: 0 paid orders (since=2026-09-01T18:25:20.612Z)
2026-09-01T18:27:20.677Z [INFO] POLL: 0 paid orders (since=2026-09-01T18:26:20.641Z)
2026-09-01T18:28:20.747Z [INFO] POLL: 0 paid orders (since=2026-09-01T18:27:20.678Z)
2026-09-01T18:29:20.777Z [INFO] POLL: 0 paid orders (since=2026-09-01T18:28:20.748Z)
2026-09-01T18:30:20.783Z [INFO] POLL: 0 paid orders (since=2026-09-01T18:29:20.777Z)
2026-09-01T18:31:20.835Z [INFO] POLL: 0 paid orders (since=2026-09-01T18:30:20.783Z)
2026-09-01T18:32:20.862Z [INFO] POLL: 0 paid orders (since=2026-09-01T18:31:20.835Z)
2026-09-01T18:33:20.932Z [INFO] POLL: 0 paid orders (since=2026-09-01T18:32:20.862Z)
2026-09-01T18:34:20.949Z [INFO] POLL: 0 paid orders (since=2026-09-01T18:33:20.932Z)
2026-09-01T18:35:20.954Z [INFO] POLL: 0 paid orders (since=2026-09-01T18:34:20.950Z)
2026-09-01T18:36:20.977Z [INFO] POLL: 0 paid orders (since=2026-09-01T18:35:20.955Z)
2026-09-01T18:37:20.970Z [INFO] POLL: 0 paid orders (since=2026-09-01T18:36:20.977Z)
2026-09-01T18:38:21.079Z [INFO] POLL: 0 paid orders (since=2026-09-01T18:37:20.971Z)
2026-09-01T18:39:21.089Z [INFO] POLL: 0 paid orders (since=2026-09-01T18:38:21.080Z)
2026-09-01T18:40:21.087Z [INFO] POLL: 0 paid orders (since=2026-09-01T18:39:21.089Z)
2026-09-01T18:41:21.127Z [INFO] POLL: 0 paid orders (since=2026-09-01T18:40:21.087Z)
2026-09-01T18:42:21.166Z [INFO] POLL: 0 paid orders (since=2026-09-01T18:41:21.127Z)
2026-09-01T18:43:21.223Z [INFO] POLL: 0 paid orders (since=2026-09-01T18:42:21.166Z)
2026-09-01T18:44:21.257Z [INFO] POLL: 0 paid orders (since=2026-09-01T18:43:21.224Z)
2026-09-01T18:45:21.277Z [INFO] POLL: 0 paid orders (since=2026-09-01T18:44:21.257Z)
2026-09-01T18:46:21.312Z [INFO] POLL: 0 paid orders (since=2026-09-01T18:45:21.277Z)
2026-09-01T18:47:21.380Z [INFO] POLL: 0 paid orders (since=2026-09-01T18:46:21.312Z)
2026-09-01T18:48:21.420Z [INFO] POLL: 0 paid orders (since=2026-09-01T18:47:21.380Z)
2026-09-01T18:49:21.466Z [INFO] POLL: 0 paid orders (since=2026-09-01T18:48:21.420Z)
2026-09-01T18:50:21.463Z [INFO] POLL: 0 paid orders (since=2026-09-01T18:49:21.466Z)
2026-09-01T18:51:21.498Z [INFO] POLL: 0 paid orders (since=2026-09-01T18:50:21.463Z)
2026-09-01T18:52:21.539Z [INFO] POLL: 0 paid orders (since=2026-09-01T18:51:21.498Z)
2026-09-01T18:53:21.615Z [INFO] POLL: 0 paid orders (since=2026-09-01T18:52:21.539Z)
2026-09-01T18:54:21.614Z [INFO] POLL: 0 paid orders (since=2026-09-01T18:53:21.615Z)
2026-09-01T18:55:21.629Z [INFO] POLL: 0 paid orders (since=2026-09-01T18:54:21.614Z)
2026-09-01T18:56:21.690Z [INFO] POLL: 0 paid orders (since=2026-09-01T18:55:21.629Z)
2026-09-01T18:57:21.719Z [INFO] POLL: 0 paid orders (since=2026-09-01T18:56:21.690Z)
2026-09-01T18:58:21.808Z [INFO] POLL: 0 paid orders (since=2026-09-01T18:57:21.719Z)
2026-09-01T18:59:21.831Z [INFO] POLL: 0 paid orders (since=2026-09-01T18:58:21.808Z)
2026-09-01T19:00:21.841Z [INFO] POLL: 0 paid orders (since=2026-09-01T18:59:21.832Z)
2026-09-01T19:01:21.890Z [INFO] POLL: 0 paid orders (since=2026-09-01T19:00:21.841Z)
2026-09-01T19:02:21.927Z [INFO] POLL: 0 paid orders (since=2026-09-01T19:01:21.890Z)
2026-09-01T19:03:22.006Z [INFO] POLL: 0 paid orders (since=2026-09-01T19:02:21.927Z)
2026-09-01T19:04:22.001Z [INFO] POLL: 0 paid orders (since=2026-09-01T19:03:22.006Z)
2026-09-01T19:05:22.020Z [INFO] POLL: 0 paid orders (since=2026-09-01T19:04:22.002Z)
2026-09-01T19:06:22.069Z [INFO] POLL: 0 paid orders (since=2026-09-01T19:05:22.020Z)
2026-09-01T19:07:22.129Z [INFO] POLL: 0 paid orders (since=2026-09-01T19:06:22.069Z)
2026-09-01T19:08:22.211Z [INFO] POLL: 0 paid orders (since=2026-09-01T19:07:22.129Z)
2026-09-01T19:09:22.203Z [INFO] POLL: 0 paid orders (since=2026-09-01T19:08:22.211Z)
2026-09-01T19:10:22.215Z [INFO] POLL: 0 paid orders (since=2026-09-01T19:09:22.204Z)
2026-09-01T19:11:22.221Z [INFO] POLL: 0 paid orders (since=2026-09-01T19:10:22.215Z)
2026-09-01T19:12:22.253Z [INFO] POLL: 0 paid orders (since=2026-09-01T19:11:22.221Z)
2026-09-01T19:13:22.321Z [INFO] POLL: 0 paid orders (since=2026-09-01T19:12:22.253Z)
2026-09-01T19:14:22.350Z [INFO] POLL: 0 paid orders (since=2026-09-01T19:13:22.321Z)
2026-09-01T19:15:22.359Z [INFO] POLL: 0 paid orders (since=2026-09-01T19:14:22.351Z)
2026-09-01T19:16:22.418Z [INFO] POLL: 0 paid orders (since=2026-09-01T19:15:22.359Z)
2026-09-01T19:17:22.496Z [INFO] POLL: 0 paid orders (since=2026-09-01T19:16:22.418Z)
2026-09-01T19:18:22.530Z [INFO] POLL: 0 paid orders (since=2026-09-01T19:17:22.496Z)
2026-09-01T19:19:22.559Z [INFO] POLL: 0 paid orders (since=2026-09-01T19:18:22.531Z)
2026-09-01T19:20:22.559Z [INFO] POLL: 0 paid orders (since=2026-09-01T19:19:22.560Z)
2026-09-01T19:21:22.594Z [INFO] POLL: 0 paid orders (since=2026-09-01T19:20:22.559Z)
2026-09-01T19:22:22.669Z [INFO] POLL: 0 paid orders (since=2026-09-01T19:21:22.594Z)
2026-09-01T19:23:22.678Z [INFO] POLL: 0 paid orders (since=2026-09-01T19:22:22.669Z)
2026-09-01T19:24:22.748Z [INFO] POLL: 0 paid orders (since=2026-09-01T19:23:22.678Z)
2026-09-01T19:25:22.701Z [INFO] POLL: 0 paid orders (since=2026-09-01T19:24:22.748Z)
2026-09-01T19:26:22.763Z [INFO] POLL: 0 paid orders (since=2026-09-01T19:25:22.701Z)
2026-09-01T19:27:22.830Z [INFO] POLL: 0 paid orders (since=2026-09-01T19:26:22.764Z)
2026-09-01T19:28:22.878Z [INFO] POLL: 0 paid orders (since=2026-09-01T19:27:22.830Z)
2026-09-01T19:29:22.881Z [INFO] POLL: 0 paid orders (since=2026-09-01T19:28:22.878Z)
2026-09-01T19:30:22.911Z [INFO] POLL: 0 paid orders (since=2026-09-01T19:29:22.881Z)
2026-09-01T19:31:22.959Z [INFO] POLL: 0 paid orders (since=2026-09-01T19:30:22.911Z)
2026-09-01T19:32:23.008Z [INFO] POLL: 0 paid orders (since=2026-09-01T19:31:22.960Z)
2026-09-01T19:33:23.054Z [INFO] POLL: 0 paid orders (since=2026-09-01T19:32:23.008Z)
2026-09-01T19:34:23.127Z [INFO] POLL: 0 paid orders (since=2026-09-01T19:33:23.054Z)
2026-09-01T19:35:23.115Z [INFO] POLL: 0 paid orders (since=2026-09-01T19:34:23.127Z)
2026-09-01T19:36:23.166Z [INFO] POLL: 0 paid orders (since=2026-09-01T19:35:23.115Z)
2026-09-01T19:37:23.197Z [INFO] POLL: 0 paid orders (since=2026-09-01T19:36:23.166Z)
2026-09-01T19:38:23.301Z [INFO] POLL: 0 paid orders (since=2026-09-01T19:37:23.198Z)
2026-09-01T19:39:23.292Z [INFO] POLL: 0 paid orders (since=2026-09-01T19:38:23.302Z)
2026-09-01T19:40:23.309Z [INFO] POLL: 0 paid orders (since=2026-09-01T19:39:23.292Z)
2026-09-01T19:41:23.324Z [INFO] POLL: 0 paid orders (since=2026-09-01T19:40:23.310Z)
2026-09-01T19:42:23.345Z [INFO] POLL: 0 paid orders (since=2026-09-01T19:41:23.324Z)
2026-09-01T19:43:23.407Z [INFO] POLL: 0 paid orders (since=2026-09-01T19:42:23.345Z)
2026-09-01T19:44:23.443Z [INFO] POLL: 0 paid orders (since=2026-09-01T19:43:23.407Z)
2026-09-01T19:45:23.448Z [INFO] POLL: 0 paid orders (since=2026-09-01T19:44:23.443Z)
2026-09-01T19:46:23.527Z [INFO] POLL: 0 paid orders (since=2026-09-01T19:45:23.448Z)
2026-09-01T19:47:23.554Z [INFO] POLL: 0 paid orders (since=2026-09-01T19:46:23.528Z)
2026-09-01T19:48:23.626Z [INFO] POLL: 0 paid orders (since=2026-09-01T19:47:23.554Z)
2026-09-01T19:49:23.674Z [INFO] POLL: 0 paid orders (since=2026-09-01T19:48:23.626Z)
2026-09-01T19:50:23.696Z [INFO] POLL: 0 paid orders (since=2026-09-01T19:49:23.674Z)
2026-09-01T19:51:23.717Z [INFO] POLL: 0 paid orders (since=2026-09-01T19:50:23.696Z)
2026-09-01T19:52:23.777Z [INFO] POLL: 0 paid orders (since=2026-09-01T19:51:23.717Z)
2026-09-01T19:53:23.785Z [INFO] POLL: 0 paid orders (since=2026-09-01T19:52:23.778Z)
2026-09-01T19:54:23.862Z [INFO] POLL: 0 paid orders (since=2026-09-01T19:53:23.785Z)
2026-09-01T19:55:23.866Z [INFO] POLL: 0 paid orders (since=2026-09-01T19:54:23.862Z)
2026-09-01T19:56:23.899Z [INFO] POLL: 0 paid orders (since=2026-09-01T19:55:23.866Z)
2026-09-01T19:57:23.948Z [INFO] POLL: 0 paid orders (since=2026-09-01T19:56:23.899Z)
2026-09-01T19:58:24.025Z [INFO] POLL: 0 paid orders (since=2026-09-01T19:57:23.948Z)
2026-09-01T19:59:24.085Z [INFO] POLL: 0 paid orders (since=2026-09-01T19:58:24.026Z)
2026-09-01T20:00:24.054Z [INFO] POLL: 0 paid orders (since=2026-09-01T19:59:24.086Z)
2026-09-01T20:01:24.132Z [INFO] POLL: 0 paid orders (since=2026-09-01T20:00:24.054Z)
2026-09-01T20:02:24.155Z [INFO] POLL: 0 paid orders (since=2026-09-01T20:01:24.132Z)
2026-09-01T20:03:24.199Z [INFO] POLL: 0 paid orders (since=2026-09-01T20:02:24.155Z)
2026-09-01T20:04:24.264Z [INFO] POLL: 0 paid orders (since=2026-09-01T20:03:24.199Z)
2026-09-01T20:05:24.262Z [INFO] POLL: 0 paid orders (since=2026-09-01T20:04:24.265Z)
2026-09-01T20:06:24.296Z [INFO] POLL: 0 paid orders (since=2026-09-01T20:05:24.262Z)
2026-09-01T20:07:24.336Z [INFO] POLL: 0 paid orders (since=2026-09-01T20:06:24.296Z)
2026-09-01T20:08:28.539Z [INFO] POLL: 0 paid orders (since=2026-09-01T20:07:24.337Z)
2026-09-01T20:09:24.430Z [INFO] POLL: 0 paid orders (since=2026-09-01T20:08:28.539Z)
2026-09-01T20:10:24.446Z [INFO] POLL: 0 paid orders (since=2026-09-01T20:09:24.430Z)
2026-09-01T20:11:24.462Z [INFO] POLL: 0 paid orders (since=2026-09-01T20:10:24.447Z)
2026-09-01T20:12:24.520Z [INFO] POLL: 0 paid orders (since=2026-09-01T20:11:24.462Z)
2026-09-01T20:13:24.547Z [INFO] POLL: 0 paid orders (since=2026-09-01T20:12:24.520Z)
2026-09-01T20:14:24.631Z [INFO] POLL: 0 paid orders (since=2026-09-01T20:13:24.547Z)
2026-09-01T20:15:24.642Z [INFO] POLL: 0 paid orders (since=2026-09-01T20:14:24.631Z)
2026-09-01T20:16:24.656Z [INFO] POLL: 0 paid orders (since=2026-09-01T20:15:24.642Z)
2026-09-01T20:17:24.688Z [INFO] POLL: 0 paid orders (since=2026-09-01T20:16:24.656Z)
2026-09-01T20:18:24.753Z [INFO] POLL: 0 paid orders (since=2026-09-01T20:17:24.688Z)
2026-09-01T20:19:24.804Z [INFO] POLL: 0 paid orders (since=2026-09-01T20:18:24.754Z)
2026-09-01T20:20:24.787Z [INFO] POLL: 0 paid orders (since=2026-09-01T20:19:24.805Z)
2026-09-01T20:21:24.857Z [INFO] POLL: 0 paid orders (since=2026-09-01T20:20:24.787Z)
2026-09-01T20:22:24.880Z [INFO] POLL: 0 paid orders (since=2026-09-01T20:21:24.857Z)
2026-09-01T20:23:24.938Z [INFO] POLL: 0 paid orders (since=2026-09-01T20:22:24.880Z)
2026-09-01T20:24:24.991Z [INFO] POLL: 0 paid orders (since=2026-09-01T20:23:24.938Z)
2026-09-01T20:25:24.993Z [INFO] POLL: 0 paid orders (since=2026-09-01T20:24:24.991Z)
2026-09-01T20:26:25.020Z [INFO] POLL: 0 paid orders (since=2026-09-01T20:25:24.993Z)
2026-09-01T20:27:25.048Z [INFO] POLL: 0 paid orders (since=2026-09-01T20:26:25.020Z)
2026-09-01T20:28:25.111Z [INFO] POLL: 0 paid orders (since=2026-09-01T20:27:25.048Z)
2026-09-01T20:29:25.176Z [INFO] POLL: 0 paid orders (since=2026-09-01T20:28:25.111Z)
2026-09-01T20:30:25.154Z [INFO] POLL: 0 paid orders (since=2026-09-01T20:29:25.176Z)
2026-09-01T20:31:25.160Z [INFO] POLL: 0 paid orders (since=2026-09-01T20:30:25.155Z)
2026-09-01T20:32:25.191Z [INFO] POLL: 0 paid orders (since=2026-09-01T20:31:25.161Z)
2026-09-01T20:33:25.252Z [INFO] POLL: 0 paid orders (since=2026-09-01T20:32:25.191Z)
2026-09-01T20:34:25.297Z [INFO] POLL: 0 paid orders (since=2026-09-01T20:33:25.252Z)
2026-09-01T20:35:25.302Z [INFO] POLL: 0 paid orders (since=2026-09-01T20:34:25.297Z)
2026-09-01T20:36:25.364Z [INFO] POLL: 0 paid orders (since=2026-09-01T20:35:25.302Z)
2026-09-01T20:37:25.368Z [INFO] POLL: 0 paid orders (since=2026-09-01T20:36:25.364Z)
2026-09-01T20:38:25.404Z [INFO] POLL: 0 paid orders (since=2026-09-01T20:37:25.368Z)
2026-09-01T20:39:25.484Z [INFO] POLL: 0 paid orders (since=2026-09-01T20:38:25.404Z)
2026-09-01T20:40:25.459Z [INFO] POLL: 0 paid orders (since=2026-09-01T20:39:25.484Z)
2026-09-01T20:41:25.500Z [INFO] POLL: 0 paid orders (since=2026-09-01T20:40:25.459Z)
2026-09-01T20:42:25.511Z [INFO] POLL: 0 paid orders (since=2026-09-01T20:41:25.501Z)
2026-09-01T20:43:25.515Z [INFO] POLL: 0 paid orders (since=2026-09-01T20:42:25.511Z)
2026-09-01T20:44:25.565Z [INFO] POLL: 0 paid orders (since=2026-09-01T20:43:25.515Z)
2026-09-01T20:45:25.557Z [INFO] POLL: 0 paid orders (since=2026-09-01T20:44:25.565Z)
2026-09-01T20:46:25.605Z [INFO] POLL: 0 paid orders (since=2026-09-01T20:45:25.557Z)
2026-09-01T20:47:25.581Z [INFO] POLL: 0 paid orders (since=2026-09-01T20:46:25.605Z)
2026-09-01T20:48:25.691Z [INFO] POLL: 0 paid orders (since=2026-09-01T20:47:25.581Z)
2026-09-01T20:49:25.722Z [INFO] POLL: 0 paid orders (since=2026-09-01T20:48:25.691Z)
2026-09-01T20:50:25.681Z [INFO] POLL: 0 paid orders (since=2026-09-01T20:49:25.722Z)
2026-09-01T20:51:25.749Z [INFO] POLL: 0 paid orders (since=2026-09-01T20:50:25.681Z)
2026-09-01T20:52:25.787Z [INFO] POLL: 0 paid orders (since=2026-09-01T20:51:25.750Z)
2026-09-01T20:53:25.799Z [INFO] POLL: 0 paid orders (since=2026-09-01T20:52:25.787Z)
2026-09-01T20:54:25.871Z [INFO] POLL: 0 paid orders (since=2026-09-01T20:53:25.800Z)
2026-09-01T20:55:25.877Z [INFO] POLL: 0 paid orders (since=2026-09-01T20:54:25.872Z)
2026-09-01T20:56:25.904Z [INFO] POLL: 0 paid orders (since=2026-09-01T20:55:25.877Z)
2026-09-01T20:57:25.956Z [INFO] POLL: 0 paid orders (since=2026-09-01T20:56:25.904Z)
2026-09-01T20:58:26.017Z [INFO] POLL: 0 paid orders (since=2026-09-01T20:57:25.956Z)
2026-09-01T20:59:26.100Z [INFO] POLL: 0 paid orders (since=2026-09-01T20:58:26.017Z)
2026-09-01T21:00:26.075Z [INFO] POLL: 0 paid orders (since=2026-09-01T20:59:26.100Z)
2026-09-01T21:01:26.144Z [INFO] POLL: 0 paid orders (since=2026-09-01T21:00:26.075Z)
2026-09-01T21:02:26.154Z [INFO] POLL: 0 paid orders (since=2026-09-01T21:01:26.145Z)
2026-09-01T21:03:26.237Z [INFO] POLL: 0 paid orders (since=2026-09-01T21:02:26.154Z)
2026-09-01T21:04:26.305Z [INFO] POLL: 0 paid orders (since=2026-09-01T21:03:26.237Z)
2026-09-01T21:05:26.276Z [INFO] POLL: 0 paid orders (since=2026-09-01T21:04:26.305Z)
2026-09-01T21:06:26.315Z [INFO] POLL: 0 paid orders (since=2026-09-01T21:05:26.276Z)
2026-09-01T21:07:26.388Z [INFO] POLL: 0 paid orders (since=2026-09-01T21:06:26.315Z)
2026-09-01T21:08:26.439Z [INFO] POLL: 0 paid orders (since=2026-09-01T21:07:26.388Z)
2026-09-01T21:09:26.500Z [INFO] POLL: 0 paid orders (since=2026-09-01T21:08:26.439Z)
2026-09-01T21:10:26.494Z [INFO] POLL: 0 paid orders (since=2026-09-01T21:09:26.500Z)
2026-09-01T21:11:26.545Z [INFO] POLL: 0 paid orders (since=2026-09-01T21:10:26.495Z)
2026-09-01T21:12:26.568Z [INFO] POLL: 0 paid orders (since=2026-09-01T21:11:26.545Z)
2026-09-01T21:13:26.587Z [INFO] POLL: 0 paid orders (since=2026-09-01T21:12:26.568Z)
2026-09-01T21:14:26.617Z [INFO] POLL: 0 paid orders (since=2026-09-01T21:13:26.587Z)
2026-09-01T21:15:26.619Z [INFO] POLL: 0 paid orders (since=2026-09-01T21:14:26.617Z)
2026-09-01T21:16:26.673Z [INFO] POLL: 0 paid orders (since=2026-09-01T21:15:26.620Z)
2026-09-01T21:17:26.737Z [INFO] POLL: 0 paid orders (since=2026-09-01T21:16:26.673Z)
2026-09-01T21:18:26.776Z [INFO] POLL: 0 paid orders (since=2026-09-01T21:17:26.737Z)
2026-09-01T21:19:26.819Z [INFO] POLL: 0 paid orders (since=2026-09-01T21:18:26.776Z)
2026-09-01T21:20:26.818Z [INFO] POLL: 0 paid orders (since=2026-09-01T21:19:26.819Z)
2026-09-01T21:21:26.825Z [INFO] POLL: 0 paid orders (since=2026-09-01T21:20:26.818Z)
2026-09-01T21:22:26.883Z [INFO] POLL: 0 paid orders (since=2026-09-01T21:21:26.825Z)
2026-09-01T21:23:26.938Z [INFO] POLL: 0 paid orders (since=2026-09-01T21:22:26.884Z)
2026-09-01T21:24:27.004Z [INFO] POLL: 0 paid orders (since=2026-09-01T21:23:26.939Z)
2026-09-01T21:25:26.983Z [INFO] POLL: 0 paid orders (since=2026-09-01T21:24:27.004Z)
2026-09-01T21:26:27.027Z [INFO] POLL: 0 paid orders (since=2026-09-01T21:25:26.983Z)
2026-09-01T21:27:27.060Z [INFO] POLL: 0 paid orders (since=2026-09-01T21:26:27.027Z)
2026-09-01T21:28:27.109Z [INFO] POLL: 0 paid orders (since=2026-09-01T21:27:27.060Z)
2026-09-01T21:29:27.196Z [INFO] POLL: 0 paid orders (since=2026-09-01T21:28:27.109Z)
2026-09-01T21:30:27.167Z [INFO] POLL: 0 paid orders (since=2026-09-01T21:29:27.197Z)
2026-09-01T21:31:27.211Z [INFO] POLL: 0 paid orders (since=2026-09-01T21:30:27.168Z)
2026-09-01T21:32:27.216Z [INFO] POLL: 0 paid orders (since=2026-09-01T21:31:27.211Z)
2026-09-01T21:33:27.281Z [INFO] POLL: 0 paid orders (since=2026-09-01T21:32:27.217Z)
2026-09-01T21:34:27.341Z [INFO] POLL: 0 paid orders (since=2026-09-01T21:33:27.281Z)
2026-09-01T21:35:27.329Z [INFO] POLL: 0 paid orders (since=2026-09-01T21:34:27.341Z)
2026-09-01T21:36:27.373Z [INFO] POLL: 0 paid orders (since=2026-09-01T21:35:27.330Z)
2026-09-01T21:37:27.393Z [INFO] POLL: 0 paid orders (since=2026-09-01T21:36:27.373Z)
2026-09-01T21:38:27.477Z [INFO] POLL: 0 paid orders (since=2026-09-01T21:37:27.393Z)
2026-09-01T21:39:27.526Z [INFO] POLL: 0 paid orders (since=2026-09-01T21:38:27.477Z)
2026-09-01T21:40:27.515Z [INFO] POLL: 0 paid orders (since=2026-09-01T21:39:27.526Z)
2026-09-01T21:41:27.571Z [INFO] POLL: 0 paid orders (since=2026-09-01T21:40:27.515Z)
2026-09-01T21:42:27.616Z [INFO] POLL: 0 paid orders (since=2026-09-01T21:41:27.571Z)
2026-09-01T21:43:27.677Z [INFO] POLL: 0 paid orders (since=2026-09-01T21:42:27.616Z)
2026-09-01T21:44:27.747Z [INFO] POLL: 0 paid orders (since=2026-09-01T21:43:27.678Z)
2026-09-01T21:45:27.724Z [INFO] POLL: 0 paid orders (since=2026-09-01T21:44:27.747Z)
2026-09-01T21:46:27.776Z [INFO] POLL: 0 paid orders (since=2026-09-01T21:45:27.725Z)
2026-09-01T21:47:27.831Z [INFO] POLL: 0 paid orders (since=2026-09-01T21:46:27.776Z)
2026-09-01T21:48:27.879Z [INFO] POLL: 0 paid orders (since=2026-09-01T21:47:27.831Z)
2026-09-01T21:49:27.960Z [INFO] POLL: 0 paid orders (since=2026-09-01T21:48:27.879Z)
2026-09-01T21:50:27.948Z [INFO] POLL: 0 paid orders (since=2026-09-01T21:49:27.960Z)
2026-09-01T21:51:28.012Z [INFO] POLL: 0 paid orders (since=2026-09-01T21:50:27.948Z)
2026-09-01T21:52:28.058Z [INFO] POLL: 0 paid orders (since=2026-09-01T21:51:28.012Z)
2026-09-01T21:53:28.091Z [INFO] POLL: 0 paid orders (since=2026-09-01T21:52:28.058Z)
2026-09-01T21:54:28.155Z [INFO] POLL: 0 paid orders (since=2026-09-01T21:53:28.092Z)
2026-09-01T21:55:28.167Z [INFO] POLL: 0 paid orders (since=2026-09-01T21:54:28.155Z)
2026-09-01T21:56:28.174Z [INFO] POLL: 0 paid orders (since=2026-09-01T21:55:28.168Z)
2026-09-01T21:57:28.224Z [INFO] POLL: 0 paid orders (since=2026-09-01T21:56:28.175Z)
2026-09-01T21:58:28.261Z [INFO] POLL: 0 paid orders (since=2026-09-01T21:57:28.224Z)
2026-09-01T21:59:28.310Z [INFO] POLL: 0 paid orders (since=2026-09-01T21:58:28.261Z)
2026-09-01T22:00:28.324Z [INFO] POLL: 0 paid orders (since=2026-09-01T21:59:28.310Z)
2026-09-01T22:01:28.344Z [INFO] POLL: 0 paid orders (since=2026-09-01T22:00:28.324Z)
2026-09-01T22:02:28.407Z [INFO] POLL: 0 paid orders (since=2026-09-01T22:01:28.344Z)
2026-09-01T22:03:28.452Z [INFO] POLL: 0 paid orders (since=2026-09-01T22:02:28.407Z)
2026-09-01T22:04:28.500Z [INFO] POLL: 0 paid orders (since=2026-09-01T22:03:28.452Z)
2026-09-01T22:05:28.481Z [INFO] POLL: 0 paid orders (since=2026-09-01T22:04:28.500Z)
2026-09-01T22:06:28.524Z [INFO] POLL: 0 paid orders (since=2026-09-01T22:05:28.481Z)
2026-09-01T22:07:28.556Z [INFO] POLL: 0 paid orders (since=2026-09-01T22:06:28.525Z)
2026-09-01T22:08:28.612Z [INFO] POLL: 0 paid orders (since=2026-09-01T22:07:28.556Z)
2026-09-01T22:09:28.671Z [INFO] POLL: 0 paid orders (since=2026-09-01T22:08:28.612Z)
2026-09-01T22:10:28.655Z [INFO] POLL: 0 paid orders (since=2026-09-01T22:09:28.672Z)
2026-09-01T22:11:28.719Z [INFO] POLL: 0 paid orders (since=2026-09-01T22:10:28.656Z)
2026-09-01T22:12:28.765Z [INFO] POLL: 0 paid orders (since=2026-09-01T22:11:28.719Z)
2026-09-01T22:13:28.817Z [INFO] POLL: 0 paid orders (since=2026-09-01T22:12:28.765Z)
2026-09-01T22:14:28.852Z [INFO] POLL: 0 paid orders (since=2026-09-01T22:13:28.817Z)
2026-09-01T22:15:28.872Z [INFO] POLL: 0 paid orders (since=2026-09-01T22:14:28.852Z)
2026-09-01T22:16:28.901Z [INFO] POLL: 0 paid orders (since=2026-09-01T22:15:28.872Z)
2026-09-01T22:17:28.948Z [INFO] POLL: 0 paid orders (since=2026-09-01T22:16:28.901Z)
2026-09-01T22:18:29.006Z [INFO] POLL: 0 paid orders (since=2026-09-01T22:17:28.948Z)
2026-09-01T22:19:29.048Z [INFO] POLL: 0 paid orders (since=2026-09-01T22:18:29.007Z)
2026-09-01T22:20:29.031Z [INFO] POLL: 0 paid orders (since=2026-09-01T22:19:29.048Z)
2026-09-01T22:21:29.090Z [INFO] POLL: 0 paid orders (since=2026-09-01T22:20:29.032Z)
2026-09-01T22:22:29.126Z [INFO] POLL: 0 paid orders (since=2026-09-01T22:21:29.090Z)
2026-09-01T22:23:29.172Z [INFO] POLL: 0 paid orders (since=2026-09-01T22:22:29.126Z)
2026-09-01T22:24:29.227Z [INFO] POLL: 0 paid orders (since=2026-09-01T22:23:29.172Z)
2026-09-01T22:25:29.228Z [INFO] POLL: 0 paid orders (since=2026-09-01T22:24:29.227Z)
2026-09-01T22:26:29.288Z [INFO] POLL: 0 paid orders (since=2026-09-01T22:25:29.228Z)
2026-09-01T22:27:29.340Z [INFO] POLL: 0 paid orders (since=2026-09-01T22:26:29.288Z)
2026-09-01T22:28:29.401Z [INFO] POLL: 0 paid orders (since=2026-09-01T22:27:29.340Z)
2026-09-01T22:29:29.467Z [INFO] POLL: 0 paid orders (since=2026-09-01T22:28:29.401Z)
2026-09-01T22:30:29.456Z [INFO] POLL: 0 paid orders (since=2026-09-01T22:29:29.467Z)
2026-09-01T22:31:29.506Z [INFO] POLL: 0 paid orders (since=2026-09-01T22:30:29.456Z)
2026-09-01T22:32:29.539Z [INFO] POLL: 0 paid orders (since=2026-09-01T22:31:29.506Z)
2026-09-01T22:33:29.639Z [INFO] POLL: 0 paid orders (since=2026-09-01T22:32:29.540Z)
2026-09-01T22:34:29.648Z [INFO] POLL: 0 paid orders (since=2026-09-01T22:33:29.639Z)
2026-09-01T22:35:29.644Z [INFO] POLL: 0 paid orders (since=2026-09-01T22:34:29.648Z)
2026-09-01T22:36:29.678Z [INFO] POLL: 0 paid orders (since=2026-09-01T22:35:29.644Z)
2026-09-01T22:37:29.733Z [INFO] POLL: 0 paid orders (since=2026-09-01T22:36:29.678Z)
2026-09-01T22:38:29.773Z [INFO] POLL: 0 paid orders (since=2026-09-01T22:37:29.734Z)
2026-09-01T22:39:29.847Z [INFO] POLL: 0 paid orders (since=2026-09-01T22:38:29.773Z)
2026-09-01T22:40:29.856Z [INFO] POLL: 0 paid orders (since=2026-09-01T22:39:29.847Z)
2026-09-01T22:41:29.888Z [INFO] POLL: 0 paid orders (since=2026-09-01T22:40:29.856Z)
2026-09-01T22:42:29.935Z [INFO] POLL: 0 paid orders (since=2026-09-01T22:41:29.888Z)
2026-09-01T22:43:29.993Z [INFO] POLL: 0 paid orders (since=2026-09-01T22:42:29.935Z)
2026-09-01T22:44:30.060Z [INFO] POLL: 0 paid orders (since=2026-09-01T22:43:29.994Z)
2026-09-01T22:45:30.052Z [INFO] POLL: 0 paid orders (since=2026-09-01T22:44:30.060Z)
2026-09-01T22:46:30.107Z [INFO] POLL: 0 paid orders (since=2026-09-01T22:45:30.053Z)
2026-09-01T22:47:30.147Z [INFO] POLL: 0 paid orders (since=2026-09-01T22:46:30.108Z)
2026-09-01T22:48:30.199Z [INFO] POLL: 0 paid orders (since=2026-09-01T22:47:30.147Z)
2026-09-01T22:49:30.286Z [INFO] POLL: 0 paid orders (since=2026-09-01T22:48:30.200Z)
2026-09-01T22:50:30.271Z [INFO] POLL: 0 paid orders (since=2026-09-01T22:49:30.286Z)
2026-09-01T22:51:30.322Z [INFO] POLL: 0 paid orders (since=2026-09-01T22:50:30.271Z)
2026-09-01T22:52:30.368Z [INFO] POLL: 0 paid orders (since=2026-09-01T22:51:30.323Z)
2026-09-01T22:53:30.420Z [INFO] POLL: 0 paid orders (since=2026-09-01T22:52:30.368Z)
2026-09-01T22:54:30.457Z [INFO] POLL: 0 paid orders (since=2026-09-01T22:53:30.420Z)
2026-09-01T22:55:30.456Z [INFO] POLL: 0 paid orders (since=2026-09-01T22:54:30.457Z)
2026-09-01T22:56:30.481Z [INFO] POLL: 0 paid orders (since=2026-09-01T22:55:30.456Z)
2026-09-01T22:57:30.512Z [INFO] POLL: 0 paid orders (since=2026-09-01T22:56:30.481Z)
2026-09-01T22:58:30.530Z [INFO] POLL: 0 paid orders (since=2026-09-01T22:57:30.513Z)
2026-09-01T22:59:30.586Z [INFO] POLL: 0 paid orders (since=2026-09-01T22:58:30.530Z)
2026-09-01T23:00:30.560Z [INFO] POLL: 0 paid orders (since=2026-09-01T22:59:30.586Z)
2026-09-01T23:01:30.633Z [INFO] POLL: 0 paid orders (since=2026-09-01T23:00:30.561Z)
2026-09-01T23:02:30.681Z [INFO] POLL: 0 paid orders (since=2026-09-01T23:01:30.634Z)
2026-09-01T23:03:30.718Z [INFO] POLL: 0 paid orders (since=2026-09-01T23:02:30.681Z)
2026-09-01T23:04:30.746Z [INFO] POLL: 0 paid orders (since=2026-09-01T23:03:30.718Z)
2026-09-01T23:05:30.761Z [INFO] POLL: 0 paid orders (since=2026-09-01T23:04:30.746Z)
2026-09-01T23:06:30.763Z [INFO] POLL: 0 paid orders (since=2026-09-01T23:05:30.761Z)
2026-09-01T23:07:30.809Z [INFO] POLL: 0 paid orders (since=2026-09-01T23:06:30.764Z)
2026-09-01T23:08:30.869Z [INFO] POLL: 0 paid orders (since=2026-09-01T23:07:30.809Z)
2026-09-01T23:09:30.918Z [INFO] POLL: 0 paid orders (since=2026-09-01T23:08:30.869Z)
2026-09-01T23:10:30.910Z [INFO] POLL: 0 paid orders (since=2026-09-01T23:09:30.918Z)
2026-09-01T23:11:30.923Z [INFO] POLL: 0 paid orders (since=2026-09-01T23:10:30.910Z)
2026-09-01T23:12:30.979Z [INFO] POLL: 0 paid orders (since=2026-09-01T23:11:30.923Z)
2026-09-01T23:13:31.034Z [INFO] POLL: 0 paid orders (since=2026-09-01T23:12:30.979Z)
2026-09-01T23:14:31.104Z [INFO] POLL: 0 paid orders (since=2026-09-01T23:13:31.034Z)
2026-09-01T23:15:31.082Z [INFO] POLL: 0 paid orders (since=2026-09-01T23:14:31.105Z)
2026-09-01T23:16:31.100Z [INFO] POLL: 0 paid orders (since=2026-09-01T23:15:31.082Z)
2026-09-01T23:17:31.170Z [INFO] POLL: 0 paid orders (since=2026-09-01T23:16:31.100Z)
2026-09-01T23:18:31.214Z [INFO] POLL: 0 paid orders (since=2026-09-01T23:17:31.170Z)
2026-09-01T23:19:31.243Z [INFO] POLL: 0 paid orders (since=2026-09-01T23:18:31.214Z)
2026-09-01T23:20:31.221Z [INFO] POLL: 0 paid orders (since=2026-09-01T23:19:31.244Z)
2026-09-01T23:21:31.255Z [INFO] POLL: 0 paid orders (since=2026-09-01T23:20:31.221Z)
2026-09-01T23:22:31.320Z [INFO] POLL: 0 paid orders (since=2026-09-01T23:21:31.255Z)
2026-09-01T23:23:31.324Z [INFO] POLL: 0 paid orders (since=2026-09-01T23:22:31.320Z)
2026-09-01T23:24:31.373Z [INFO] POLL: 0 paid orders (since=2026-09-01T23:23:31.324Z)
2026-09-01T23:25:31.366Z [INFO] POLL: 0 paid orders (since=2026-09-01T23:24:31.373Z)
2026-09-01T23:26:31.423Z [INFO] POLL: 0 paid orders (since=2026-09-01T23:25:31.366Z)
2026-09-01T23:27:31.447Z [INFO] POLL: 0 paid orders (since=2026-09-01T23:26:31.423Z)
2026-09-01T23:28:31.483Z [INFO] POLL: 0 paid orders (since=2026-09-01T23:27:31.447Z)
2026-09-01T23:29:31.570Z [INFO] POLL: 0 paid orders (since=2026-09-01T23:28:31.483Z)
2026-09-01T23:30:31.533Z [INFO] POLL: 0 paid orders (since=2026-09-01T23:29:31.570Z)
2026-09-01T23:31:31.589Z [INFO] POLL: 0 paid orders (since=2026-09-01T23:30:31.533Z)
2026-09-01T23:32:31.633Z [INFO] POLL: 0 paid orders (since=2026-09-01T23:31:31.589Z)
2026-09-01T23:33:31.659Z [INFO] POLL: 0 paid orders (since=2026-09-01T23:32:31.633Z)
2026-09-01T23:34:31.733Z [INFO] POLL: 0 paid orders (since=2026-09-01T23:33:31.659Z)
2026-09-01T23:35:31.710Z [INFO] POLL: 0 paid orders (since=2026-09-01T23:34:31.733Z)
2026-09-01T23:36:31.774Z [INFO] POLL: 0 paid orders (since=2026-09-01T23:35:31.710Z)
2026-09-01T23:37:31.813Z [INFO] POLL: 0 paid orders (since=2026-09-01T23:36:31.774Z)
2026-09-01T23:38:31.873Z [INFO] POLL: 0 paid orders (since=2026-09-01T23:37:31.814Z)
2026-09-01T23:39:31.950Z [INFO] POLL: 0 paid orders (since=2026-09-01T23:38:31.873Z)
2026-09-01T23:40:31.951Z [INFO] POLL: 0 paid orders (since=2026-09-01T23:39:31.950Z)
2026-09-01T23:41:31.969Z [INFO] POLL: 0 paid orders (since=2026-09-01T23:40:31.951Z)
2026-09-01T23:42:31.999Z [INFO] POLL: 0 paid orders (since=2026-09-01T23:41:31.969Z)
2026-09-01T23:43:32.060Z [INFO] POLL: 0 paid orders (since=2026-09-01T23:42:31.999Z)
2026-09-01T23:44:32.098Z [INFO] POLL: 0 paid orders (since=2026-09-01T23:43:32.060Z)
2026-09-01T23:45:32.099Z [INFO] POLL: 0 paid orders (since=2026-09-01T23:44:32.098Z)
2026-09-01T23:46:32.159Z [INFO] POLL: 0 paid orders (since=2026-09-01T23:45:32.099Z)
2026-09-01T23:47:32.209Z [INFO] POLL: 0 paid orders (since=2026-09-01T23:46:32.160Z)
2026-09-01T23:48:32.248Z [INFO] POLL: 0 paid orders (since=2026-09-01T23:47:32.209Z)
2026-09-01T23:49:32.318Z [INFO] POLL: 0 paid orders (since=2026-09-01T23:48:32.249Z)
2026-09-01T23:50:32.298Z [INFO] POLL: 0 paid orders (since=2026-09-01T23:49:32.318Z)
2026-09-01T23:51:32.372Z [INFO] POLL: 0 paid orders (since=2026-09-01T23:50:32.298Z)
2026-09-01T23:52:32.404Z [INFO] POLL: 0 paid orders (since=2026-09-01T23:51:32.372Z)
2026-09-01T23:53:32.445Z [INFO] POLL: 0 paid orders (since=2026-09-01T23:52:32.404Z)
2026-09-01T23:54:32.505Z [INFO] POLL: 0 paid orders (since=2026-09-01T23:53:32.445Z)
2026-09-01T23:55:32.500Z [INFO] POLL: 0 paid orders (since=2026-09-01T23:54:32.505Z)
2026-09-01T23:56:32.571Z [INFO] POLL: 0 paid orders (since=2026-09-01T23:55:32.500Z)
2026-09-01T23:57:32.611Z [INFO] POLL: 0 paid orders (since=2026-09-01T23:56:32.572Z)
2026-09-01T23:58:32.655Z [INFO] POLL: 0 paid orders (since=2026-09-01T23:57:32.611Z)
2026-09-01T23:59:32.747Z [INFO] POLL: 0 paid orders (since=2026-09-01T23:58:32.656Z)
